[      53ms] [LOG] [PostHog.js] send "$snapshot" {uuid: 019d88cc-cfa9-745b-b47c-0cd9b43f0520, event: $snapshot, properties: Object, timestamp: Tue Apr 14 2026 03:13:37 GMT+0530 (India Standard Time)} @ webpack-internal:///(app-pages-browser)/../../node_modules/.pnpm/posthog-js@1.364.7/node_modules/posthog-js/dist/module.js:22
[     585ms] [LOG] [PostHog.js] send "$pageleave" {uuid: 019d88cc-d1bc-7e02-a221-95a601da6dd0, event: $pageleave, properties: Object, timestamp: Tue Apr 14 2026 03:13:37 GMT+0530 (India Standard Time)} @ webpack-internal:///(app-pages-browser)/../../node_modules/.pnpm/posthog-js@1.364.7/node_modules/posthog-js/dist/module.js:22
[    1064ms] [INFO] %cDownload the React DevTools for a better development experience: https://react.dev/link/react-devtools font-weight:bold @ webpack-internal:///(app-pages-browser)/../../node_modules/.pnpm/next@15.5.14_@opentelemetry+api@1.9.1_react-dom@18.3.1_react@18.2.0__react@18.2.0/node_modules/next/dist/compiled/react-dom/cjs/react-dom-client.development.js:25630
[    1187ms] [LOG] [GTM Event] clear_ecommerce {ecommerce: null} @ webpack-internal:///(app-pages-browser)/./lib/hooks/useGTM.ts:16
[    1187ms] [LOG] [GTM Event] view_item {ecommerce: Object} @ webpack-internal:///(app-pages-browser)/./lib/hooks/useGTM.ts:16
[    1188ms] [LOG] [AuthProvider] Mounting, starting hydration @ webpack-internal:///(app-pages-browser)/./components/providers/AuthProvider.tsx:35
[    1188ms] [LOG] [auth-store] isFreshLogin: false URL: http://localhost:3000/services/gst-registration @ webpack-internal:///(app-pages-browser)/./lib/stores/auth-store.ts:205
[    1188ms] [LOG] [auth-store] refreshSession starting @ webpack-internal:///(app-pages-browser)/./lib/stores/auth-store.ts:209
[    1259ms] [LOG] [auth-store] getSession result: no session @ webpack-internal:///(app-pages-browser)/./lib/stores/auth-store.ts:213
[    1265ms] [LOG] [AuthProvider] Initial hydration complete @ webpack-internal:///(app-pages-browser)/./components/providers/AuthProvider.tsx:40
[    1266ms] [LOG] [AuthProvider] Auth event: INITIAL_SESSION @ webpack-internal:///(app-pages-browser)/./components/providers/AuthProvider.tsx:46
[    1340ms] [LOG] [PostHog.js] set_config {config: Object, oldConfig: Object, newConfig: Object} @ webpack-internal:///(app-pages-browser)/../../node_modules/.pnpm/posthog-js@1.364.7/node_modules/posthog-js/dist/module.js:22
[    1341ms] [LOG] [PostHog.js] Persistence loaded localStorage+cookie {$device_id: 019d5401-510f-7d21-a410-204e78f58700, distinct_id: 019d5401-510f-7d21-a410-204e78f58700, $sesid: Array(3), $initial_person_info: Object, $user_state: anonymous} @ webpack-internal:///(app-pages-browser)/../../node_modules/.pnpm/posthog-js@1.364.7/node_modules/posthog-js/dist/module.js:22
[    1341ms] [LOG] [PostHog.js] Persistence loaded sessionStorage {$sdk_debug_extensions_init_method: synchronous, $sdk_debug_extensions_init_time_ms: 2, $sdk_debug_replay_remote_trigger_matching_config: null, $sdk_debug_replay_event_trigger_status: trigger_disabled, $sdk_debug_replay_url_trigger_status: trigger_disabled} @ webpack-internal:///(app-pages-browser)/../../node_modules/.pnpm/posthog-js@1.364.7/node_modules/posthog-js/dist/module.js:22
[    1342ms] [LOG] [PostHog.js] Initializing extensions synchronously @ webpack-internal:///(app-pages-browser)/../../node_modules/.pnpm/posthog-js@1.364.7/node_modules/posthog-js/dist/module.js:22
[    1342ms] [LOG] [PostHog.js] [Web Vitals] enabled, starting... @ webpack-internal:///(app-pages-browser)/../../node_modules/.pnpm/posthog-js@1.364.7/node_modules/posthog-js/dist/module.js:22
[    1343ms] [LOG] [PostHog.js] [SessionRecording] starting @ webpack-internal:///(app-pages-browser)/../../node_modules/.pnpm/posthog-js@1.364.7/node_modules/posthog-js/dist/module.js:22
[    1343ms] [LOG] [PostHog.js] [Heatmaps] starting... @ webpack-internal:///(app-pages-browser)/../../node_modules/.pnpm/posthog-js@1.364.7/node_modules/posthog-js/dist/module.js:22
[    1343ms] [LOG] [PostHog.js] Starting in debug mode {this: _n, config: Object, thisC: Object, p: Object, s: Object} @ webpack-internal:///(app-pages-browser)/../../node_modules/.pnpm/posthog-js@1.364.7/node_modules/posthog-js/dist/module.js:22
[    1343ms] [LOG] You're now in debug mode. All calls to PostHog will be logged in your console.
You can disable this with `posthog.debug(false)`. @ webpack-internal:///(app-pages-browser)/../../node_modules/.pnpm/posthog-js@1.364.7/node_modules/posthog-js/dist/module.js:22
[    1343ms] [LOG] [PostHog.js] Persistence loaded sessionStorage {$sdk_debug_extensions_init_method: synchronous, $sdk_debug_extensions_init_time_ms: 1, $sdk_debug_replay_remote_trigger_matching_config: null, $sdk_debug_replay_event_trigger_status: trigger_disabled, $sdk_debug_replay_url_trigger_status: trigger_disabled} @ webpack-internal:///(app-pages-browser)/../../node_modules/.pnpm/posthog-js@1.364.7/node_modules/posthog-js/dist/module.js:22
[    1344ms] [LOG] [PostHog.js] set_config {config: Object, oldConfig: Object, newConfig: Object} @ webpack-internal:///(app-pages-browser)/../../node_modules/.pnpm/posthog-js@1.364.7/node_modules/posthog-js/dist/module.js:22
[    1344ms] [LOG] [PostHog.js] [SessionRecording] starting @ webpack-internal:///(app-pages-browser)/../../node_modules/.pnpm/posthog-js@1.364.7/node_modules/posthog-js/dist/module.js:22
[    1369ms] [LOG] [PostHog.js] [Dead Clicks] starting... @ webpack-internal:///(app-pages-browser)/../../node_modules/.pnpm/posthog-js@1.364.7/node_modules/posthog-js/dist/module.js:22
[    1908ms] [LOG] [PostHog.js] Persistence loaded sessionStorage {$sdk_debug_extensions_init_method: synchronous, $sdk_debug_extensions_init_time_ms: 1, $sdk_debug_replay_remote_trigger_matching_config: null, $sdk_debug_replay_event_trigger_status: trigger_disabled, $sdk_debug_replay_url_trigger_status: trigger_disabled} @ webpack-internal:///(app-pages-browser)/../../node_modules/.pnpm/posthog-js@1.364.7/node_modules/posthog-js/dist/module.js:22
[    1908ms] [LOG] [PostHog.js] set_config {config: Object, oldConfig: Object, newConfig: Object} @ webpack-internal:///(app-pages-browser)/../../node_modules/.pnpm/posthog-js@1.364.7/node_modules/posthog-js/dist/module.js:22
[    1908ms] [LOG] [PostHog.js] [Surveys] flags response received, isSurveysEnabled: false @ webpack-internal:///(app-pages-browser)/../../node_modules/.pnpm/posthog-js@1.364.7/node_modules/posthog-js/dist/module.js:22
[    1909ms] [LOG] [PostHog.js] [Web Vitals] enabled, starting... @ webpack-internal:///(app-pages-browser)/../../node_modules/.pnpm/posthog-js@1.364.7/node_modules/posthog-js/dist/module.js:22
[    2831ms] [LOG] [PostHog.js] [Surveys] Surveys loaded successfully @ webpack-internal:///(app-pages-browser)/../../node_modules/.pnpm/posthog-js@1.364.7/node_modules/posthog-js/dist/module.js:22
[    7299ms] [LOG] [PostHog.js] send "$web_vitals" {uuid: 019d88cc-ebf6-74e9-8515-3591931caf02, event: $web_vitals, properties: Object, timestamp: Tue Apr 14 2026 03:13:44 GMT+0530 (India Standard Time)} @ webpack-internal:///(app-pages-browser)/../../node_modules/.pnpm/posthog-js@1.364.7/node_modules/posthog-js/dist/module.js:22
[   13026ms] [LOG] [PostHog.js] send "$snapshot" {uuid: 019d88cd-0255-73f0-a795-6f4ddb0ab566, event: $snapshot, properties: Object, timestamp: Tue Apr 14 2026 03:13:50 GMT+0530 (India Standard Time)} @ webpack-internal:///(app-pages-browser)/../../node_modules/.pnpm/posthog-js@1.364.7/node_modules/posthog-js/dist/module.js:22
[   29487ms] [LOG] [PostHog.js] send "$snapshot" {uuid: 019d88cd-42a3-747f-82f3-55e8341f8a3f, event: $snapshot, properties: Object, timestamp: Tue Apr 14 2026 03:14:06 GMT+0530 (India Standard Time)} @ webpack-internal:///(app-pages-browser)/../../node_modules/.pnpm/posthog-js@1.364.7/node_modules/posthog-js/dist/module.js:22
[   44254ms] [LOG] [PostHog.js] send "$snapshot" {uuid: 019d88cd-7c51-7225-b83c-399751d9e3fa, event: $snapshot, properties: Object, timestamp: Tue Apr 14 2026 03:14:21 GMT+0530 (India Standard Time)} @ webpack-internal:///(app-pages-browser)/../../node_modules/.pnpm/posthog-js@1.364.7/node_modules/posthog-js/dist/module.js:22
[   76081ms] [LOG] [PostHog.js] send "$snapshot" {uuid: 019d88cd-f8a5-7e5b-9820-d94247b17c37, event: $snapshot, properties: Object, timestamp: Tue Apr 14 2026 03:14:53 GMT+0530 (India Standard Time)} @ webpack-internal:///(app-pages-browser)/../../node_modules/.pnpm/posthog-js@1.364.7/node_modules/posthog-js/dist/module.js:22
[   76346ms] [LOG] [PostHog.js] send "$$heatmap" {uuid: 019d88cd-f9ad-7eae-8330-fa6e0dbd9fbf, event: $$heatmap, properties: Object, timestamp: Tue Apr 14 2026 03:14:53 GMT+0530 (India Standard Time)} @ webpack-internal:///(app-pages-browser)/../../node_modules/.pnpm/posthog-js@1.364.7/node_modules/posthog-js/dist/module.js:22
[   78706ms] [LOG] [PostHog.js] send "$pageleave" {uuid: 019d88ce-02e5-740b-95e7-701420027387, event: $pageleave, properties: Object, timestamp: Tue Apr 14 2026 03:14:55 GMT+0530 (India Standard Time)} @ webpack-internal:///(app-pages-browser)/../../node_modules/.pnpm/posthog-js@1.364.7/node_modules/posthog-js/dist/module.js:22
[   78941ms] [INFO] %cDownload the React DevTools for a better development experience: https://react.dev/link/react-devtools font-weight:bold @ webpack-internal:///(app-pages-browser)/../../node_modules/.pnpm/next@15.5.14_@opentelemetry+api@1.9.1_react-dom@18.3.1_react@18.2.0__react@18.2.0/node_modules/next/dist/compiled/react-dom/cjs/react-dom-client.development.js:25630
[   79060ms] [LOG] [AuthProvider] Mounting, starting hydration @ webpack-internal:///(app-pages-browser)/./components/providers/AuthProvider.tsx:35
[   79060ms] [LOG] [auth-store] isFreshLogin: false URL: http://localhost:3000/ @ webpack-internal:///(app-pages-browser)/./lib/stores/auth-store.ts:205
[   79060ms] [LOG] [auth-store] refreshSession starting @ webpack-internal:///(app-pages-browser)/./lib/stores/auth-store.ts:209
[   79098ms] [LOG] [auth-store] getSession result: no session @ webpack-internal:///(app-pages-browser)/./lib/stores/auth-store.ts:213
[   79105ms] [LOG] [AuthProvider] Initial hydration complete @ webpack-internal:///(app-pages-browser)/./components/providers/AuthProvider.tsx:40
[   79106ms] [LOG] [AuthProvider] Auth event: INITIAL_SESSION @ webpack-internal:///(app-pages-browser)/./components/providers/AuthProvider.tsx:46
[   79166ms] [LOG] [PostHog.js] set_config {config: Object, oldConfig: Object, newConfig: Object} @ webpack-internal:///(app-pages-browser)/../../node_modules/.pnpm/posthog-js@1.364.7/node_modules/posthog-js/dist/module.js:22
[   79166ms] [LOG] [PostHog.js] Persistence loaded localStorage+cookie {$device_id: 019d5401-510f-7d21-a410-204e78f58700, distinct_id: 019d5401-510f-7d21-a410-204e78f58700, $sesid: Array(3), $initial_person_info: Object, $user_state: anonymous} @ webpack-internal:///(app-pages-browser)/../../node_modules/.pnpm/posthog-js@1.364.7/node_modules/posthog-js/dist/module.js:22
[   79167ms] [LOG] [PostHog.js] Persistence loaded sessionStorage {$sdk_debug_extensions_init_method: synchronous, $sdk_debug_extensions_init_time_ms: 1, $sdk_debug_replay_remote_trigger_matching_config: null, $sdk_debug_replay_event_trigger_status: trigger_disabled, $sdk_debug_replay_url_trigger_status: trigger_disabled} @ webpack-internal:///(app-pages-browser)/../../node_modules/.pnpm/posthog-js@1.364.7/node_modules/posthog-js/dist/module.js:22
[   79167ms] [LOG] [PostHog.js] Initializing extensions synchronously @ webpack-internal:///(app-pages-browser)/../../node_modules/.pnpm/posthog-js@1.364.7/node_modules/posthog-js/dist/module.js:22
[   79167ms] [LOG] [PostHog.js] [Web Vitals] enabled, starting... @ webpack-internal:///(app-pages-browser)/../../node_modules/.pnpm/posthog-js@1.364.7/node_modules/posthog-js/dist/module.js:22
[   79167ms] [LOG] [PostHog.js] [SessionRecording] starting @ webpack-internal:///(app-pages-browser)/../../node_modules/.pnpm/posthog-js@1.364.7/node_modules/posthog-js/dist/module.js:22
[   79167ms] [LOG] [PostHog.js] [Heatmaps] starting... @ webpack-internal:///(app-pages-browser)/../../node_modules/.pnpm/posthog-js@1.364.7/node_modules/posthog-js/dist/module.js:22
[   79168ms] [LOG] [PostHog.js] Starting in debug mode {this: _n, config: Object, thisC: Object, p: Object, s: Object} @ webpack-internal:///(app-pages-browser)/../../node_modules/.pnpm/posthog-js@1.364.7/node_modules/posthog-js/dist/module.js:22
[   79168ms] [LOG] You're now in debug mode. All calls to PostHog will be logged in your console.
You can disable this with `posthog.debug(false)`. @ webpack-internal:///(app-pages-browser)/../../node_modules/.pnpm/posthog-js@1.364.7/node_modules/posthog-js/dist/module.js:22
[   79168ms] [LOG] [PostHog.js] Persistence loaded sessionStorage {$sdk_debug_extensions_init_method: synchronous, $sdk_debug_extensions_init_time_ms: 1, $sdk_debug_replay_remote_trigger_matching_config: null, $sdk_debug_replay_event_trigger_status: trigger_disabled, $sdk_debug_replay_url_trigger_status: trigger_disabled} @ webpack-internal:///(app-pages-browser)/../../node_modules/.pnpm/posthog-js@1.364.7/node_modules/posthog-js/dist/module.js:22
[   79168ms] [LOG] [PostHog.js] set_config {config: Object, oldConfig: Object, newConfig: Object} @ webpack-internal:///(app-pages-browser)/../../node_modules/.pnpm/posthog-js@1.364.7/node_modules/posthog-js/dist/module.js:22
[   79168ms] [LOG] [PostHog.js] [SessionRecording] starting @ webpack-internal:///(app-pages-browser)/../../node_modules/.pnpm/posthog-js@1.364.7/node_modules/posthog-js/dist/module.js:22
[   79196ms] [LOG] [PostHog.js] [Dead Clicks] starting... @ webpack-internal:///(app-pages-browser)/../../node_modules/.pnpm/posthog-js@1.364.7/node_modules/posthog-js/dist/module.js:22
[   79197ms] [LOG] [PostHog.js] Persistence loaded sessionStorage {$sdk_debug_extensions_init_method: synchronous, $sdk_debug_extensions_init_time_ms: 1, $sdk_debug_replay_remote_trigger_matching_config: null, $sdk_debug_replay_event_trigger_status: trigger_disabled, $sdk_debug_replay_url_trigger_status: trigger_disabled} @ webpack-internal:///(app-pages-browser)/../../node_modules/.pnpm/posthog-js@1.364.7/node_modules/posthog-js/dist/module.js:22
[   79197ms] [LOG] [PostHog.js] set_config {config: Object, oldConfig: Object, newConfig: Object} @ webpack-internal:///(app-pages-browser)/../../node_modules/.pnpm/posthog-js@1.364.7/node_modules/posthog-js/dist/module.js:22
[   79197ms] [LOG] [PostHog.js] [Surveys] flags response received, isSurveysEnabled: false @ webpack-internal:///(app-pages-browser)/../../node_modules/.pnpm/posthog-js@1.364.7/node_modules/posthog-js/dist/module.js:22
[   79205ms] [LOG] [PostHog.js] [Surveys] Surveys loaded successfully @ webpack-internal:///(app-pages-browser)/../../node_modules/.pnpm/posthog-js@1.364.7/node_modules/posthog-js/dist/module.js:22
[   81198ms] [LOG] [PostHog.js] send "$snapshot" {uuid: 019d88ce-0ca1-7151-afa2-916196ee8ea3, event: $snapshot, properties: Object, timestamp: Tue Apr 14 2026 03:14:58 GMT+0530 (India Standard Time)} @ webpack-internal:///(app-pages-browser)/../../node_modules/.pnpm/posthog-js@1.364.7/node_modules/posthog-js/dist/module.js:22
[   83588ms] [LOG] [PostHog.js] send "$snapshot" {uuid: 019d88ce-15f7-751f-96b0-98b5f647fefd, event: $snapshot, properties: Object, timestamp: Tue Apr 14 2026 03:15:00 GMT+0530 (India Standard Time)} @ webpack-internal:///(app-pages-browser)/../../node_modules/.pnpm/posthog-js@1.364.7/node_modules/posthog-js/dist/module.js:22
[   84169ms] [LOG] [PostHog.js] send "$$heatmap" {uuid: 019d88ce-183c-7de2-9897-a713fedf43ca, event: $$heatmap, properties: Object, timestamp: Tue Apr 14 2026 03:15:01 GMT+0530 (India Standard Time)} @ webpack-internal:///(app-pages-browser)/../../node_modules/.pnpm/posthog-js@1.364.7/node_modules/posthog-js/dist/module.js:22
[   84170ms] [LOG] [PostHog.js] send "$web_vitals" {uuid: 019d88ce-183d-77c2-bc34-be9b6ba4ca58, event: $web_vitals, properties: Object, timestamp: Tue Apr 14 2026 03:15:01 GMT+0530 (India Standard Time)} @ webpack-internal:///(app-pages-browser)/../../node_modules/.pnpm/posthog-js@1.364.7/node_modules/posthog-js/dist/module.js:22
[   85923ms] [LOG] [PostHog.js] send "$snapshot" {uuid: 019d88ce-1f16-776f-8c5f-bcb6e1d0cf52, event: $snapshot, properties: Object, timestamp: Tue Apr 14 2026 03:15:02 GMT+0530 (India Standard Time)} @ webpack-internal:///(app-pages-browser)/../../node_modules/.pnpm/posthog-js@1.364.7/node_modules/posthog-js/dist/module.js:22
[   88404ms] [LOG] [PostHog.js] send "$snapshot" {uuid: 019d88ce-28c8-7831-b037-c9aef733ee50, event: $snapshot, properties: Object, timestamp: Tue Apr 14 2026 03:15:05 GMT+0530 (India Standard Time)} @ webpack-internal:///(app-pages-browser)/../../node_modules/.pnpm/posthog-js@1.364.7/node_modules/posthog-js/dist/module.js:22
[   89171ms] [LOG] [PostHog.js] send "$$heatmap" {uuid: 019d88ce-2bc5-7e61-bebc-9537e325f0d5, event: $$heatmap, properties: Object, timestamp: Tue Apr 14 2026 03:15:06 GMT+0530 (India Standard Time)} @ webpack-internal:///(app-pages-browser)/../../node_modules/.pnpm/posthog-js@1.364.7/node_modules/posthog-js/dist/module.js:22
[   90443ms] [LOG] [PostHog.js] send "$snapshot" {uuid: 019d88ce-30be-7a61-8b29-1326ae133501, event: $snapshot, properties: Object, timestamp: Tue Apr 14 2026 03:15:07 GMT+0530 (India Standard Time)} @ webpack-internal:///(app-pages-browser)/../../node_modules/.pnpm/posthog-js@1.364.7/node_modules/posthog-js/dist/module.js:22
[   90519ms] [LOG] [PostHog.js] send "$$heatmap" {uuid: 019d88ce-310a-725d-88a3-b996fe81284f, event: $$heatmap, properties: Object, timestamp: Tue Apr 14 2026 03:15:07 GMT+0530 (India Standard Time)} @ webpack-internal:///(app-pages-browser)/../../node_modules/.pnpm/posthog-js@1.364.7/node_modules/posthog-js/dist/module.js:22
[   90631ms] [LOG] [PostHog.js] send "$pageleave" {uuid: 019d88ce-317a-73f5-b35e-04a67cb0805e, event: $pageleave, properties: Object, timestamp: Tue Apr 14 2026 03:15:07 GMT+0530 (India Standard Time)} @ webpack-internal:///(app-pages-browser)/../../node_modules/.pnpm/posthog-js@1.364.7/node_modules/posthog-js/dist/module.js:22
[   90858ms] [INFO] %cDownload the React DevTools for a better development experience: https://react.dev/link/react-devtools font-weight:bold @ webpack-internal:///(app-pages-browser)/../../node_modules/.pnpm/next@15.5.14_@opentelemetry+api@1.9.1_react-dom@18.3.1_react@18.2.0__react@18.2.0/node_modules/next/dist/compiled/react-dom/cjs/react-dom-client.development.js:25630
[   90946ms] [LOG] [AuthProvider] Mounting, starting hydration @ webpack-internal:///(app-pages-browser)/./components/providers/AuthProvider.tsx:35
[   90946ms] [LOG] [auth-store] isFreshLogin: false URL: http://localhost:3000/ @ webpack-internal:///(app-pages-browser)/./lib/stores/auth-store.ts:205
[   90946ms] [LOG] [auth-store] refreshSession starting @ webpack-internal:///(app-pages-browser)/./lib/stores/auth-store.ts:209
[   90998ms] [LOG] [auth-store] getSession result: no session @ webpack-internal:///(app-pages-browser)/./lib/stores/auth-store.ts:213
[   91008ms] [LOG] [AuthProvider] Initial hydration complete @ webpack-internal:///(app-pages-browser)/./components/providers/AuthProvider.tsx:40
[   91009ms] [LOG] [AuthProvider] Auth event: INITIAL_SESSION @ webpack-internal:///(app-pages-browser)/./components/providers/AuthProvider.tsx:46
[   91009ms] [LOG] [PostHog.js] set_config {config: Object, oldConfig: Object, newConfig: Object} @ webpack-internal:///(app-pages-browser)/../../node_modules/.pnpm/posthog-js@1.364.7/node_modules/posthog-js/dist/module.js:22
[   91010ms] [LOG] [PostHog.js] Persistence loaded localStorage+cookie {$device_id: 019d5401-510f-7d21-a410-204e78f58700, distinct_id: 019d5401-510f-7d21-a410-204e78f58700, $sesid: Array(3), $initial_person_info: Object, $user_state: anonymous} @ webpack-internal:///(app-pages-browser)/../../node_modules/.pnpm/posthog-js@1.364.7/node_modules/posthog-js/dist/module.js:22
[   91010ms] [LOG] [PostHog.js] Persistence loaded sessionStorage {$sdk_debug_extensions_init_method: synchronous, $sdk_debug_extensions_init_time_ms: 1, $sdk_debug_replay_remote_trigger_matching_config: null, $sdk_debug_replay_event_trigger_status: trigger_disabled, $sdk_debug_replay_url_trigger_status: trigger_disabled} @ webpack-internal:///(app-pages-browser)/../../node_modules/.pnpm/posthog-js@1.364.7/node_modules/posthog-js/dist/module.js:22
[   91010ms] [LOG] [PostHog.js] Initializing extensions synchronously @ webpack-internal:///(app-pages-browser)/../../node_modules/.pnpm/posthog-js@1.364.7/node_modules/posthog-js/dist/module.js:22
[   91010ms] [LOG] [PostHog.js] [Web Vitals] enabled, starting... @ webpack-internal:///(app-pages-browser)/../../node_modules/.pnpm/posthog-js@1.364.7/node_modules/posthog-js/dist/module.js:22
[   91011ms] [LOG] [PostHog.js] [SessionRecording] starting @ webpack-internal:///(app-pages-browser)/../../node_modules/.pnpm/posthog-js@1.364.7/node_modules/posthog-js/dist/module.js:22
[   91011ms] [LOG] [PostHog.js] [Heatmaps] starting... @ webpack-internal:///(app-pages-browser)/../../node_modules/.pnpm/posthog-js@1.364.7/node_modules/posthog-js/dist/module.js:22
[   91011ms] [LOG] [PostHog.js] Starting in debug mode {this: _n, config: Object, thisC: Object, p: Object, s: Object} @ webpack-internal:///(app-pages-browser)/../../node_modules/.pnpm/posthog-js@1.364.7/node_modules/posthog-js/dist/module.js:22
[   91011ms] [LOG] You're now in debug mode. All calls to PostHog will be logged in your console.
You can disable this with `posthog.debug(false)`. @ webpack-internal:///(app-pages-browser)/../../node_modules/.pnpm/posthog-js@1.364.7/node_modules/posthog-js/dist/module.js:22
[   91011ms] [LOG] [PostHog.js] Persistence loaded sessionStorage {$sdk_debug_extensions_init_method: synchronous, $sdk_debug_extensions_init_time_ms: 1, $sdk_debug_replay_remote_trigger_matching_config: null, $sdk_debug_replay_event_trigger_status: trigger_disabled, $sdk_debug_replay_url_trigger_status: trigger_disabled} @ webpack-internal:///(app-pages-browser)/../../node_modules/.pnpm/posthog-js@1.364.7/node_modules/posthog-js/dist/module.js:22
[   91011ms] [LOG] [PostHog.js] set_config {config: Object, oldConfig: Object, newConfig: Object} @ webpack-internal:///(app-pages-browser)/../../node_modules/.pnpm/posthog-js@1.364.7/node_modules/posthog-js/dist/module.js:22
[   91011ms] [LOG] [PostHog.js] [SessionRecording] starting @ webpack-internal:///(app-pages-browser)/../../node_modules/.pnpm/posthog-js@1.364.7/node_modules/posthog-js/dist/module.js:22
[   91038ms] [LOG] [PostHog.js] [Dead Clicks] starting... @ webpack-internal:///(app-pages-browser)/../../node_modules/.pnpm/posthog-js@1.364.7/node_modules/posthog-js/dist/module.js:22
[   91038ms] [LOG] [PostHog.js] Persistence loaded sessionStorage {$sdk_debug_extensions_init_method: synchronous, $sdk_debug_extensions_init_time_ms: 1, $sdk_debug_replay_remote_trigger_matching_config: null, $sdk_debug_replay_event_trigger_status: trigger_disabled, $sdk_debug_replay_url_trigger_status: trigger_disabled} @ webpack-internal:///(app-pages-browser)/../../node_modules/.pnpm/posthog-js@1.364.7/node_modules/posthog-js/dist/module.js:22
[   91038ms] [LOG] [PostHog.js] set_config {config: Object, oldConfig: Object, newConfig: Object} @ webpack-internal:///(app-pages-browser)/../../node_modules/.pnpm/posthog-js@1.364.7/node_modules/posthog-js/dist/module.js:22
[   91038ms] [LOG] [PostHog.js] [Surveys] flags response received, isSurveysEnabled: false @ webpack-internal:///(app-pages-browser)/../../node_modules/.pnpm/posthog-js@1.364.7/node_modules/posthog-js/dist/module.js:22
[   91040ms] [LOG] [PostHog.js] [Surveys] Surveys loaded successfully @ webpack-internal:///(app-pages-browser)/../../node_modules/.pnpm/posthog-js@1.364.7/node_modules/posthog-js/dist/module.js:22
[   93160ms] [LOG] [PostHog.js] send "$snapshot" {uuid: 019d88ce-3b5c-70a8-9216-2185937f40aa, event: $snapshot, properties: Object, timestamp: Tue Apr 14 2026 03:15:10 GMT+0530 (India Standard Time)} @ webpack-internal:///(app-pages-browser)/../../node_modules/.pnpm/posthog-js@1.364.7/node_modules/posthog-js/dist/module.js:22
[   95346ms] [LOG] [PostHog.js] send "$snapshot" {uuid: 019d88ce-43e5-7ca3-9bdd-e18fdd1804e6, event: $snapshot, properties: Object, timestamp: Tue Apr 14 2026 03:15:12 GMT+0530 (India Standard Time)} @ webpack-internal:///(app-pages-browser)/../../node_modules/.pnpm/posthog-js@1.364.7/node_modules/posthog-js/dist/module.js:22
[   96014ms] [LOG] [PostHog.js] send "$$heatmap" {uuid: 019d88ce-4681-722a-b2fe-f7ac7c2219ba, event: $$heatmap, properties: Object, timestamp: Tue Apr 14 2026 03:15:13 GMT+0530 (India Standard Time)} @ webpack-internal:///(app-pages-browser)/../../node_modules/.pnpm/posthog-js@1.364.7/node_modules/posthog-js/dist/module.js:22
[   96041ms] [LOG] [PostHog.js] send "$web_vitals" {uuid: 019d88ce-469d-75b9-8080-6e40fdacfd6a, event: $web_vitals, properties: Object, timestamp: Tue Apr 14 2026 03:15:13 GMT+0530 (India Standard Time)} @ webpack-internal:///(app-pages-browser)/../../node_modules/.pnpm/posthog-js@1.364.7/node_modules/posthog-js/dist/module.js:22
[  117558ms] [LOG] [PostHog.js] send "$pageleave" {uuid: 019d88ce-9aa9-7493-856b-13e3d972ab6a, event: $pageleave, properties: Object, timestamp: Tue Apr 14 2026 03:15:34 GMT+0530 (India Standard Time)} @ webpack-internal:///(app-pages-browser)/../../node_modules/.pnpm/posthog-js@1.364.7/node_modules/posthog-js/dist/module.js:22
[  118006ms] [INFO] %cDownload the React DevTools for a better development experience: https://react.dev/link/react-devtools font-weight:bold @ webpack-internal:///(app-pages-browser)/../../node_modules/.pnpm/next@15.5.14_@opentelemetry+api@1.9.1_react-dom@18.3.1_react@18.2.0__react@18.2.0/node_modules/next/dist/compiled/react-dom/cjs/react-dom-client.development.js:25630
[  118113ms] [LOG] [GTM Event] clear_ecommerce {ecommerce: null} @ webpack-internal:///(app-pages-browser)/./lib/hooks/useGTM.ts:16
[  118113ms] [LOG] [GTM Event] view_item {ecommerce: Object} @ webpack-internal:///(app-pages-browser)/./lib/hooks/useGTM.ts:16
[  118114ms] [LOG] [AuthProvider] Mounting, starting hydration @ webpack-internal:///(app-pages-browser)/./components/providers/AuthProvider.tsx:35
[  118114ms] [LOG] [auth-store] isFreshLogin: false URL: http://localhost:3000/services/gst-registration @ webpack-internal:///(app-pages-browser)/./lib/stores/auth-store.ts:205
[  118114ms] [LOG] [auth-store] refreshSession starting @ webpack-internal:///(app-pages-browser)/./lib/stores/auth-store.ts:209
[  118178ms] [LOG] [auth-store] getSession result: no session @ webpack-internal:///(app-pages-browser)/./lib/stores/auth-store.ts:213
[  118184ms] [LOG] [AuthProvider] Initial hydration complete @ webpack-internal:///(app-pages-browser)/./components/providers/AuthProvider.tsx:40
[  118186ms] [LOG] [AuthProvider] Auth event: INITIAL_SESSION @ webpack-internal:///(app-pages-browser)/./components/providers/AuthProvider.tsx:46
[  118742ms] [LOG] [PostHog.js] set_config {config: Object, oldConfig: Object, newConfig: Object} @ webpack-internal:///(app-pages-browser)/../../node_modules/.pnpm/posthog-js@1.364.7/node_modules/posthog-js/dist/module.js:22
[  118742ms] [LOG] [PostHog.js] Persistence loaded localStorage+cookie {$device_id: 019d5401-510f-7d21-a410-204e78f58700, distinct_id: 019d5401-510f-7d21-a410-204e78f58700, $sesid: Array(3), $initial_person_info: Object, $user_state: anonymous} @ webpack-internal:///(app-pages-browser)/../../node_modules/.pnpm/posthog-js@1.364.7/node_modules/posthog-js/dist/module.js:22
[  118743ms] [LOG] [PostHog.js] Persistence loaded sessionStorage {$sdk_debug_extensions_init_method: synchronous, $sdk_debug_extensions_init_time_ms: 1, $sdk_debug_replay_remote_trigger_matching_config: null, $sdk_debug_replay_event_trigger_status: trigger_disabled, $sdk_debug_replay_url_trigger_status: trigger_disabled} @ webpack-internal:///(app-pages-browser)/../../node_modules/.pnpm/posthog-js@1.364.7/node_modules/posthog-js/dist/module.js:22
[  118743ms] [LOG] [PostHog.js] Initializing extensions synchronously @ webpack-internal:///(app-pages-browser)/../../node_modules/.pnpm/posthog-js@1.364.7/node_modules/posthog-js/dist/module.js:22
[  118744ms] [LOG] [PostHog.js] [Web Vitals] enabled, starting... @ webpack-internal:///(app-pages-browser)/../../node_modules/.pnpm/posthog-js@1.364.7/node_modules/posthog-js/dist/module.js:22
[  118744ms] [LOG] [PostHog.js] [SessionRecording] starting @ webpack-internal:///(app-pages-browser)/../../node_modules/.pnpm/posthog-js@1.364.7/node_modules/posthog-js/dist/module.js:22
[  118744ms] [LOG] [PostHog.js] [Heatmaps] starting... @ webpack-internal:///(app-pages-browser)/../../node_modules/.pnpm/posthog-js@1.364.7/node_modules/posthog-js/dist/module.js:22
[  118744ms] [LOG] [PostHog.js] Starting in debug mode {this: _n, config: Object, thisC: Object, p: Object, s: Object} @ webpack-internal:///(app-pages-browser)/../../node_modules/.pnpm/posthog-js@1.364.7/node_modules/posthog-js/dist/module.js:22
[  118744ms] [LOG] You're now in debug mode. All calls to PostHog will be logged in your console.
You can disable this with `posthog.debug(false)`. @ webpack-internal:///(app-pages-browser)/../../node_modules/.pnpm/posthog-js@1.364.7/node_modules/posthog-js/dist/module.js:22
[  118744ms] [LOG] [PostHog.js] Persistence loaded sessionStorage {$sdk_debug_extensions_init_method: synchronous, $sdk_debug_extensions_init_time_ms: 1, $sdk_debug_replay_remote_trigger_matching_config: null, $sdk_debug_replay_event_trigger_status: trigger_disabled, $sdk_debug_replay_url_trigger_status: trigger_disabled} @ webpack-internal:///(app-pages-browser)/../../node_modules/.pnpm/posthog-js@1.364.7/node_modules/posthog-js/dist/module.js:22
[  118745ms] [LOG] [PostHog.js] set_config {config: Object, oldConfig: Object, newConfig: Object} @ webpack-internal:///(app-pages-browser)/../../node_modules/.pnpm/posthog-js@1.364.7/node_modules/posthog-js/dist/module.js:22
[  118745ms] [LOG] [PostHog.js] [SessionRecording] starting @ webpack-internal:///(app-pages-browser)/../../node_modules/.pnpm/posthog-js@1.364.7/node_modules/posthog-js/dist/module.js:22
[  118770ms] [LOG] [PostHog.js] [Dead Clicks] starting... @ webpack-internal:///(app-pages-browser)/../../node_modules/.pnpm/posthog-js@1.364.7/node_modules/posthog-js/dist/module.js:22
[  118770ms] [LOG] [PostHog.js] Persistence loaded sessionStorage {$sdk_debug_extensions_init_method: synchronous, $sdk_debug_extensions_init_time_ms: 1, $sdk_debug_replay_remote_trigger_matching_config: null, $sdk_debug_replay_event_trigger_status: trigger_disabled, $sdk_debug_replay_url_trigger_status: trigger_disabled} @ webpack-internal:///(app-pages-browser)/../../node_modules/.pnpm/posthog-js@1.364.7/node_modules/posthog-js/dist/module.js:22
[  118771ms] [LOG] [PostHog.js] set_config {config: Object, oldConfig: Object, newConfig: Object} @ webpack-internal:///(app-pages-browser)/../../node_modules/.pnpm/posthog-js@1.364.7/node_modules/posthog-js/dist/module.js:22
[  118771ms] [LOG] [PostHog.js] [Surveys] flags response received, isSurveysEnabled: false @ webpack-internal:///(app-pages-browser)/../../node_modules/.pnpm/posthog-js@1.364.7/node_modules/posthog-js/dist/module.js:22
[  118772ms] [LOG] [PostHog.js] [Surveys] Surveys loaded successfully @ webpack-internal:///(app-pages-browser)/../../node_modules/.pnpm/posthog-js@1.364.7/node_modules/posthog-js/dist/module.js:22
[  123747ms] [LOG] [PostHog.js] send "$web_vitals" {uuid: 019d88ce-b2d6-7eaf-a6ab-475296d6331a, event: $web_vitals, properties: Object, timestamp: Tue Apr 14 2026 03:15:40 GMT+0530 (India Standard Time)} @ webpack-internal:///(app-pages-browser)/../../node_modules/.pnpm/posthog-js@1.364.7/node_modules/posthog-js/dist/module.js:22
[  130154ms] [LOG] [PostHog.js] send "$snapshot" {uuid: 019d88ce-cbdd-7a25-b057-ccfef2e0b974, event: $snapshot, properties: Object, timestamp: Tue Apr 14 2026 03:15:47 GMT+0530 (India Standard Time)} @ webpack-internal:///(app-pages-browser)/../../node_modules/.pnpm/posthog-js@1.364.7/node_modules/posthog-js/dist/module.js:22
[  420760ms] [LOG] [PostHog.js] send "$snapshot" {uuid: 019d88d3-3b0c-71a5-9993-5d229f7c786c, event: $snapshot, properties: Object, timestamp: Tue Apr 14 2026 03:20:37 GMT+0530 (India Standard Time)} @ webpack-internal:///(app-pages-browser)/../../node_modules/.pnpm/posthog-js@1.364.7/node_modules/posthog-js/dist/module.js:22
[  718782ms] [LOG] [PostHog.js] send "$snapshot" {uuid: 019d88d7-c731-7ae8-bf59-369b262ecc1d, event: $snapshot, properties: Object, timestamp: Tue Apr 14 2026 03:25:35 GMT+0530 (India Standard Time)} @ webpack-internal:///(app-pages-browser)/../../node_modules/.pnpm/posthog-js@1.364.7/node_modules/posthog-js/dist/module.js:22
[  721782ms] [ERROR] [PostHog.js] AbortError: The user aborted a request. @ webpack-internal:///(app-pages-browser)/../../node_modules/.pnpm/next@15.5.14_@opentelemetry+api@1.9.1_react-dom@18.3.1_react@18.2.0__react@18.2.0/node_modules/next/dist/next-devtools/userspace/app/errors/intercept-console-error.js:56
[  721783ms] [WARNING] [PostHog.js] [FeatureFlags] Using an older version of the feature flags endpoint. Please upgrade your PostHog server to the latest version @ webpack-internal:///(app-pages-browser)/../../node_modules/.pnpm/posthog-js@1.364.7/node_modules/posthog-js/dist/module.js:22
[ 1830782ms] [LOG] [PostHog.js] send "$snapshot" {uuid: 019d88e8-bef2-727c-96ad-08e03d02cbfd, event: $snapshot, properties: Object, timestamp: Tue Apr 14 2026 03:44:07 GMT+0530 (India Standard Time)} @ webpack-internal:///(app-pages-browser)/../../node_modules/.pnpm/posthog-js@1.364.7/node_modules/posthog-js/dist/module.js:22
[ 1832945ms] [LOG] [PostHog.js] send "$snapshot" {uuid: 019d88e8-c764-7417-91ae-5e3582d9536d, event: $snapshot, properties: Object, timestamp: Tue Apr 14 2026 03:44:10 GMT+0530 (India Standard Time)} @ webpack-internal:///(app-pages-browser)/../../node_modules/.pnpm/posthog-js@1.364.7/node_modules/posthog-js/dist/module.js:22
[ 1833605ms] [LOG] [PostHog.js] send "$$heatmap" {uuid: 019d88e8-c9f8-7af0-bfdc-4087094b7793, event: $$heatmap, properties: Object, timestamp: Tue Apr 14 2026 03:44:10 GMT+0530 (India Standard Time)} @ webpack-internal:///(app-pages-browser)/../../node_modules/.pnpm/posthog-js@1.364.7/node_modules/posthog-js/dist/module.js:22
[ 1833605ms] [LOG] [PostHog.js] send "$snapshot" {uuid: 019d88e8-c9f9-7e20-bd14-c6a1d44400bf, event: $snapshot, properties: Object, timestamp: Tue Apr 14 2026 03:44:10 GMT+0530 (India Standard Time)} @ webpack-internal:///(app-pages-browser)/../../node_modules/.pnpm/posthog-js@1.364.7/node_modules/posthog-js/dist/module.js:22
[ 1833716ms] [LOG] [PostHog.js] send "$pageleave" {uuid: 019d88e8-ca68-7a0e-a326-e3b664a6c410, event: $pageleave, properties: Object, timestamp: Tue Apr 14 2026 03:44:10 GMT+0530 (India Standard Time)} @ webpack-internal:///(app-pages-browser)/../../node_modules/.pnpm/posthog-js@1.364.7/node_modules/posthog-js/dist/module.js:22
[ 1833939ms] [INFO] %cDownload the React DevTools for a better development experience: https://react.dev/link/react-devtools font-weight:bold @ webpack-internal:///(app-pages-browser)/../../node_modules/.pnpm/next@15.5.14_@opentelemetry+api@1.9.1_react-dom@18.3.1_react@18.2.0__react@18.2.0/node_modules/next/dist/compiled/react-dom/cjs/react-dom-client.development.js:25630
[ 1834043ms] [LOG] [GTM Event] clear_ecommerce {ecommerce: null} @ webpack-internal:///(app-pages-browser)/./lib/hooks/useGTM.ts:16
[ 1834043ms] [LOG] [GTM Event] view_item {ecommerce: Object} @ webpack-internal:///(app-pages-browser)/./lib/hooks/useGTM.ts:16
[ 1834044ms] [LOG] [AuthProvider] Mounting, starting hydration @ webpack-internal:///(app-pages-browser)/./components/providers/AuthProvider.tsx:35
[ 1834044ms] [LOG] [auth-store] isFreshLogin: false URL: http://localhost:3000/services/gst-registration @ webpack-internal:///(app-pages-browser)/./lib/stores/auth-store.ts:205
[ 1834044ms] [LOG] [auth-store] refreshSession starting @ webpack-internal:///(app-pages-browser)/./lib/stores/auth-store.ts:209
[ 1834119ms] [LOG] [auth-store] getSession result: no session @ webpack-internal:///(app-pages-browser)/./lib/stores/auth-store.ts:213
[ 1834125ms] [LOG] [AuthProvider] Initial hydration complete @ webpack-internal:///(app-pages-browser)/./components/providers/AuthProvider.tsx:40
[ 1834125ms] [LOG] [AuthProvider] Auth event: INITIAL_SESSION @ webpack-internal:///(app-pages-browser)/./components/providers/AuthProvider.tsx:46
[ 1834125ms] [LOG] [PostHog.js] set_config {config: Object, oldConfig: Object, newConfig: Object} @ webpack-internal:///(app-pages-browser)/../../node_modules/.pnpm/posthog-js@1.364.7/node_modules/posthog-js/dist/module.js:22
[ 1834126ms] [LOG] [PostHog.js] Persistence loaded localStorage+cookie {$device_id: 019d5401-510f-7d21-a410-204e78f58700, distinct_id: 019d5401-510f-7d21-a410-204e78f58700, $sesid: Array(3), $initial_person_info: Object, $user_state: anonymous} @ webpack-internal:///(app-pages-browser)/../../node_modules/.pnpm/posthog-js@1.364.7/node_modules/posthog-js/dist/module.js:22
[ 1834126ms] [LOG] [PostHog.js] Persistence loaded sessionStorage {$sdk_debug_extensions_init_method: synchronous, $sdk_debug_extensions_init_time_ms: 1, $sdk_debug_replay_remote_trigger_matching_config: null, $sdk_debug_replay_event_trigger_status: trigger_disabled, $sdk_debug_replay_url_trigger_status: trigger_disabled} @ webpack-internal:///(app-pages-browser)/../../node_modules/.pnpm/posthog-js@1.364.7/node_modules/posthog-js/dist/module.js:22
[ 1834126ms] [LOG] [PostHog.js] Initializing extensions synchronously @ webpack-internal:///(app-pages-browser)/../../node_modules/.pnpm/posthog-js@1.364.7/node_modules/posthog-js/dist/module.js:22
[ 1834126ms] [LOG] [PostHog.js] [Web Vitals] enabled, starting... @ webpack-internal:///(app-pages-browser)/../../node_modules/.pnpm/posthog-js@1.364.7/node_modules/posthog-js/dist/module.js:22
[ 1834127ms] [LOG] [PostHog.js] [SessionRecording] starting @ webpack-internal:///(app-pages-browser)/../../node_modules/.pnpm/posthog-js@1.364.7/node_modules/posthog-js/dist/module.js:22
[ 1834127ms] [LOG] [PostHog.js] [Heatmaps] starting... @ webpack-internal:///(app-pages-browser)/../../node_modules/.pnpm/posthog-js@1.364.7/node_modules/posthog-js/dist/module.js:22
[ 1834127ms] [LOG] [PostHog.js] Starting in debug mode {this: _n, config: Object, thisC: Object, p: Object, s: Object} @ webpack-internal:///(app-pages-browser)/../../node_modules/.pnpm/posthog-js@1.364.7/node_modules/posthog-js/dist/module.js:22
[ 1834127ms] [LOG] You're now in debug mode. All calls to PostHog will be logged in your console.
You can disable this with `posthog.debug(false)`. @ webpack-internal:///(app-pages-browser)/../../node_modules/.pnpm/posthog-js@1.364.7/node_modules/posthog-js/dist/module.js:22
[ 1834127ms] [LOG] [PostHog.js] Persistence loaded sessionStorage {$sdk_debug_extensions_init_method: synchronous, $sdk_debug_extensions_init_time_ms: 1, $sdk_debug_replay_remote_trigger_matching_config: null, $sdk_debug_replay_event_trigger_status: trigger_disabled, $sdk_debug_replay_url_trigger_status: trigger_disabled} @ webpack-internal:///(app-pages-browser)/../../node_modules/.pnpm/posthog-js@1.364.7/node_modules/posthog-js/dist/module.js:22
[ 1834127ms] [LOG] [PostHog.js] set_config {config: Object, oldConfig: Object, newConfig: Object} @ webpack-internal:///(app-pages-browser)/../../node_modules/.pnpm/posthog-js@1.364.7/node_modules/posthog-js/dist/module.js:22
[ 1834127ms] [LOG] [PostHog.js] [SessionRecording] starting @ webpack-internal:///(app-pages-browser)/../../node_modules/.pnpm/posthog-js@1.364.7/node_modules/posthog-js/dist/module.js:22
[ 1834152ms] [LOG] [PostHog.js] [Dead Clicks] starting... @ webpack-internal:///(app-pages-browser)/../../node_modules/.pnpm/posthog-js@1.364.7/node_modules/posthog-js/dist/module.js:22
[ 1835400ms] [LOG] [PostHog.js] Persistence loaded sessionStorage {$sdk_debug_extensions_init_method: synchronous, $sdk_debug_extensions_init_time_ms: 1, $sdk_debug_replay_remote_trigger_matching_config: null, $sdk_debug_replay_event_trigger_status: trigger_disabled, $sdk_debug_replay_url_trigger_status: trigger_disabled} @ webpack-internal:///(app-pages-browser)/../../node_modules/.pnpm/posthog-js@1.364.7/node_modules/posthog-js/dist/module.js:22
[ 1835400ms] [LOG] [PostHog.js] set_config {config: Object, oldConfig: Object, newConfig: Object} @ webpack-internal:///(app-pages-browser)/../../node_modules/.pnpm/posthog-js@1.364.7/node_modules/posthog-js/dist/module.js:22
[ 1835400ms] [LOG] [PostHog.js] [Surveys] flags response received, isSurveysEnabled: false @ webpack-internal:///(app-pages-browser)/../../node_modules/.pnpm/posthog-js@1.364.7/node_modules/posthog-js/dist/module.js:22
[ 1836230ms] [LOG] [PostHog.js] send "$snapshot" {uuid: 019d88e8-d43a-78d2-bd0a-e24e7ab2fd1b, event: $snapshot, properties: Object, timestamp: Tue Apr 14 2026 03:44:13 GMT+0530 (India Standard Time)} @ webpack-internal:///(app-pages-browser)/../../node_modules/.pnpm/posthog-js@1.364.7/node_modules/posthog-js/dist/module.js:22
[ 1836650ms] [LOG] [PostHog.js] [Surveys] Surveys loaded successfully @ webpack-internal:///(app-pages-browser)/../../node_modules/.pnpm/posthog-js@1.364.7/node_modules/posthog-js/dist/module.js:22
[ 1838301ms] [LOG] [PostHog.js] send "$snapshot" {uuid: 019d88e8-dc51-7f17-9d4c-09a0fdd5efb9, event: $snapshot, properties: Object, timestamp: Tue Apr 14 2026 03:44:15 GMT+0530 (India Standard Time)} @ webpack-internal:///(app-pages-browser)/../../node_modules/.pnpm/posthog-js@1.364.7/node_modules/posthog-js/dist/module.js:22
[ 1839131ms] [LOG] [PostHog.js] send "$$heatmap" {uuid: 019d88e8-df8d-767c-9f3e-15f3081928b8, event: $$heatmap, properties: Object, timestamp: Tue Apr 14 2026 03:44:16 GMT+0530 (India Standard Time)} @ webpack-internal:///(app-pages-browser)/../../node_modules/.pnpm/posthog-js@1.364.7/node_modules/posthog-js/dist/module.js:22
[ 1839323ms] [LOG] [PostHog.js] send "$$heatmap" {uuid: 019d88e8-e04e-78d0-82a8-909c38de227e, event: $$heatmap, properties: Object, timestamp: Tue Apr 14 2026 03:44:16 GMT+0530 (India Standard Time)} @ webpack-internal:///(app-pages-browser)/../../node_modules/.pnpm/posthog-js@1.364.7/node_modules/posthog-js/dist/module.js:22
[ 1839323ms] [LOG] [PostHog.js] send "$snapshot" {uuid: 019d88e8-e04e-78d0-82a8-909d10a449bc, event: $snapshot, properties: Object, timestamp: Tue Apr 14 2026 03:44:16 GMT+0530 (India Standard Time)} @ webpack-internal:///(app-pages-browser)/../../node_modules/.pnpm/posthog-js@1.364.7/node_modules/posthog-js/dist/module.js:22
[ 1840078ms] [LOG] [PostHog.js] send "$web_vitals" {uuid: 019d88e8-e341-75fb-929c-2e97e660d051, event: $web_vitals, properties: Object, timestamp: Tue Apr 14 2026 03:44:17 GMT+0530 (India Standard Time)} @ webpack-internal:///(app-pages-browser)/../../node_modules/.pnpm/posthog-js@1.364.7/node_modules/posthog-js/dist/module.js:22
[ 1841923ms] [LOG] [PostHog.js] send "$pageleave" {uuid: 019d88e8-ea76-736c-af54-a16d00097fd0, event: $pageleave, properties: Object, timestamp: Tue Apr 14 2026 03:44:18 GMT+0530 (India Standard Time)} @ webpack-internal:///(app-pages-browser)/../../node_modules/.pnpm/posthog-js@1.364.7/node_modules/posthog-js/dist/module.js:22
[ 1841926ms] [ERROR] [PostHog.js] TypeError: Failed to fetch
    at method (webpack-internal:///(app-pages-browser)/../../node_modules/.pnpm/posthog-js@1.364.7/node_modules/posthog-js/dist/module.js:23:53844)
    at eval (webpack-internal:///(app-pages-browser)/../../node_modules/.pnpm/posthog-js@1.364.7/node_modules/posthog-js/dist/module.js:23:81998) @ webpack-internal:///(app-pages-browser)/../../node_modules/.pnpm/next@15.5.14_@opentelemetry+api@1.9.1_react-dom@18.3.1_react@18.2.0__react@18.2.0/node_modules/next/dist/next-devtools/userspace/app/errors/intercept-console-error.js:56
[ 1841926ms] [WARNING] [PostHog.js] Enqueued failed request for retry in 2266 @ webpack-internal:///(app-pages-browser)/../../node_modules/.pnpm/posthog-js@1.364.7/node_modules/posthog-js/dist/module.js:22
[ 1842148ms] [INFO] %cDownload the React DevTools for a better development experience: https://react.dev/link/react-devtools font-weight:bold @ webpack-internal:///(app-pages-browser)/../../node_modules/.pnpm/next@15.5.14_@opentelemetry+api@1.9.1_react-dom@18.3.1_react@18.2.0__react@18.2.0/node_modules/next/dist/compiled/react-dom/cjs/react-dom-client.development.js:25630
[ 1842264ms] [LOG] [GTM Event] clear_ecommerce {ecommerce: null} @ webpack-internal:///(app-pages-browser)/./lib/hooks/useGTM.ts:16
[ 1842264ms] [LOG] [GTM Event] view_item {ecommerce: Object} @ webpack-internal:///(app-pages-browser)/./lib/hooks/useGTM.ts:16
[ 1842266ms] [LOG] [AuthProvider] Mounting, starting hydration @ webpack-internal:///(app-pages-browser)/./components/providers/AuthProvider.tsx:35
[ 1842266ms] [LOG] [auth-store] isFreshLogin: false URL: http://localhost:3000/services/gst-registration @ webpack-internal:///(app-pages-browser)/./lib/stores/auth-store.ts:205
[ 1842266ms] [LOG] [auth-store] refreshSession starting @ webpack-internal:///(app-pages-browser)/./lib/stores/auth-store.ts:209
[ 1842339ms] [LOG] [auth-store] getSession result: no session @ webpack-internal:///(app-pages-browser)/./lib/stores/auth-store.ts:213
[ 1842344ms] [LOG] [AuthProvider] Initial hydration complete @ webpack-internal:///(app-pages-browser)/./components/providers/AuthProvider.tsx:40
[ 1842345ms] [LOG] [AuthProvider] Auth event: INITIAL_SESSION @ webpack-internal:///(app-pages-browser)/./components/providers/AuthProvider.tsx:46
[ 1842350ms] [LOG] [PostHog.js] set_config {config: Object, oldConfig: Object, newConfig: Object} @ webpack-internal:///(app-pages-browser)/../../node_modules/.pnpm/posthog-js@1.364.7/node_modules/posthog-js/dist/module.js:22
[ 1842350ms] [LOG] [PostHog.js] Persistence loaded localStorage+cookie {$device_id: 019d5401-510f-7d21-a410-204e78f58700, distinct_id: 019d5401-510f-7d21-a410-204e78f58700, $sesid: Array(3), $initial_person_info: Object, $user_state: anonymous} @ webpack-internal:///(app-pages-browser)/../../node_modules/.pnpm/posthog-js@1.364.7/node_modules/posthog-js/dist/module.js:22
[ 1842351ms] [LOG] [PostHog.js] Persistence loaded sessionStorage {$sdk_debug_extensions_init_method: synchronous, $sdk_debug_extensions_init_time_ms: 1, $sdk_debug_replay_remote_trigger_matching_config: null, $sdk_debug_replay_event_trigger_status: trigger_disabled, $sdk_debug_replay_url_trigger_status: trigger_disabled} @ webpack-internal:///(app-pages-browser)/../../node_modules/.pnpm/posthog-js@1.364.7/node_modules/posthog-js/dist/module.js:22
[ 1842351ms] [LOG] [PostHog.js] Initializing extensions synchronously @ webpack-internal:///(app-pages-browser)/../../node_modules/.pnpm/posthog-js@1.364.7/node_modules/posthog-js/dist/module.js:22
[ 1842351ms] [LOG] [PostHog.js] [Web Vitals] enabled, starting... @ webpack-internal:///(app-pages-browser)/../../node_modules/.pnpm/posthog-js@1.364.7/node_modules/posthog-js/dist/module.js:22
[ 1842352ms] [LOG] [PostHog.js] [SessionRecording] starting @ webpack-internal:///(app-pages-browser)/../../node_modules/.pnpm/posthog-js@1.364.7/node_modules/posthog-js/dist/module.js:22
[ 1842352ms] [LOG] [PostHog.js] [Heatmaps] starting... @ webpack-internal:///(app-pages-browser)/../../node_modules/.pnpm/posthog-js@1.364.7/node_modules/posthog-js/dist/module.js:22
[ 1842352ms] [LOG] [PostHog.js] Starting in debug mode {this: _n, config: Object, thisC: Object, p: Object, s: Object} @ webpack-internal:///(app-pages-browser)/../../node_modules/.pnpm/posthog-js@1.364.7/node_modules/posthog-js/dist/module.js:22
[ 1842352ms] [LOG] You're now in debug mode. All calls to PostHog will be logged in your console.
You can disable this with `posthog.debug(false)`. @ webpack-internal:///(app-pages-browser)/../../node_modules/.pnpm/posthog-js@1.364.7/node_modules/posthog-js/dist/module.js:22
[ 1842352ms] [LOG] [PostHog.js] Persistence loaded sessionStorage {$sdk_debug_extensions_init_method: synchronous, $sdk_debug_extensions_init_time_ms: 1, $sdk_debug_replay_remote_trigger_matching_config: null, $sdk_debug_replay_event_trigger_status: trigger_disabled, $sdk_debug_replay_url_trigger_status: trigger_disabled} @ webpack-internal:///(app-pages-browser)/../../node_modules/.pnpm/posthog-js@1.364.7/node_modules/posthog-js/dist/module.js:22
[ 1842352ms] [LOG] [PostHog.js] set_config {config: Object, oldConfig: Object, newConfig: Object} @ webpack-internal:///(app-pages-browser)/../../node_modules/.pnpm/posthog-js@1.364.7/node_modules/posthog-js/dist/module.js:22
[ 1842352ms] [LOG] [PostHog.js] [SessionRecording] starting @ webpack-internal:///(app-pages-browser)/../../node_modules/.pnpm/posthog-js@1.364.7/node_modules/posthog-js/dist/module.js:22
[ 1842376ms] [LOG] [PostHog.js] [Dead Clicks] starting... @ webpack-internal:///(app-pages-browser)/../../node_modules/.pnpm/posthog-js@1.364.7/node_modules/posthog-js/dist/module.js:22
[ 1842376ms] [LOG] [PostHog.js] Persistence loaded sessionStorage {$sdk_debug_extensions_init_method: synchronous, $sdk_debug_extensions_init_time_ms: 1, $sdk_debug_replay_remote_trigger_matching_config: null, $sdk_debug_replay_event_trigger_status: trigger_disabled, $sdk_debug_replay_url_trigger_status: trigger_disabled} @ webpack-internal:///(app-pages-browser)/../../node_modules/.pnpm/posthog-js@1.364.7/node_modules/posthog-js/dist/module.js:22
[ 1842376ms] [LOG] [PostHog.js] set_config {config: Object, oldConfig: Object, newConfig: Object} @ webpack-internal:///(app-pages-browser)/../../node_modules/.pnpm/posthog-js@1.364.7/node_modules/posthog-js/dist/module.js:22
[ 1842376ms] [LOG] [PostHog.js] [Surveys] flags response received, isSurveysEnabled: false @ webpack-internal:///(app-pages-browser)/../../node_modules/.pnpm/posthog-js@1.364.7/node_modules/posthog-js/dist/module.js:22
[ 1842377ms] [LOG] [PostHog.js] [Surveys] Surveys loaded successfully @ webpack-internal:///(app-pages-browser)/../../node_modules/.pnpm/posthog-js@1.364.7/node_modules/posthog-js/dist/module.js:22
[ 1844742ms] [LOG] [PostHog.js] send "$snapshot" {uuid: 019d88e8-f579-7758-b56a-14c4f01f6922, event: $snapshot, properties: Object, timestamp: Tue Apr 14 2026 03:44:21 GMT+0530 (India Standard Time)} @ webpack-internal:///(app-pages-browser)/../../node_modules/.pnpm/posthog-js@1.364.7/node_modules/posthog-js/dist/module.js:22
[ 1847355ms] [LOG] [PostHog.js] send "$$heatmap" {uuid: 019d88e8-ffad-772f-801a-fae54c4ab6a3, event: $$heatmap, properties: Object, timestamp: Tue Apr 14 2026 03:44:24 GMT+0530 (India Standard Time)} @ webpack-internal:///(app-pages-browser)/../../node_modules/.pnpm/posthog-js@1.364.7/node_modules/posthog-js/dist/module.js:22
[ 1847380ms] [LOG] [PostHog.js] send "$web_vitals" {uuid: 019d88e8-ffc7-72ab-bbca-51a14b733d6a, event: $web_vitals, properties: Object, timestamp: Tue Apr 14 2026 03:44:24 GMT+0530 (India Standard Time)} @ webpack-internal:///(app-pages-browser)/../../node_modules/.pnpm/posthog-js@1.364.7/node_modules/posthog-js/dist/module.js:22
[ 1860704ms] [LOG] [PostHog.js] send "$snapshot" {uuid: 019d88e9-33d3-7db6-839c-ae46d152ded7, event: $snapshot, properties: Object, timestamp: Tue Apr 14 2026 03:44:37 GMT+0530 (India Standard Time)} @ webpack-internal:///(app-pages-browser)/../../node_modules/.pnpm/posthog-js@1.364.7/node_modules/posthog-js/dist/module.js:22
[ 1862353ms] [LOG] [PostHog.js] send "$$heatmap" {uuid: 019d88e9-3a44-7ada-b3cb-e94055d03e95, event: $$heatmap, properties: Object, timestamp: Tue Apr 14 2026 03:44:39 GMT+0530 (India Standard Time)} @ webpack-internal:///(app-pages-browser)/../../node_modules/.pnpm/posthog-js@1.364.7/node_modules/posthog-js/dist/module.js:22
[ 1865404ms] [LOG] [PostHog.js] send "$snapshot" {uuid: 019d88e9-462f-7afb-9d8e-f881caaf4bf7, event: $snapshot, properties: Object, timestamp: Tue Apr 14 2026 03:44:42 GMT+0530 (India Standard Time)} @ webpack-internal:///(app-pages-browser)/../../node_modules/.pnpm/posthog-js@1.364.7/node_modules/posthog-js/dist/module.js:22
[ 1867354ms] [LOG] [PostHog.js] send "$$heatmap" {uuid: 019d88e9-4dcd-798e-8b30-422dbf01b202, event: $$heatmap, properties: Object, timestamp: Tue Apr 14 2026 03:44:44 GMT+0530 (India Standard Time)} @ webpack-internal:///(app-pages-browser)/../../node_modules/.pnpm/posthog-js@1.364.7/node_modules/posthog-js/dist/module.js:22
[ 1877389ms] [LOG] [Fast Refresh] rebuilding @ https://us-assets.i.posthog.com/static/posthog-recorder.js?v=1.364.7:0
[ 1877841ms] [WARNING] [Fast Refresh] performing full reload

Fast Refresh will perform a full reload when you edit a file that's imported by modules outside of the React rendering tree.
You might have a file which exports a React component but also exports a value that is imported by a non-React component file.
Consider migrating the non-React component export to a separate file and importing it into both files.

It is also possible the parent component of the component you edited is a class component, which disables Fast Refresh.
Fast Refresh requires at least one parent function component in your React tree. @ https://us-assets.i.posthog.com/static/posthog-recorder.js?v=1.364.7:0
[ 1877841ms] [LOG] [PostHog.js] send "$snapshot" {uuid: 019d88e9-76c4-7fd1-aef6-c272d4675350, event: $snapshot, properties: Object, timestamp: Tue Apr 14 2026 03:44:54 GMT+0530 (India Standard Time)} @ webpack-internal:///(app-pages-browser)/../../node_modules/.pnpm/posthog-js@1.364.7/node_modules/posthog-js/dist/module.js:22
[ 1878209ms] [LOG] [PostHog.js] send "$pageleave" {uuid: 019d88e9-7834-72a6-8768-8b14a259ad5f, event: $pageleave, properties: Object, timestamp: Tue Apr 14 2026 03:44:55 GMT+0530 (India Standard Time)} @ webpack-internal:///(app-pages-browser)/../../node_modules/.pnpm/posthog-js@1.364.7/node_modules/posthog-js/dist/module.js:22
[ 1878438ms] [INFO] %cDownload the React DevTools for a better development experience: https://react.dev/link/react-devtools font-weight:bold @ webpack-internal:///(app-pages-browser)/../../node_modules/.pnpm/next@15.5.14_@opentelemetry+api@1.9.1_react-dom@18.3.1_react@18.2.0__react@18.2.0/node_modules/next/dist/compiled/react-dom/cjs/react-dom-client.development.js:25630
[ 1878546ms] [LOG] [GTM Event] clear_ecommerce {ecommerce: null} @ webpack-internal:///(app-pages-browser)/./lib/hooks/useGTM.ts:16
[ 1878547ms] [LOG] [GTM Event] view_item {ecommerce: Object} @ webpack-internal:///(app-pages-browser)/./lib/hooks/useGTM.ts:16
[ 1878548ms] [LOG] [AuthProvider] Mounting, starting hydration @ webpack-internal:///(app-pages-browser)/./components/providers/AuthProvider.tsx:35
[ 1878548ms] [LOG] [auth-store] isFreshLogin: false URL: http://localhost:3000/services/gst-registration @ webpack-internal:///(app-pages-browser)/./lib/stores/auth-store.ts:205
[ 1878548ms] [LOG] [auth-store] refreshSession starting @ webpack-internal:///(app-pages-browser)/./lib/stores/auth-store.ts:209
[ 1878635ms] [LOG] [auth-store] getSession result: no session @ webpack-internal:///(app-pages-browser)/./lib/stores/auth-store.ts:213
[ 1878640ms] [LOG] [AuthProvider] Initial hydration complete @ webpack-internal:///(app-pages-browser)/./components/providers/AuthProvider.tsx:40
[ 1878641ms] [LOG] [AuthProvider] Auth event: INITIAL_SESSION @ webpack-internal:///(app-pages-browser)/./components/providers/AuthProvider.tsx:46
[ 1878642ms] [LOG] [PostHog.js] set_config {config: Object, oldConfig: Object, newConfig: Object} @ webpack-internal:///(app-pages-browser)/../../node_modules/.pnpm/posthog-js@1.364.7/node_modules/posthog-js/dist/module.js:22
[ 1878642ms] [LOG] [PostHog.js] Persistence loaded localStorage+cookie {$device_id: 019d5401-510f-7d21-a410-204e78f58700, distinct_id: 019d5401-510f-7d21-a410-204e78f58700, $sesid: Array(3), $initial_person_info: Object, $user_state: anonymous} @ webpack-internal:///(app-pages-browser)/../../node_modules/.pnpm/posthog-js@1.364.7/node_modules/posthog-js/dist/module.js:22
[ 1878642ms] [LOG] [PostHog.js] Persistence loaded sessionStorage {$sdk_debug_extensions_init_method: synchronous, $sdk_debug_extensions_init_time_ms: 1, $sdk_debug_replay_remote_trigger_matching_config: null, $sdk_debug_replay_event_trigger_status: trigger_disabled, $sdk_debug_replay_url_trigger_status: trigger_disabled} @ webpack-internal:///(app-pages-browser)/../../node_modules/.pnpm/posthog-js@1.364.7/node_modules/posthog-js/dist/module.js:22
[ 1878643ms] [LOG] [PostHog.js] Initializing extensions synchronously @ webpack-internal:///(app-pages-browser)/../../node_modules/.pnpm/posthog-js@1.364.7/node_modules/posthog-js/dist/module.js:22
[ 1878643ms] [LOG] [PostHog.js] [Web Vitals] enabled, starting... @ webpack-internal:///(app-pages-browser)/../../node_modules/.pnpm/posthog-js@1.364.7/node_modules/posthog-js/dist/module.js:22
[ 1878644ms] [LOG] [PostHog.js] [SessionRecording] starting @ webpack-internal:///(app-pages-browser)/../../node_modules/.pnpm/posthog-js@1.364.7/node_modules/posthog-js/dist/module.js:22
[ 1878644ms] [LOG] [PostHog.js] [Heatmaps] starting... @ webpack-internal:///(app-pages-browser)/../../node_modules/.pnpm/posthog-js@1.364.7/node_modules/posthog-js/dist/module.js:22
[ 1878644ms] [LOG] [PostHog.js] Starting in debug mode {this: _n, config: Object, thisC: Object, p: Object, s: Object} @ webpack-internal:///(app-pages-browser)/../../node_modules/.pnpm/posthog-js@1.364.7/node_modules/posthog-js/dist/module.js:22
[ 1878644ms] [LOG] You're now in debug mode. All calls to PostHog will be logged in your console.
You can disable this with `posthog.debug(false)`. @ webpack-internal:///(app-pages-browser)/../../node_modules/.pnpm/posthog-js@1.364.7/node_modules/posthog-js/dist/module.js:22
[ 1878644ms] [LOG] [PostHog.js] Persistence loaded sessionStorage {$sdk_debug_extensions_init_method: synchronous, $sdk_debug_extensions_init_time_ms: 1, $sdk_debug_replay_remote_trigger_matching_config: null, $sdk_debug_replay_event_trigger_status: trigger_disabled, $sdk_debug_replay_url_trigger_status: trigger_disabled} @ webpack-internal:///(app-pages-browser)/../../node_modules/.pnpm/posthog-js@1.364.7/node_modules/posthog-js/dist/module.js:22
[ 1878645ms] [LOG] [PostHog.js] set_config {config: Object, oldConfig: Object, newConfig: Object} @ webpack-internal:///(app-pages-browser)/../../node_modules/.pnpm/posthog-js@1.364.7/node_modules/posthog-js/dist/module.js:22
[ 1878645ms] [LOG] [PostHog.js] [SessionRecording] starting @ webpack-internal:///(app-pages-browser)/../../node_modules/.pnpm/posthog-js@1.364.7/node_modules/posthog-js/dist/module.js:22
[ 1878669ms] [LOG] [PostHog.js] [Dead Clicks] starting... @ webpack-internal:///(app-pages-browser)/../../node_modules/.pnpm/posthog-js@1.364.7/node_modules/posthog-js/dist/module.js:22
[ 1878669ms] [LOG] [PostHog.js] Persistence loaded sessionStorage {$sdk_debug_extensions_init_method: synchronous, $sdk_debug_extensions_init_time_ms: 1, $sdk_debug_replay_remote_trigger_matching_config: null, $sdk_debug_replay_event_trigger_status: trigger_disabled, $sdk_debug_replay_url_trigger_status: trigger_disabled} @ webpack-internal:///(app-pages-browser)/../../node_modules/.pnpm/posthog-js@1.364.7/node_modules/posthog-js/dist/module.js:22
[ 1878669ms] [LOG] [PostHog.js] set_config {config: Object, oldConfig: Object, newConfig: Object} @ webpack-internal:///(app-pages-browser)/../../node_modules/.pnpm/posthog-js@1.364.7/node_modules/posthog-js/dist/module.js:22
[ 1878670ms] [LOG] [PostHog.js] [Surveys] flags response received, isSurveysEnabled: false @ webpack-internal:///(app-pages-browser)/../../node_modules/.pnpm/posthog-js@1.364.7/node_modules/posthog-js/dist/module.js:22
[ 1878672ms] [LOG] [PostHog.js] [Surveys] Surveys loaded successfully @ webpack-internal:///(app-pages-browser)/../../node_modules/.pnpm/posthog-js@1.364.7/node_modules/posthog-js/dist/module.js:22
[ 1883675ms] [LOG] [PostHog.js] send "$web_vitals" {uuid: 019d88e9-8d8e-7f56-8d02-999ff533a539, event: $web_vitals, properties: Object, timestamp: Tue Apr 14 2026 03:45:00 GMT+0530 (India Standard Time)} @ webpack-internal:///(app-pages-browser)/../../node_modules/.pnpm/posthog-js@1.364.7/node_modules/posthog-js/dist/module.js:22
[ 1893374ms] [LOG] [Fast Refresh] rebuilding @ https://us-assets.i.posthog.com/static/posthog-recorder.js?v=1.364.7:0
[ 1893910ms] [LOG] [Fast Refresh] done in 536ms @ https://us-assets.i.posthog.com/static/posthog-recorder.js?v=1.364.7:0
[ 1900474ms] [LOG] [PostHog.js] send "$$heatmap" {uuid: 019d88e9-cf2d-705c-a30a-bea6b1d0070d, event: $$heatmap, properties: Object, timestamp: Tue Apr 14 2026 03:45:17 GMT+0530 (India Standard Time)} @ webpack-internal:///(app-pages-browser)/../../node_modules/.pnpm/posthog-js@1.364.7/node_modules/posthog-js/dist/module.js:22
[ 1900474ms] [LOG] [PostHog.js] send "$snapshot" {uuid: 019d88e9-cf2e-7e07-a7c3-5b8a0b1faf42, event: $snapshot, properties: Object, timestamp: Tue Apr 14 2026 03:45:17 GMT+0530 (India Standard Time)} @ webpack-internal:///(app-pages-browser)/../../node_modules/.pnpm/posthog-js@1.364.7/node_modules/posthog-js/dist/module.js:22
[ 1900654ms] [LOG] [PostHog.js] send "$pageleave" {uuid: 019d88e9-cfe1-77db-9e33-086c38d605ea, event: $pageleave, properties: Object, timestamp: Tue Apr 14 2026 03:45:17 GMT+0530 (India Standard Time)} @ webpack-internal:///(app-pages-browser)/../../node_modules/.pnpm/posthog-js@1.364.7/node_modules/posthog-js/dist/module.js:22
[ 1900891ms] [INFO] %cDownload the React DevTools for a better development experience: https://react.dev/link/react-devtools font-weight:bold @ webpack-internal:///(app-pages-browser)/../../node_modules/.pnpm/next@15.5.14_@opentelemetry+api@1.9.1_react-dom@18.3.1_react@18.2.0__react@18.2.0/node_modules/next/dist/compiled/react-dom/cjs/react-dom-client.development.js:25630
[ 1900985ms] [LOG] [GTM Event] clear_ecommerce {ecommerce: null} @ webpack-internal:///(app-pages-browser)/./lib/hooks/useGTM.ts:16
[ 1900986ms] [LOG] [GTM Event] view_item {ecommerce: Object} @ webpack-internal:///(app-pages-browser)/./lib/hooks/useGTM.ts:16
[ 1900986ms] [LOG] [AuthProvider] Mounting, starting hydration @ webpack-internal:///(app-pages-browser)/./components/providers/AuthProvider.tsx:35
[ 1900987ms] [LOG] [auth-store] isFreshLogin: false URL: http://localhost:3000/services/gst-registration @ webpack-internal:///(app-pages-browser)/./lib/stores/auth-store.ts:205
[ 1900987ms] [LOG] [auth-store] refreshSession starting @ webpack-internal:///(app-pages-browser)/./lib/stores/auth-store.ts:209
[ 1901073ms] [LOG] [auth-store] getSession result: no session @ webpack-internal:///(app-pages-browser)/./lib/stores/auth-store.ts:213
[ 1901078ms] [LOG] [AuthProvider] Initial hydration complete @ webpack-internal:///(app-pages-browser)/./components/providers/AuthProvider.tsx:40
[ 1901078ms] [LOG] [AuthProvider] Auth event: INITIAL_SESSION @ webpack-internal:///(app-pages-browser)/./components/providers/AuthProvider.tsx:46
[ 1901084ms] [LOG] [PostHog.js] set_config {config: Object, oldConfig: Object, newConfig: Object} @ webpack-internal:///(app-pages-browser)/../../node_modules/.pnpm/posthog-js@1.364.7/node_modules/posthog-js/dist/module.js:22
[ 1901084ms] [LOG] [PostHog.js] Persistence loaded localStorage+cookie {$device_id: 019d5401-510f-7d21-a410-204e78f58700, distinct_id: 019d5401-510f-7d21-a410-204e78f58700, $sesid: Array(3), $initial_person_info: Object, $user_state: anonymous} @ webpack-internal:///(app-pages-browser)/../../node_modules/.pnpm/posthog-js@1.364.7/node_modules/posthog-js/dist/module.js:22
[ 1901085ms] [LOG] [PostHog.js] Persistence loaded sessionStorage {$sdk_debug_extensions_init_method: synchronous, $sdk_debug_extensions_init_time_ms: 1, $sdk_debug_replay_remote_trigger_matching_config: null, $sdk_debug_replay_event_trigger_status: trigger_disabled, $sdk_debug_replay_url_trigger_status: trigger_disabled} @ webpack-internal:///(app-pages-browser)/../../node_modules/.pnpm/posthog-js@1.364.7/node_modules/posthog-js/dist/module.js:22
[ 1901086ms] [LOG] [PostHog.js] Initializing extensions synchronously @ webpack-internal:///(app-pages-browser)/../../node_modules/.pnpm/posthog-js@1.364.7/node_modules/posthog-js/dist/module.js:22
[ 1901086ms] [LOG] [PostHog.js] [Web Vitals] enabled, starting... @ webpack-internal:///(app-pages-browser)/../../node_modules/.pnpm/posthog-js@1.364.7/node_modules/posthog-js/dist/module.js:22
[ 1901087ms] [LOG] [PostHog.js] [SessionRecording] starting @ webpack-internal:///(app-pages-browser)/../../node_modules/.pnpm/posthog-js@1.364.7/node_modules/posthog-js/dist/module.js:22
[ 1901087ms] [LOG] [PostHog.js] [Heatmaps] starting... @ webpack-internal:///(app-pages-browser)/../../node_modules/.pnpm/posthog-js@1.364.7/node_modules/posthog-js/dist/module.js:22
[ 1901087ms] [LOG] [PostHog.js] Starting in debug mode {this: _n, config: Object, thisC: Object, p: Object, s: Object} @ webpack-internal:///(app-pages-browser)/../../node_modules/.pnpm/posthog-js@1.364.7/node_modules/posthog-js/dist/module.js:22
[ 1901087ms] [LOG] You're now in debug mode. All calls to PostHog will be logged in your console.
You can disable this with `posthog.debug(false)`. @ webpack-internal:///(app-pages-browser)/../../node_modules/.pnpm/posthog-js@1.364.7/node_modules/posthog-js/dist/module.js:22
[ 1901087ms] [LOG] [PostHog.js] Persistence loaded sessionStorage {$sdk_debug_extensions_init_method: synchronous, $sdk_debug_extensions_init_time_ms: 1, $sdk_debug_replay_remote_trigger_matching_config: null, $sdk_debug_replay_event_trigger_status: trigger_disabled, $sdk_debug_replay_url_trigger_status: trigger_disabled} @ webpack-internal:///(app-pages-browser)/../../node_modules/.pnpm/posthog-js@1.364.7/node_modules/posthog-js/dist/module.js:22
[ 1901087ms] [LOG] [PostHog.js] set_config {config: Object, oldConfig: Object, newConfig: Object} @ webpack-internal:///(app-pages-browser)/../../node_modules/.pnpm/posthog-js@1.364.7/node_modules/posthog-js/dist/module.js:22
[ 1901087ms] [LOG] [PostHog.js] [SessionRecording] starting @ webpack-internal:///(app-pages-browser)/../../node_modules/.pnpm/posthog-js@1.364.7/node_modules/posthog-js/dist/module.js:22
[ 1901111ms] [LOG] [PostHog.js] [Dead Clicks] starting... @ webpack-internal:///(app-pages-browser)/../../node_modules/.pnpm/posthog-js@1.364.7/node_modules/posthog-js/dist/module.js:22
[ 1901112ms] [LOG] [PostHog.js] Persistence loaded sessionStorage {$sdk_debug_extensions_init_method: synchronous, $sdk_debug_extensions_init_time_ms: 1, $sdk_debug_replay_remote_trigger_matching_config: null, $sdk_debug_replay_event_trigger_status: trigger_disabled, $sdk_debug_replay_url_trigger_status: trigger_disabled} @ webpack-internal:///(app-pages-browser)/../../node_modules/.pnpm/posthog-js@1.364.7/node_modules/posthog-js/dist/module.js:22
[ 1901112ms] [LOG] [PostHog.js] set_config {config: Object, oldConfig: Object, newConfig: Object} @ webpack-internal:///(app-pages-browser)/../../node_modules/.pnpm/posthog-js@1.364.7/node_modules/posthog-js/dist/module.js:22
[ 1901112ms] [LOG] [PostHog.js] [Surveys] flags response received, isSurveysEnabled: false @ webpack-internal:///(app-pages-browser)/../../node_modules/.pnpm/posthog-js@1.364.7/node_modules/posthog-js/dist/module.js:22
[ 1901114ms] [LOG] [PostHog.js] [Surveys] Surveys loaded successfully @ webpack-internal:///(app-pages-browser)/../../node_modules/.pnpm/posthog-js@1.364.7/node_modules/posthog-js/dist/module.js:22
[ 1901260ms] [LOG] [PostHog.js] send "$autocapture" {uuid: 019d88e9-d23f-7d1a-9202-a6a339edf5d3, event: $autocapture, properties: Object, timestamp: Tue Apr 14 2026 03:45:18 GMT+0530 (India Standard Time)} @ webpack-internal:///(app-pages-browser)/../../node_modules/.pnpm/posthog-js@1.364.7/node_modules/posthog-js/dist/module.js:22
[ 1901387ms] [LOG] [PostHog.js] send "$pageview" {uuid: 019d88e9-d2be-7514-9300-72628829a51a, event: $pageview, properties: Object, timestamp: Tue Apr 14 2026 03:45:18 GMT+0530 (India Standard Time)} @ webpack-internal:///(app-pages-browser)/../../node_modules/.pnpm/posthog-js@1.364.7/node_modules/posthog-js/dist/module.js:22
[ 1903114ms] [LOG] [PostHog.js] send "$snapshot" {uuid: 019d88e9-d97e-7aa9-8244-ca1456dd49fc, event: $snapshot, properties: Object, timestamp: Tue Apr 14 2026 03:45:20 GMT+0530 (India Standard Time)} @ webpack-internal:///(app-pages-browser)/../../node_modules/.pnpm/posthog-js@1.364.7/node_modules/posthog-js/dist/module.js:22
[ 1905151ms] [LOG] [PostHog.js] send "$snapshot" {uuid: 019d88e9-e172-76ae-8fda-0f300b0c191a, event: $snapshot, properties: Object, timestamp: Tue Apr 14 2026 03:45:22 GMT+0530 (India Standard Time)} @ webpack-internal:///(app-pages-browser)/../../node_modules/.pnpm/posthog-js@1.364.7/node_modules/posthog-js/dist/module.js:22
[ 1906089ms] [LOG] [PostHog.js] send "$$heatmap" {uuid: 019d88e9-e51c-7409-b19b-73b6ea74a9d5, event: $$heatmap, properties: Object, timestamp: Tue Apr 14 2026 03:45:23 GMT+0530 (India Standard Time)} @ webpack-internal:///(app-pages-browser)/../../node_modules/.pnpm/posthog-js@1.364.7/node_modules/posthog-js/dist/module.js:22
[ 1906115ms] [LOG] [PostHog.js] send "$web_vitals" {uuid: 019d88e9-e536-7816-80a0-130f5daeabe8, event: $web_vitals, properties: Object, timestamp: Tue Apr 14 2026 03:45:23 GMT+0530 (India Standard Time)} @ webpack-internal:///(app-pages-browser)/../../node_modules/.pnpm/posthog-js@1.364.7/node_modules/posthog-js/dist/module.js:22
[ 1920208ms] [LOG] [PostHog.js] send "$snapshot" {uuid: 019d88ea-1c43-7f6b-b909-826a68809959, event: $snapshot, properties: Object, timestamp: Tue Apr 14 2026 03:45:37 GMT+0530 (India Standard Time)} @ webpack-internal:///(app-pages-browser)/../../node_modules/.pnpm/posthog-js@1.364.7/node_modules/posthog-js/dist/module.js:22
[ 1921092ms] [LOG] [PostHog.js] send "$$heatmap" {uuid: 019d88ea-1fb5-70df-a84a-1b33fbc47356, event: $$heatmap, properties: Object, timestamp: Tue Apr 14 2026 03:45:38 GMT+0530 (India Standard Time)} @ webpack-internal:///(app-pages-browser)/../../node_modules/.pnpm/posthog-js@1.364.7/node_modules/posthog-js/dist/module.js:22
[ 1924681ms] [LOG] [PostHog.js] send "$snapshot" {uuid: 019d88ea-2dbd-75b0-aae5-601a99a98cd0, event: $snapshot, properties: Object, timestamp: Tue Apr 14 2026 03:45:41 GMT+0530 (India Standard Time)} @ webpack-internal:///(app-pages-browser)/../../node_modules/.pnpm/posthog-js@1.364.7/node_modules/posthog-js/dist/module.js:22
[ 1926089ms] [LOG] [PostHog.js] send "$$heatmap" {uuid: 019d88ea-333c-740b-9be2-9a6a3d33aab6, event: $$heatmap, properties: Object, timestamp: Tue Apr 14 2026 03:45:43 GMT+0530 (India Standard Time)} @ webpack-internal:///(app-pages-browser)/../../node_modules/.pnpm/posthog-js@1.364.7/node_modules/posthog-js/dist/module.js:22
[ 1928205ms] [LOG] [PostHog.js] send "$snapshot" {uuid: 019d88ea-3b81-7264-9669-83e17e95e37c, event: $snapshot, properties: Object, timestamp: Tue Apr 14 2026 03:45:45 GMT+0530 (India Standard Time)} @ webpack-internal:///(app-pages-browser)/../../node_modules/.pnpm/posthog-js@1.364.7/node_modules/posthog-js/dist/module.js:22
[ 1931089ms] [LOG] [PostHog.js] send "$$heatmap" {uuid: 019d88ea-46c4-7ebf-920e-7bf9f61998e1, event: $$heatmap, properties: Object, timestamp: Tue Apr 14 2026 03:45:48 GMT+0530 (India Standard Time)} @ webpack-internal:///(app-pages-browser)/../../node_modules/.pnpm/posthog-js@1.364.7/node_modules/posthog-js/dist/module.js:22
[ 1931244ms] [LOG] [PostHog.js] send "$snapshot" {uuid: 019d88ea-4760-7062-b039-671d9e811c4b, event: $snapshot, properties: Object, timestamp: Tue Apr 14 2026 03:45:48 GMT+0530 (India Standard Time)} @ webpack-internal:///(app-pages-browser)/../../node_modules/.pnpm/posthog-js@1.364.7/node_modules/posthog-js/dist/module.js:22
[ 1960361ms] [LOG] [PostHog.js] send "$snapshot" {uuid: 019d88ea-b91c-754a-9cb3-266eb21c5e0c, event: $snapshot, properties: Object, timestamp: Tue Apr 14 2026 03:46:17 GMT+0530 (India Standard Time)} @ webpack-internal:///(app-pages-browser)/../../node_modules/.pnpm/posthog-js@1.364.7/node_modules/posthog-js/dist/module.js:22
[ 1961090ms] [LOG] [PostHog.js] send "$$heatmap" {uuid: 019d88ea-bbf4-7008-bd33-235ff2e670f3, event: $$heatmap, properties: Object, timestamp: Tue Apr 14 2026 03:46:18 GMT+0530 (India Standard Time)} @ webpack-internal:///(app-pages-browser)/../../node_modules/.pnpm/posthog-js@1.364.7/node_modules/posthog-js/dist/module.js:22
[ 1966089ms] [LOG] [PostHog.js] send "$$heatmap" {uuid: 019d88ea-cf7c-7454-8e9f-936b7915884c, event: $$heatmap, properties: Object, timestamp: Tue Apr 14 2026 03:46:23 GMT+0530 (India Standard Time)} @ webpack-internal:///(app-pages-browser)/../../node_modules/.pnpm/posthog-js@1.364.7/node_modules/posthog-js/dist/module.js:22
[ 1966416ms] [LOG] [PostHog.js] send "$snapshot" {uuid: 019d88ea-d0c3-7af5-a13c-f93233c68e43, event: $snapshot, properties: Object, timestamp: Tue Apr 14 2026 03:46:23 GMT+0530 (India Standard Time)} @ webpack-internal:///(app-pages-browser)/../../node_modules/.pnpm/posthog-js@1.364.7/node_modules/posthog-js/dist/module.js:22
[ 1992967ms] [ERROR] WebSocket connection to 'ws://localhost:3000/_next/webpack-hmr' failed:  @ webpack-internal:///(app-pages-browser)/../../node_modules/.pnpm/next@15.5.14_@opentelemetry+api@1.9.1_react-dom@18.3.1_react@18.2.0__react@18.2.0/node_modules/next/dist/client/dev/hot-reloader/app/use-websocket.js:41
[ 2050013ms] [LOG] [PostHog.js] send "$$heatmap" {uuid: 019d88ec-1750-7e49-8b7d-976fab27ca7c, event: $$heatmap, properties: Object, timestamp: Tue Apr 14 2026 03:47:47 GMT+0530 (India Standard Time)} @ webpack-internal:///(app-pages-browser)/../../node_modules/.pnpm/posthog-js@1.364.7/node_modules/posthog-js/dist/module.js:22
[ 2050013ms] [LOG] [PostHog.js] send "$snapshot" {uuid: 019d88ec-1751-7642-8f78-8f4059a50fcf, event: $snapshot, properties: Object, timestamp: Tue Apr 14 2026 03:47:47 GMT+0530 (India Standard Time)} @ webpack-internal:///(app-pages-browser)/../../node_modules/.pnpm/posthog-js@1.364.7/node_modules/posthog-js/dist/module.js:22
[ 2056089ms] [LOG] [PostHog.js] send "$$heatmap" {uuid: 019d88ec-2f0c-79ef-9a5d-eb61551b58ad, event: $$heatmap, properties: Object, timestamp: Tue Apr 14 2026 03:47:53 GMT+0530 (India Standard Time)} @ webpack-internal:///(app-pages-browser)/../../node_modules/.pnpm/posthog-js@1.364.7/node_modules/posthog-js/dist/module.js:22
[ 2059413ms] [LOG] [PostHog.js] send "$snapshot" {uuid: 019d88ec-3c09-716e-beca-064b742794ec, event: $snapshot, properties: Object, timestamp: Tue Apr 14 2026 03:47:56 GMT+0530 (India Standard Time)} @ webpack-internal:///(app-pages-browser)/../../node_modules/.pnpm/posthog-js@1.364.7/node_modules/posthog-js/dist/module.js:22
[ 2061090ms] [LOG] [PostHog.js] send "$$heatmap" {uuid: 019d88ec-4295-7d1b-96ef-c5a09c5d8a22, event: $$heatmap, properties: Object, timestamp: Tue Apr 14 2026 03:47:58 GMT+0530 (India Standard Time)} @ webpack-internal:///(app-pages-browser)/../../node_modules/.pnpm/posthog-js@1.364.7/node_modules/posthog-js/dist/module.js:22
[ 2073197ms] [LOG] [PostHog.js] send "$snapshot" {uuid: 019d88ec-71e0-7003-a9ce-22d9ff41b8db, event: $snapshot, properties: Object, timestamp: Tue Apr 14 2026 03:48:10 GMT+0530 (India Standard Time)} @ webpack-internal:///(app-pages-browser)/../../node_modules/.pnpm/posthog-js@1.364.7/node_modules/posthog-js/dist/module.js:22
[ 2076090ms] [LOG] [PostHog.js] send "$$heatmap" {uuid: 019d88ec-7d2d-72af-b5ea-fb1021ebec0f, event: $$heatmap, properties: Object, timestamp: Tue Apr 14 2026 03:48:13 GMT+0530 (India Standard Time)} @ webpack-internal:///(app-pages-browser)/../../node_modules/.pnpm/posthog-js@1.364.7/node_modules/posthog-js/dist/module.js:22
[ 2081084ms] [LOG] [PostHog.js] send "$snapshot" {uuid: 019d88ec-90af-7d2c-a447-9124090acafa, event: $snapshot, properties: Object, timestamp: Tue Apr 14 2026 03:48:18 GMT+0530 (India Standard Time)} @ webpack-internal:///(app-pages-browser)/../../node_modules/.pnpm/posthog-js@1.364.7/node_modules/posthog-js/dist/module.js:22
[ 2081089ms] [LOG] [PostHog.js] send "$$heatmap" {uuid: 019d88ec-90b4-7499-9138-e5608a0686da, event: $$heatmap, properties: Object, timestamp: Tue Apr 14 2026 03:48:18 GMT+0530 (India Standard Time)} @ webpack-internal:///(app-pages-browser)/../../node_modules/.pnpm/posthog-js@1.364.7/node_modules/posthog-js/dist/module.js:22
[ 2086090ms] [LOG] [PostHog.js] send "$$heatmap" {uuid: 019d88ec-a43d-7aaf-a5d6-6aafb66df1d2, event: $$heatmap, properties: Object, timestamp: Tue Apr 14 2026 03:48:23 GMT+0530 (India Standard Time)} @ webpack-internal:///(app-pages-browser)/../../node_modules/.pnpm/posthog-js@1.364.7/node_modules/posthog-js/dist/module.js:22
[ 2203102ms] [LOG] [PostHog.js] send "$snapshot" {uuid: 019d88ee-6d51-7049-81cf-45ec080509fa, event: $snapshot, properties: Object, timestamp: Tue Apr 14 2026 03:50:20 GMT+0530 (India Standard Time)} @ webpack-internal:///(app-pages-browser)/../../node_modules/.pnpm/posthog-js@1.364.7/node_modules/posthog-js/dist/module.js:22
[ 2211089ms] [LOG] [PostHog.js] send "$$heatmap" {uuid: 019d88ee-8c84-7453-b20f-79a5e796543c, event: $$heatmap, properties: Object, timestamp: Tue Apr 14 2026 03:50:28 GMT+0530 (India Standard Time)} @ webpack-internal:///(app-pages-browser)/../../node_modules/.pnpm/posthog-js@1.364.7/node_modules/posthog-js/dist/module.js:22
[ 2212382ms] [LOG] [PostHog.js] send "$snapshot" {uuid: 019d88ee-9191-702d-8c2c-30d628a4ea69, event: $snapshot, properties: Object, timestamp: Tue Apr 14 2026 03:50:29 GMT+0530 (India Standard Time)} @ webpack-internal:///(app-pages-browser)/../../node_modules/.pnpm/posthog-js@1.364.7/node_modules/posthog-js/dist/module.js:22
[ 2214482ms] [LOG] [PostHog.js] send "$snapshot" {uuid: 019d88ee-99c5-7dfe-9720-dbae14b744a6, event: $snapshot, properties: Object, timestamp: Tue Apr 14 2026 03:50:31 GMT+0530 (India Standard Time)} @ webpack-internal:///(app-pages-browser)/../../node_modules/.pnpm/posthog-js@1.364.7/node_modules/posthog-js/dist/module.js:22
[ 2216090ms] [LOG] [PostHog.js] send "$$heatmap" {uuid: 019d88ee-a00d-7538-b72f-d329060acd46, event: $$heatmap, properties: Object, timestamp: Tue Apr 14 2026 03:50:33 GMT+0530 (India Standard Time)} @ webpack-internal:///(app-pages-browser)/../../node_modules/.pnpm/posthog-js@1.364.7/node_modules/posthog-js/dist/module.js:22
[ 2216534ms] [LOG] [PostHog.js] send "$snapshot" {uuid: 019d88ee-a1c9-7f5a-851c-e803e9ab182a, event: $snapshot, properties: Object, timestamp: Tue Apr 14 2026 03:50:33 GMT+0530 (India Standard Time)} @ webpack-internal:///(app-pages-browser)/../../node_modules/.pnpm/posthog-js@1.364.7/node_modules/posthog-js/dist/module.js:22
[ 2220748ms] [LOG] [PostHog.js] send "$snapshot" {uuid: 019d88ee-b240-7c2d-a31f-33faede7763e, event: $snapshot, properties: Object, timestamp: Tue Apr 14 2026 03:50:37 GMT+0530 (India Standard Time)} @ webpack-internal:///(app-pages-browser)/../../node_modules/.pnpm/posthog-js@1.364.7/node_modules/posthog-js/dist/module.js:22
[ 2220935ms] [LOG] [PostHog.js] send "$autocapture" {uuid: 019d88ee-b2fa-72d7-af71-514631cf32bc, event: $autocapture, properties: Object, timestamp: Tue Apr 14 2026 03:50:38 GMT+0530 (India Standard Time)} @ webpack-internal:///(app-pages-browser)/../../node_modules/.pnpm/posthog-js@1.364.7/node_modules/posthog-js/dist/module.js:22
[ 2221090ms] [LOG] [PostHog.js] send "$$heatmap" {uuid: 019d88ee-b395-7d0c-8f96-2411693e38dc, event: $$heatmap, properties: Object, timestamp: Tue Apr 14 2026 03:50:38 GMT+0530 (India Standard Time)} @ webpack-internal:///(app-pages-browser)/../../node_modules/.pnpm/posthog-js@1.364.7/node_modules/posthog-js/dist/module.js:22
[ 2222852ms] [LOG] [PostHog.js] send "$snapshot" {uuid: 019d88ee-ba77-7801-990b-0d102e13021c, event: $snapshot, properties: Object, timestamp: Tue Apr 14 2026 03:50:39 GMT+0530 (India Standard Time)} @ webpack-internal:///(app-pages-browser)/../../node_modules/.pnpm/posthog-js@1.364.7/node_modules/posthog-js/dist/module.js:22
[ 2225320ms] [LOG] [PostHog.js] send "$snapshot" {uuid: 019d88ee-c41b-719f-b6a3-bc1dfa5c3bfb, event: $snapshot, properties: Object, timestamp: Tue Apr 14 2026 03:50:42 GMT+0530 (India Standard Time)} @ webpack-internal:///(app-pages-browser)/../../node_modules/.pnpm/posthog-js@1.364.7/node_modules/posthog-js/dist/module.js:22
[ 2226089ms] [LOG] [PostHog.js] send "$$heatmap" {uuid: 019d88ee-c71c-7041-8df0-076d6c5f012f, event: $$heatmap, properties: Object, timestamp: Tue Apr 14 2026 03:50:43 GMT+0530 (India Standard Time)} @ webpack-internal:///(app-pages-browser)/../../node_modules/.pnpm/posthog-js@1.364.7/node_modules/posthog-js/dist/module.js:22
[ 2227424ms] [LOG] [PostHog.js] send "$snapshot" {uuid: 019d88ee-cc53-70ee-821a-044ef494eab5, event: $snapshot, properties: Object, timestamp: Tue Apr 14 2026 03:50:44 GMT+0530 (India Standard Time)} @ webpack-internal:///(app-pages-browser)/../../node_modules/.pnpm/posthog-js@1.364.7/node_modules/posthog-js/dist/module.js:22
[ 2231089ms] [LOG] [PostHog.js] send "$$heatmap" {uuid: 019d88ee-daa4-733d-9843-7205423c8fc7, event: $$heatmap, properties: Object, timestamp: Tue Apr 14 2026 03:50:48 GMT+0530 (India Standard Time)} @ webpack-internal:///(app-pages-browser)/../../node_modules/.pnpm/posthog-js@1.364.7/node_modules/posthog-js/dist/module.js:22
[ 2231495ms] [LOG] [PostHog.js] send "$autocapture" {uuid: 019d88ee-dc3a-7125-89b8-cc01373d8d04, event: $autocapture, properties: Object, timestamp: Tue Apr 14 2026 03:50:48 GMT+0530 (India Standard Time)} @ webpack-internal:///(app-pages-browser)/../../node_modules/.pnpm/posthog-js@1.364.7/node_modules/posthog-js/dist/module.js:22
[ 2231904ms] [LOG] [PostHog.js] send "$snapshot" {uuid: 019d88ee-ddd3-74e4-be8d-1d06a9a47dca, event: $snapshot, properties: Object, timestamp: Tue Apr 14 2026 03:50:48 GMT+0530 (India Standard Time)} @ webpack-internal:///(app-pages-browser)/../../node_modules/.pnpm/posthog-js@1.364.7/node_modules/posthog-js/dist/module.js:22
[ 2232556ms] [ERROR] Failed to fetch RSC payload for http://localhost:3000/services/pvt-ltd-incorporation. Falling back to browser navigation. TypeError: Failed to fetch
    at createFetch (webpack-internal:///(app-pages-browser)/../../node_modules/.pnpm/next@15.5.14_@opentelemetry+api@1.9.1_react-dom@18.3.1_react@18.2.0__react@18.2.0/node_modules/next/dist/client/components/router-reducer/fetch-server-response.js:163:33)
    at fetchServerResponse (webpack-internal:///(app-pages-browser)/../../node_modules/.pnpm/next@15.5.14_@opentelemetry+api@1.9.1_react-dom@18.3.1_react@18.2.0__react@18.2.0/node_modules/next/dist/client/components/router-reducer/fetch-server-response.js:88:27)
    at eval (webpack-internal:///(app-pages-browser)/../../node_modules/.pnpm/next@15.5.14_@opentelemetry+api@1.9.1_react-dom@18.3.1_react@18.2.0__react@18.2.0/node_modules/next/dist/client/components/router-reducer/prefetch-cache-utils.js:197:106)
    at Object.task (webpack-internal:///(app-pages-browser)/../../node_modules/.pnpm/next@15.5.14_@opentelemetry+api@1.9.1_react-dom@18.3.1_react@18.2.0__react@18.2.0/node_modules/next/dist/client/components/promise-queue.js:30:38)
    at PromiseQueue.processNext (webpack-internal:///(app-pages-browser)/../../node_modules/.pnpm/next@15.5.14_@opentelemetry+api@1.9.1_react-dom@18.3.1_react@18.2.0__react@18.2.0/node_modules/next/dist/client/components/promise-queue.js:81:186)
    at PromiseQueue.enqueue (webpack-internal:///(app-pages-browser)/../../node_modules/.pnpm/next@15.5.14_@opentelemetry+api@1.9.1_react-dom@18.3.1_react@18.2.0__react@18.2.0/node_modules/next/dist/client/components/promise-queue.js:45:76)
    at createLazyPrefetchEntry (webpack-internal:///(app-pages-browser)/../../node_modules/.pnpm/next@15.5.14_@opentelemetry+api@1.9.1_react-dom@18.3.1_react@18.2.0__react@18.2.0/node_modules/next/dist/client/components/router-reducer/prefetch-cache-utils.js:197:49)
    at getOrCreatePrefetchCacheEntry (webpack-internal:///(app-pages-browser)/../../node_modules/.pnpm/next@15.5.14_@opentelemetry+api@1.9.1_react-dom@18.3.1_react@18.2.0__react@18.2.0/node_modules/next/dist/client/components/router-reducer/prefetch-cache-utils.js:144:12)
    at navigateReducer (webpack-internal:///(app-pages-browser)/../../node_modules/.pnpm/next@15.5.14_@opentelemetry+api@1.9.1_react-dom@18.3.1_react@18.2.0__react@18.2.0/node_modules/next/dist/client/components/router-reducer/reducers/navigate-reducer.js:166:82)
    at clientReducer (webpack-internal:///(app-pages-browser)/../../node_modules/.pnpm/next@15.5.14_@opentelemetry+api@1.9.1_react-dom@18.3.1_react@18.2.0__react@18.2.0/node_modules/next/dist/client/components/router-reducer/router-reducer.js:25:61)
    at Object.action (webpack-internal:///(app-pages-browser)/../../node_modules/.pnpm/next@15.5.14_@opentelemetry+api@1.9.1_react-dom@18.3.1_react@18.2.0__react@18.2.0/node_modules/next/dist/client/components/app-router-instance.js:156:55)
    at runAction (webpack-internal:///(app-pages-browser)/../../node_modules/.pnpm/next@15.5.14_@opentelemetry+api@1.9.1_react-dom@18.3.1_react@18.2.0__react@18.2.0/node_modules/next/dist/client/components/app-router-instance.js:66:38)
    at dispatchAction (webpack-internal:///(app-pages-browser)/../../node_modules/.pnpm/next@15.5.14_@opentelemetry+api@1.9.1_react-dom@18.3.1_react@18.2.0__react@18.2.0/node_modules/next/dist/client/components/app-router-instance.js:120:9)
    at Object.dispatch (webpack-internal:///(app-pages-browser)/../../node_modules/.pnpm/next@15.5.14_@opentelemetry+api@1.9.1_react-dom@18.3.1_react@18.2.0__react@18.2.0/node_modules/next/dist/client/components/app-router-instance.js:154:40)
    at eval (webpack-internal:///(app-pages-browser)/../../node_modules/.pnpm/next@15.5.14_@opentelemetry+api@1.9.1_react-dom@18.3.1_react@18.2.0__react@18.2.0/node_modules/next/dist/client/components/use-action-queue.js:55:29)
    at startTransition (webpack-internal:///(app-pages-browser)/../../node_modules/.pnpm/next@15.5.14_@opentelemetry+api@1.9.1_react-dom@18.3.1_react@18.2.0__react@18.2.0/node_modules/next/dist/compiled/react-dom/cjs/react-dom-client.development.js:7968:27)
    at dispatch (webpack-internal:///(app-pages-browser)/../../node_modules/.pnpm/next@15.5.14_@opentelemetry+api@1.9.1_react-dom@18.3.1_react@18.2.0__react@18.2.0/node_modules/next/dist/client/components/use-action-queue.js:54:13)
    at dispatchAppRouterAction (webpack-internal:///(app-pages-browser)/../../node_modules/.pnpm/next@15.5.14_@opentelemetry+api@1.9.1_react-dom@18.3.1_react@18.2.0__react@18.2.0/node_modules/next/dist/client/components/use-action-queue.js:37:5)
    at dispatchNavigateAction (webpack-internal:///(app-pages-browser)/../../node_modules/.pnpm/next@15.5.14_@opentelemetry+api@1.9.1_react-dom@18.3.1_react@18.2.0__react@18.2.0/node_modules/next/dist/client/components/app-router-instance.js:207:49)
    at eval (webpack-internal:///(app-pages-browser)/../../node_modules/.pnpm/next@15.5.14_@opentelemetry+api@1.9.1_react-dom@18.3.1_react@18.2.0__react@18.2.0/node_modules/next/dist/client/app-dir/link.js:82:55)
    at exports.startTransition (webpack-internal:///(app-pages-browser)/../../node_modules/.pnpm/next@15.5.14_@opentelemetry+api@1.9.1_react-dom@18.3.1_react@18.2.0__react@18.2.0/node_modules/next/dist/compiled/react/cjs/react.development.js:1150:27)
    at linkClicked (webpack-internal:///(app-pages-browser)/../../node_modules/.pnpm/next@15.5.14_@opentelemetry+api@1.9.1_react-dom@18.3.1_react@18.2.0__react@18.2.0/node_modules/next/dist/client/app-dir/link.js:81:20)
    at onClick (webpack-internal:///(app-pages-browser)/../../node_modules/.pnpm/next@15.5.14_@opentelemetry+api@1.9.1_react-dom@18.3.1_react@18.2.0__react@18.2.0/node_modules/next/dist/client/app-dir/link.js:316:13)
    at executeDispatch (webpack-internal:///(app-pages-browser)/../../node_modules/.pnpm/next@15.5.14_@opentelemetry+api@1.9.1_react-dom@18.3.1_react@18.2.0__react@18.2.0/node_modules/next/dist/compiled/react-dom/cjs/react-dom-client.development.js:16971:9)
    at runWithFiberInDEV (webpack-internal:///(app-pages-browser)/../../node_modules/.pnpm/next@15.5.14_@opentelemetry+api@1.9.1_react-dom@18.3.1_react@18.2.0__react@18.2.0/node_modules/next/dist/compiled/react-dom/cjs/react-dom-client.development.js:872:30)
    at processDispatchQueue (webpack-internal:///(app-pages-browser)/../../node_modules/.pnpm/next@15.5.14_@opentelemetry+api@1.9.1_react-dom@18.3.1_react@18.2.0__react@18.2.0/node_modules/next/dist/compiled/react-dom/cjs/react-dom-client.development.js:17021:19)
    at eval (webpack-internal:///(app-pages-browser)/../../node_modules/.pnpm/next@15.5.14_@opentelemetry+api@1.9.1_react-dom@18.3.1_react@18.2.0__react@18.2.0/node_modules/next/dist/compiled/react-dom/cjs/react-dom-client.development.js:17622:9)
    at batchedUpdates$1 (webpack-internal:///(app-pages-browser)/../../node_modules/.pnpm/next@15.5.14_@opentelemetry+api@1.9.1_react-dom@18.3.1_react@18.2.0__react@18.2.0/node_modules/next/dist/compiled/react-dom/cjs/react-dom-client.development.js:3312:40)
    at dispatchEventForPluginEventSystem (webpack-internal:///(app-pages-browser)/../../node_modules/.pnpm/next@15.5.14_@opentelemetry+api@1.9.1_react-dom@18.3.1_react@18.2.0__react@18.2.0/node_modules/next/dist/compiled/react-dom/cjs/react-dom-client.development.js:17175:7)
    at dispatchEvent (webpack-internal:///(app-pages-browser)/../../node_modules/.pnpm/next@15.5.14_@opentelemetry+api@1.9.1_react-dom@18.3.1_react@18.2.0__react@18.2.0/node_modules/next/dist/compiled/react-dom/cjs/react-dom-client.development.js:21358:11)
    at dispatchDiscreteEvent (webpack-internal:///(app-pages-browser)/../../node_modules/.pnpm/next@15.5.14_@opentelemetry+api@1.9.1_react-dom@18.3.1_react@18.2.0__react@18.2.0/node_modules/next/dist/compiled/react-dom/cjs/react-dom-client.development.js:21326:11) @ webpack-internal:///(app-pages-browser)/../../node_modules/.pnpm/next@15.5.14_@opentelemetry+api@1.9.1_react-dom@18.3.1_react@18.2.0__react@18.2.0/node_modules/next/dist/next-devtools/userspace/app/errors/intercept-console-error.js:56
[ 2232560ms] [LOG] [PostHog.js] send "$$heatmap" {uuid: 019d88ee-e063-7bf3-abe0-2aa9838adb8c, event: $$heatmap, properties: Object, timestamp: Tue Apr 14 2026 03:50:49 GMT+0530 (India Standard Time)} @ webpack-internal:///(app-pages-browser)/../../node_modules/.pnpm/posthog-js@1.364.7/node_modules/posthog-js/dist/module.js:22
[ 2232560ms] [LOG] [PostHog.js] send "$snapshot" {uuid: 019d88ee-e063-7bf3-abe0-2aaa9096c881, event: $snapshot, properties: Object, timestamp: Tue Apr 14 2026 03:50:49 GMT+0530 (India Standard Time)} @ webpack-internal:///(app-pages-browser)/../../node_modules/.pnpm/posthog-js@1.364.7/node_modules/posthog-js/dist/module.js:22
[ 2234298ms] [LOG] [PostHog.js] send "$autocapture" {uuid: 019d88ee-e72d-7315-a005-151e5f386630, event: $autocapture, properties: Object, timestamp: Tue Apr 14 2026 03:50:51 GMT+0530 (India Standard Time)} @ webpack-internal:///(app-pages-browser)/../../node_modules/.pnpm/posthog-js@1.364.7/node_modules/posthog-js/dist/module.js:22
[ 2234565ms] [LOG] [PostHog.js] send "$snapshot" {uuid: 019d88ee-e839-7c9e-a5a2-123ca628b55e, event: $snapshot, properties: Object, timestamp: Tue Apr 14 2026 03:50:51 GMT+0530 (India Standard Time)} @ webpack-internal:///(app-pages-browser)/../../node_modules/.pnpm/posthog-js@1.364.7/node_modules/posthog-js/dist/module.js:22
[ 2236089ms] [LOG] [PostHog.js] send "$autocapture" {uuid: 019d88ee-ee2c-7b28-a5a1-c35f6332c027, event: $autocapture, properties: Object, timestamp: Tue Apr 14 2026 03:50:53 GMT+0530 (India Standard Time)} @ webpack-internal:///(app-pages-browser)/../../node_modules/.pnpm/posthog-js@1.364.7/node_modules/posthog-js/dist/module.js:22
[ 2236095ms] [LOG] [PostHog.js] send "$$heatmap" {uuid: 019d88ee-ee32-7981-b912-f257ebf7f979, event: $$heatmap, properties: Object, timestamp: Tue Apr 14 2026 03:50:53 GMT+0530 (India Standard Time)} @ webpack-internal:///(app-pages-browser)/../../node_modules/.pnpm/posthog-js@1.364.7/node_modules/posthog-js/dist/module.js:22
[ 2236987ms] [LOG] [PostHog.js] send "$snapshot" {uuid: 019d88ee-f1ae-7508-964e-dbd8c58a80ef, event: $snapshot, properties: Object, timestamp: Tue Apr 14 2026 03:50:54 GMT+0530 (India Standard Time)} @ webpack-internal:///(app-pages-browser)/../../node_modules/.pnpm/posthog-js@1.364.7/node_modules/posthog-js/dist/module.js:22
[ 2238991ms] [LOG] [PostHog.js] send "$snapshot" {uuid: 019d88ee-f983-7b41-89de-813ea64b7baa, event: $snapshot, properties: Object, timestamp: Tue Apr 14 2026 03:50:56 GMT+0530 (India Standard Time)} @ webpack-internal:///(app-pages-browser)/../../node_modules/.pnpm/posthog-js@1.364.7/node_modules/posthog-js/dist/module.js:22
[ 2241089ms] [LOG] [PostHog.js] send "$$heatmap" {uuid: 019d88ef-01b4-71e6-bb4f-f5d68fa398ff, event: $$heatmap, properties: Object, timestamp: Tue Apr 14 2026 03:50:58 GMT+0530 (India Standard Time)} @ webpack-internal:///(app-pages-browser)/../../node_modules/.pnpm/posthog-js@1.364.7/node_modules/posthog-js/dist/module.js:22
[ 2241255ms] [LOG] [PostHog.js] send "$snapshot" {uuid: 019d88ef-025b-77cd-ba30-4c5f570cea23, event: $snapshot, properties: Object, timestamp: Tue Apr 14 2026 03:50:58 GMT+0530 (India Standard Time)} @ webpack-internal:///(app-pages-browser)/../../node_modules/.pnpm/posthog-js@1.364.7/node_modules/posthog-js/dist/module.js:22
[ 2243297ms] [LOG] [PostHog.js] send "$snapshot" {uuid: 019d88ef-0a54-7058-a64d-4301682a764d, event: $snapshot, properties: Object, timestamp: Tue Apr 14 2026 03:51:00 GMT+0530 (India Standard Time)} @ webpack-internal:///(app-pages-browser)/../../node_modules/.pnpm/posthog-js@1.364.7/node_modules/posthog-js/dist/module.js:22
[ 2245390ms] [LOG] [PostHog.js] send "$snapshot" {uuid: 019d88ef-1282-71ae-aae7-61fdb40ca2b2, event: $snapshot, properties: Object, timestamp: Tue Apr 14 2026 03:51:02 GMT+0530 (India Standard Time)} @ webpack-internal:///(app-pages-browser)/../../node_modules/.pnpm/posthog-js@1.364.7/node_modules/posthog-js/dist/module.js:22
[ 2245725ms] [LOG] [PostHog.js] send "$autocapture" {uuid: 019d88ef-13d0-7da9-bb85-1398267f88cf, event: $autocapture, properties: Object, timestamp: Tue Apr 14 2026 03:51:02 GMT+0530 (India Standard Time)} @ webpack-internal:///(app-pages-browser)/../../node_modules/.pnpm/posthog-js@1.364.7/node_modules/posthog-js/dist/module.js:22
[ 2246089ms] [LOG] [PostHog.js] send "$$heatmap" {uuid: 019d88ef-153c-7441-a622-51ecd25d4fda, event: $$heatmap, properties: Object, timestamp: Tue Apr 14 2026 03:51:03 GMT+0530 (India Standard Time)} @ webpack-internal:///(app-pages-browser)/../../node_modules/.pnpm/posthog-js@1.364.7/node_modules/posthog-js/dist/module.js:22
[ 2246229ms] [LOG] [PostHog.js] send "$$heatmap" {uuid: 019d88ef-15c8-7435-9445-c6d4c9638a93, event: $$heatmap, properties: Object, timestamp: Tue Apr 14 2026 03:51:03 GMT+0530 (India Standard Time)} @ webpack-internal:///(app-pages-browser)/../../node_modules/.pnpm/posthog-js@1.364.7/node_modules/posthog-js/dist/module.js:22
[ 2246229ms] [LOG] [PostHog.js] send "$snapshot" {uuid: 019d88ef-15c9-7823-95a7-d05577269177, event: $snapshot, properties: Object, timestamp: Tue Apr 14 2026 03:51:03 GMT+0530 (India Standard Time)} @ webpack-internal:///(app-pages-browser)/../../node_modules/.pnpm/posthog-js@1.364.7/node_modules/posthog-js/dist/module.js:22
[ 2248316ms] [LOG] [PostHog.js] send "$autocapture" {uuid: 019d88ef-1def-7813-aeb7-14a971dd38e4, event: $autocapture, properties: Object, timestamp: Tue Apr 14 2026 03:51:05 GMT+0530 (India Standard Time)} @ webpack-internal:///(app-pages-browser)/../../node_modules/.pnpm/posthog-js@1.364.7/node_modules/posthog-js/dist/module.js:22
[ 2248771ms] [LOG] [PostHog.js] send "$snapshot" {uuid: 019d88ef-1fb6-7b1d-bb62-173615b90e0b, event: $snapshot, properties: Object, timestamp: Tue Apr 14 2026 03:51:05 GMT+0530 (India Standard Time)} @ webpack-internal:///(app-pages-browser)/../../node_modules/.pnpm/posthog-js@1.364.7/node_modules/posthog-js/dist/module.js:22
[ 2251091ms] [LOG] [PostHog.js] send "$$heatmap" {uuid: 019d88ef-28c5-7f36-9b5c-51fdff3257fc, event: $$heatmap, properties: Object, timestamp: Tue Apr 14 2026 03:51:08 GMT+0530 (India Standard Time)} @ webpack-internal:///(app-pages-browser)/../../node_modules/.pnpm/posthog-js@1.364.7/node_modules/posthog-js/dist/module.js:22
[ 2252086ms] [LOG] [PostHog.js] send "$snapshot" {uuid: 019d88ef-2caa-7018-b38a-07bf11ed9705, event: $snapshot, properties: Object, timestamp: Tue Apr 14 2026 03:51:09 GMT+0530 (India Standard Time)} @ webpack-internal:///(app-pages-browser)/../../node_modules/.pnpm/posthog-js@1.364.7/node_modules/posthog-js/dist/module.js:22
[ 2503113ms] [LOG] [PostHog.js] send "$snapshot" {uuid: 019d88f3-013c-748f-972d-25ffbc1c2b75, event: $snapshot, properties: Object, timestamp: Tue Apr 14 2026 03:55:20 GMT+0530 (India Standard Time)} @ webpack-internal:///(app-pages-browser)/../../node_modules/.pnpm/posthog-js@1.364.7/node_modules/posthog-js/dist/module.js:22
[ 2801124ms] [LOG] [PostHog.js] send "$snapshot" {uuid: 019d88f7-8d57-7f14-82ee-a7c547db5114, event: $snapshot, properties: Object, timestamp: Tue Apr 14 2026 04:00:18 GMT+0530 (India Standard Time)} @ webpack-internal:///(app-pages-browser)/../../node_modules/.pnpm/posthog-js@1.364.7/node_modules/posthog-js/dist/module.js:22
[ 4493213ms] [ERROR] Failed to load resource: the server responded with a status of 408 (Request Timeout) @ http://localhost:3000/?_rsc=vusbg:0
[ 4493213ms] [ERROR] Failed to load resource: net::ERR_CONNECTION_RESET @ http://localhost:3000/?_rsc=vusbg:0
[ 4540731ms] [LOG] [PostHog.js] [SessionId] new session ID generated {sessionId: 019d8912-18ae-75b0-89b9-c65e665417a7, windowId: 019d8912-18ae-75b0-89b9-c65f2c51489a, changeReason: Object} @ webpack-internal:///(app-pages-browser)/../../node_modules/.pnpm/posthog-js@1.364.7/node_modules/posthog-js/dist/module.js:22
[ 4540731ms] [LOG] [PostHog.js] send "$autocapture" {uuid: 019d8912-18ae-75b0-89b9-c65d781b0899, event: $autocapture, properties: Object, timestamp: Tue Apr 14 2026 04:29:17 GMT+0530 (India Standard Time)} @ webpack-internal:///(app-pages-browser)/../../node_modules/.pnpm/posthog-js@1.364.7/node_modules/posthog-js/dist/module.js:22
[ 4541100ms] [LOG] [PostHog.js] send "$$heatmap" {uuid: 019d8912-1a1f-77e5-ade9-94c6638134a1, event: $$heatmap, properties: Object, timestamp: Tue Apr 14 2026 04:29:18 GMT+0530 (India Standard Time)} @ webpack-internal:///(app-pages-browser)/../../node_modules/.pnpm/posthog-js@1.364.7/node_modules/posthog-js/dist/module.js:22
[ 4543180ms] [LOG] [PostHog.js] send "$autocapture" {uuid: 019d8912-2240-7824-825a-322835e8beac, event: $autocapture, properties: Object, timestamp: Tue Apr 14 2026 04:29:20 GMT+0530 (India Standard Time)} @ webpack-internal:///(app-pages-browser)/../../node_modules/.pnpm/posthog-js@1.364.7/node_modules/posthog-js/dist/module.js:22
[ 4546099ms] [LOG] [PostHog.js] send "$$heatmap" {uuid: 019d8912-2da6-7d7d-983a-8e344754c889, event: $$heatmap, properties: Object, timestamp: Tue Apr 14 2026 04:29:23 GMT+0530 (India Standard Time)} @ webpack-internal:///(app-pages-browser)/../../node_modules/.pnpm/posthog-js@1.364.7/node_modules/posthog-js/dist/module.js:22
[ 4551100ms] [LOG] [PostHog.js] send "$$heatmap" {uuid: 019d8912-412f-7086-9e4f-8fa60760e04c, event: $$heatmap, properties: Object, timestamp: Tue Apr 14 2026 04:29:28 GMT+0530 (India Standard Time)} @ webpack-internal:///(app-pages-browser)/../../node_modules/.pnpm/posthog-js@1.364.7/node_modules/posthog-js/dist/module.js:22
[ 4584110ms] [LOG] [PostHog.js] send "$$heatmap" {uuid: 019d8912-c221-7ddc-a037-bd5a3449980b, event: $$heatmap, properties: Object, timestamp: Tue Apr 14 2026 04:30:01 GMT+0530 (India Standard Time)} @ webpack-internal:///(app-pages-browser)/../../node_modules/.pnpm/posthog-js@1.364.7/node_modules/posthog-js/dist/module.js:22
[ 4584116ms] [WARNING] [PostHog.js]  cannot be  greater than max: 1. Using max value instead. @ webpack-internal:///(app-pages-browser)/../../node_modules/.pnpm/posthog-js@1.364.7/node_modules/posthog-js/dist/module.js:22
[ 4584116ms] [WARNING] [PostHog.js]  cannot be  greater than max: 1. Using max value instead. @ webpack-internal:///(app-pages-browser)/../../node_modules/.pnpm/posthog-js@1.364.7/node_modules/posthog-js/dist/module.js:22
[ 4584116ms] [LOG] [PostHog.js] send "$pageleave" {uuid: 019d8912-c227-7eaf-a184-d6a14ef0fa46, event: $pageleave, properties: Object, timestamp: Tue Apr 14 2026 04:30:01 GMT+0530 (India Standard Time)} @ webpack-internal:///(app-pages-browser)/../../node_modules/.pnpm/posthog-js@1.364.7/node_modules/posthog-js/dist/module.js:22
