[   26096ms] [ERROR] Warning: Cannot update a component (`%s`) while rendering a different component (`%s`). To locate the bad setState() call inside `%s`, follow the stack trace as described in https://reactjs.org/link/setstate-in-render%s HotReload ExplainerStepper ExplainerStepper 
    at ExplainerStepper (webpack-internal:///(app-pages-browser)/./components/service/ExplainerStepper.tsx:21:11)
    at div
    at section
    at div
    at div
    at div
    at main
    at div
    at UnifiedServicePage (webpack-internal:///(app-pages-browser)/./components/service/UnifiedServicePage.tsx:310:11)
    at ServiceDetailPage (Server)
    at InnerLayoutRouter (webpack-internal:///(app-pages-browser)/../../node_modules/.pnpm/next@14.2.18_react-dom@18.3.1_react@18.2.0__react@18.2.0/node_modules/next/dist/client/components/layout-router.js:243:11)
    at RedirectErrorBoundary (webpack-internal:///(app-pages-browser)/../../node_modules/.pnpm/next@14.2.18_react-dom@18.3.1_react@18.2.0__react@18.2.0/node_modules/next/dist/client/components/redirect-boundary.js:74:9)
    at RedirectBoundary (webpack-internal:///(app-pages-browser)/../../node_modules/.pnpm/next@14.2.18_react-dom@18.3.1_react@18.2.0__react@18.2.0/node_modules/next/dist/client/components/redirect-boundary.js:82:11)
    at NotFoundBoundary (webpack-internal:///(app-pages-browser)/../../node_modules/.pnpm/next@14.2.18_react-dom@18.3.1_react@18.2.0__react@18.2.0/node_modules/next/dist/client/components/not-found-boundary.js:84:11)
    at LoadingBoundary (webpack-internal:///(app-pages-browser)/../../node_modules/.pnpm/next@14.2.18_react-dom@18.3.1_react@18.2.0__react@18.2.0/node_modules/next/dist/client/components/layout-router.js:349:11)
    at ErrorBoundary (webpack-internal:///(app-pages-browser)/../../node_modules/.pnpm/next@14.2.18_react-dom@18.3.1_react@18.2.0__react@18.2.0/node_modules/next/dist/client/components/error-boundary.js:160:11)
    at InnerScrollAndFocusHandler (webpack-internal:///(app-pages-browser)/../../node_modules/.pnpm/next@14.2.18_react-dom@18.3.1_react@18.2.0__react@18.2.0/node_modules/next/dist/client/components/layout-router.js:153:9)
    at ScrollAndFocusHandler (webpack-internal:///(app-pages-browser)/../../node_modules/.pnpm/next@14.2.18_react-dom@18.3.1_react@18.2.0__react@18.2.0/node_modules/next/dist/client/components/layout-router.js:228:11)
    at RenderFromTemplateContext (webpack-internal:///(app-pages-browser)/../../node_modules/.pnpm/next@14.2.18_react-dom@18.3.1_react@18.2.0__react@18.2.0/node_modules/next/dist/client/components/render-from-template-context.js:16:44)
    at OuterLayoutRouter (webpack-internal:///(app-pages-browser)/../../node_modules/.pnpm/next@14.2.18_react-dom@18.3.1_react@18.2.0__react@18.2.0/node_modules/next/dist/client/components/layout-router.js:370:11)
    at InnerLayoutRouter (webpack-internal:///(app-pages-browser)/../../node_modules/.pnpm/next@14.2.18_react-dom@18.3.1_react@18.2.0__react@18.2.0/node_modules/next/dist/client/components/layout-router.js:243:11)
    at RedirectErrorBoundary (webpack-internal:///(app-pages-browser)/../../node_modules/.pnpm/next@14.2.18_react-dom@18.3.1_react@18.2.0__react@18.2.0/node_modules/next/dist/client/components/redirect-boundary.js:74:9)
    at RedirectBoundary (webpack-internal:///(app-pages-browser)/../../node_modules/.pnpm/next@14.2.18_react-dom@18.3.1_react@18.2.0__react@18.2.0/node_modules/next/dist/client/components/redirect-boundary.js:82:11)
    at NotFoundBoundary (webpack-internal:///(app-pages-browser)/../../node_modules/.pnpm/next@14.2.18_react-dom@18.3.1_react@18.2.0__react@18.2.0/node_modules/next/dist/client/components/not-found-boundary.js:84:11)
    at LoadingBoundary (webpack-internal:///(app-pages-browser)/../../node_modules/.pnpm/next@14.2.18_react-dom@18.3.1_react@18.2.0__react@18.2.0/node_modules/next/dist/client/components/layout-router.js:349:11)
    at ErrorBoundary (webpack-internal:///(app-pages-browser)/../../node_modules/.pnpm/next@14.2.18_react-dom@18.3.1_react@18.2.0__react@18.2.0/node_modules/next/dist/client/components/error-boundary.js:160:11)
    at InnerScrollAndFocusHandler (webpack-internal:///(app-pages-browser)/../../node_modules/.pnpm/next@14.2.18_react-dom@18.3.1_react@18.2.0__react@18.2.0/node_modules/next/dist/client/components/layout-router.js:153:9)
    at ScrollAndFocusHandler (webpack-internal:///(app-pages-browser)/../../node_modules/.pnpm/next@14.2.18_react-dom@18.3.1_react@18.2.0__react@18.2.0/node_modules/next/dist/client/components/layout-router.js:228:11)
    at RenderFromTemplateContext (webpack-internal:///(app-pages-browser)/../../node_modules/.pnpm/next@14.2.18_react-dom@18.3.1_react@18.2.0__react@18.2.0/node_modules/next/dist/client/components/render-from-template-context.js:16:44)
    at OuterLayoutRouter (webpack-internal:///(app-pages-browser)/../../node_modules/.pnpm/next@14.2.18_react-dom@18.3.1_react@18.2.0__react@18.2.0/node_modules/next/dist/client/components/layout-router.js:370:11)
    at InnerLayoutRouter (webpack-internal:///(app-pages-browser)/../../node_modules/.pnpm/next@14.2.18_react-dom@18.3.1_react@18.2.0__react@18.2.0/node_modules/next/dist/client/components/layout-router.js:243:11)
    at RedirectErrorBoundary (webpack-internal:///(app-pages-browser)/../../node_modules/.pnpm/next@14.2.18_react-dom@18.3.1_react@18.2.0__react@18.2.0/node_modules/next/dist/client/components/redirect-boundary.js:74:9)
    at RedirectBoundary (webpack-internal:///(app-pages-browser)/../../node_modules/.pnpm/next@14.2.18_react-dom@18.3.1_react@18.2.0__react@18.2.0/node_modules/next/dist/client/components/redirect-boundary.js:82:11)
    at NotFoundErrorBoundary (webpack-internal:///(app-pages-browser)/../../node_modules/.pnpm/next@14.2.18_react-dom@18.3.1_react@18.2.0__react@18.2.0/node_modules/next/dist/client/components/not-found-boundary.js:76:9)
    at NotFoundBoundary (webpack-internal:///(app-pages-browser)/../../node_modules/.pnpm/next@14.2.18_react-dom@18.3.1_react@18.2.0__react@18.2.0/node_modules/next/dist/client/components/not-found-boundary.js:84:11)
    at LoadingBoundary (webpack-internal:///(app-pages-browser)/../../node_modules/.pnpm/next@14.2.18_react-dom@18.3.1_react@18.2.0__react@18.2.0/node_modules/next/dist/client/components/layout-router.js:349:11)
    at ErrorBoundary (webpack-internal:///(app-pages-browser)/../../node_modules/.pnpm/next@14.2.18_react-dom@18.3.1_react@18.2.0__react@18.2.0/node_modules/next/dist/client/components/error-boundary.js:160:11)
    at InnerScrollAndFocusHandler (webpack-internal:///(app-pages-browser)/../../node_modules/.pnpm/next@14.2.18_react-dom@18.3.1_react@18.2.0__react@18.2.0/node_modules/next/dist/client/components/layout-router.js:153:9)
    at ScrollAndFocusHandler (webpack-internal:///(app-pages-browser)/../../node_modules/.pnpm/next@14.2.18_react-dom@18.3.1_react@18.2.0__react@18.2.0/node_modules/next/dist/client/components/layout-router.js:228:11)
    at RenderFromTemplateContext (webpack-internal:///(app-pages-browser)/../../node_modules/.pnpm/next@14.2.18_react-dom@18.3.1_react@18.2.0__react@18.2.0/node_modules/next/dist/client/components/render-from-template-context.js:16:44)
    at OuterLayoutRouter (webpack-internal:///(app-pages-browser)/../../node_modules/.pnpm/next@14.2.18_react-dom@18.3.1_react@18.2.0__react@18.2.0/node_modules/next/dist/client/components/layout-router.js:370:11)
    at main
    at div
    at MainLayout (webpack-internal:///(app-pages-browser)/./components/layout/MainLayout.tsx:18:11)
    at MainLayoutWrapper (Server)
    at InnerLayoutRouter (webpack-internal:///(app-pages-browser)/../../node_modules/.pnpm/next@14.2.18_react-dom@18.3.1_react@18.2.0__react@18.2.0/node_modules/next/dist/client/components/layout-router.js:243:11)
    at RedirectErrorBoundary (webpack-internal:///(app-pages-browser)/../../node_modules/.pnpm/next@14.2.18_react-dom@18.3.1_react@18.2.0__react@18.2.0/node_modules/next/dist/client/components/redirect-boundary.js:74:9)
    at RedirectBoundary (webpack-internal:///(app-pages-browser)/../../node_modules/.pnpm/next@14.2.18_react-dom@18.3.1_react@18.2.0__react@18.2.0/node_modules/next/dist/client/components/redirect-boundary.js:82:11)
    at NotFoundErrorBoundary (webpack-internal:///(app-pages-browser)/../../node_modules/.pnpm/next@14.2.18_react-dom@18.3.1_react@18.2.0__react@18.2.0/node_modules/next/dist/client/components/not-found-boundary.js:76:9)
    at NotFoundBoundary (webpack-internal:///(app-pages-browser)/../../node_modules/.pnpm/next@14.2.18_react-dom@18.3.1_react@18.2.0__react@18.2.0/node_modules/next/dist/client/components/not-found-boundary.js:84:11)
    at LoadingBoundary (webpack-internal:///(app-pages-browser)/../../node_modules/.pnpm/next@14.2.18_react-dom@18.3.1_react@18.2.0__react@18.2.0/node_modules/next/dist/client/components/layout-router.js:349:11)
    at ErrorBoundary (webpack-internal:///(app-pages-browser)/../../node_modules/.pnpm/next@14.2.18_react-dom@18.3.1_react@18.2.0__react@18.2.0/node_modules/next/dist/client/components/error-boundary.js:160:11)
    at InnerScrollAndFocusHandler (webpack-internal:///(app-pages-browser)/../../node_modules/.pnpm/next@14.2.18_react-dom@18.3.1_react@18.2.0__react@18.2.0/node_modules/next/dist/client/components/layout-router.js:153:9)
    at ScrollAndFocusHandler (webpack-internal:///(app-pages-browser)/../../node_modules/.pnpm/next@14.2.18_react-dom@18.3.1_react@18.2.0__react@18.2.0/node_modules/next/dist/client/components/layout-router.js:228:11)
    at RenderFromTemplateContext (webpack-internal:///(app-pages-browser)/../../node_modules/.pnpm/next@14.2.18_react-dom@18.3.1_react@18.2.0__react@18.2.0/node_modules/next/dist/client/components/render-from-template-context.js:16:44)
    at OuterLayoutRouter (webpack-internal:///(app-pages-browser)/../../node_modules/.pnpm/next@14.2.18_react-dom@18.3.1_react@18.2.0__react@18.2.0/node_modules/next/dist/client/components/layout-router.js:370:11)
    at UTMProvider (webpack-internal:///(app-pages-browser)/./components/providers/UTMProvider.tsx:20:11)
    at V (webpack-internal:///(app-pages-browser)/../../node_modules/.pnpm/next-themes@0.4.6_react-dom@18.3.1_react@18.2.0__react@18.2.0/node_modules/next-themes/dist/index.mjs:54:24)
    at J (webpack-internal:///(app-pages-browser)/../../node_modules/.pnpm/next-themes@0.4.6_react-dom@18.3.1_react@18.2.0__react@18.2.0/node_modules/next-themes/dist/index.mjs:47:47)
    at ThemeProvider (webpack-internal:///(app-pages-browser)/./components/providers/ThemeProvider.tsx:10:11)
    at body
    at html
    at RootLayout (Server)
    at RedirectErrorBoundary (webpack-internal:///(app-pages-browser)/../../node_modules/.pnpm/next@14.2.18_react-dom@18.3.1_react@18.2.0__react@18.2.0/node_modules/next/dist/client/components/redirect-boundary.js:74:9)
    at RedirectBoundary (webpack-internal:///(app-pages-browser)/../../node_modules/.pnpm/next@14.2.18_react-dom@18.3.1_react@18.2.0__react@18.2.0/node_modules/next/dist/client/components/redirect-boundary.js:82:11)
    at NotFoundErrorBoundary (webpack-internal:///(app-pages-browser)/../../node_modules/.pnpm/next@14.2.18_react-dom@18.3.1_react@18.2.0__react@18.2.0/node_modules/next/dist/client/components/not-found-boundary.js:76:9)
    at NotFoundBoundary (webpack-internal:///(app-pages-browser)/../../node_modules/.pnpm/next@14.2.18_react-dom@18.3.1_react@18.2.0__react@18.2.0/node_modules/next/dist/client/components/not-found-boundary.js:84:11)
    at DevRootNotFoundBoundary (webpack-internal:///(app-pages-browser)/../../node_modules/.pnpm/next@14.2.18_react-dom@18.3.1_react@18.2.0__react@18.2.0/node_modules/next/dist/client/components/dev-root-not-found-boundary.js:33:11)
    at ReactDevOverlay (webpack-internal:///(app-pages-browser)/../../node_modules/.pnpm/next@14.2.18_react-dom@18.3.1_react@18.2.0__react@18.2.0/node_modules/next/dist/client/components/react-dev-overlay/app/ReactDevOverlay.js:87:9)
    at HotReload (webpack-internal:///(app-pages-browser)/../../node_modules/.pnpm/next@14.2.18_react-dom@18.3.1_react@18.2.0__react@18.2.0/node_modules/next/dist/client/components/react-dev-overlay/app/hot-reloader-client.js:321:11)
    at Router (webpack-internal:///(app-pages-browser)/../../node_modules/.pnpm/next@14.2.18_react-dom@18.3.1_react@18.2.0__react@18.2.0/node_modules/next/dist/client/components/app-router.js:207:11)
    at ErrorBoundaryHandler (webpack-internal:///(app-pages-browser)/../../node_modules/.pnpm/next@14.2.18_react-dom@18.3.1_react@18.2.0__react@18.2.0/node_modules/next/dist/client/components/error-boundary.js:113:9)
    at ErrorBoundary (webpack-internal:///(app-pages-browser)/../../node_modules/.pnpm/next@14.2.18_react-dom@18.3.1_react@18.2.0__react@18.2.0/node_modules/next/dist/client/components/error-boundary.js:160:11)
    at AppRouter (webpack-internal:///(app-pages-browser)/../../node_modules/.pnpm/next@14.2.18_react-dom@18.3.1_react@18.2.0__react@18.2.0/node_modules/next/dist/client/components/app-router.js:585:13)
    at ServerRoot (webpack-internal:///(app-pages-browser)/../../node_modules/.pnpm/next@14.2.18_react-dom@18.3.1_react@18.2.0__react@18.2.0/node_modules/next/dist/client/app-index.js:112:27)
    at Root (webpack-internal:///(app-pages-browser)/../../node_modules/.pnpm/next@14.2.18_react-dom@18.3.1_react@18.2.0__react@18.2.0/node_modules/next/dist/client/app-index.js:117:11) @ webpack-internal:///(app-pages-browser)/../../node_modules/.pnpm/next@14.2.18_react-dom@18.3.1_react@18.2.0__react@18.2.0/node_modules/next/dist/client/app-index.js:32
[   26096ms] ReferenceError: EXPLAINER_ICONS is not defined
    at ExplainerStepper (webpack-internal:///(app-pages-browser)/./components/service/ExplainerStepper.tsx:61:18)
    at renderWithHooks (webpack-internal:///(app-pages-browser)/../../node_modules/.pnpm/next@14.2.18_react-dom@18.3.1_react@18.2.0__react@18.2.0/node_modules/next/dist/compiled/react-dom/cjs/react-dom.development.js:11121:18)
    at updateFunctionComponent (webpack-internal:///(app-pages-browser)/../../node_modules/.pnpm/next@14.2.18_react-dom@18.3.1_react@18.2.0__react@18.2.0/node_modules/next/dist/compiled/react-dom/cjs/react-dom.development.js:16290:20)
    at beginWork$1 (webpack-internal:///(app-pages-browser)/../../node_modules/.pnpm/next@14.2.18_react-dom@18.3.1_react@18.2.0__react@18.2.0/node_modules/next/dist/compiled/react-dom/cjs/react-dom.development.js:18472:16)
    at HTMLUnknownElement.callCallback (webpack-internal:///(app-pages-browser)/../../node_modules/.pnpm/next@14.2.18_react-dom@18.3.1_react@18.2.0__react@18.2.0/node_modules/next/dist/compiled/react-dom/cjs/react-dom.development.js:20565:14)
    at Object.invokeGuardedCallbackImpl (webpack-internal:///(app-pages-browser)/../../node_modules/.pnpm/next@14.2.18_react-dom@18.3.1_react@18.2.0__react@18.2.0/node_modules/next/dist/compiled/react-dom/cjs/react-dom.development.js:20614:16)
    at invokeGuardedCallback (webpack-internal:///(app-pages-browser)/../../node_modules/.pnpm/next@14.2.18_react-dom@18.3.1_react@18.2.0__react@18.2.0/node_modules/next/dist/compiled/react-dom/cjs/react-dom.development.js:20689:29)
    at beginWork (webpack-internal:///(app-pages-browser)/../../node_modules/.pnpm/next@14.2.18_react-dom@18.3.1_react@18.2.0__react@18.2.0/node_modules/next/dist/compiled/react-dom/cjs/react-dom.development.js:26949:7)
    at performUnitOfWork (webpack-internal:///(app-pages-browser)/../../node_modules/.pnpm/next@14.2.18_react-dom@18.3.1_react@18.2.0__react@18.2.0/node_modules/next/dist/compiled/react-dom/cjs/react-dom.development.js:25748:12)
    at workLoopSync (webpack-internal:///(app-pages-browser)/../../node_modules/.pnpm/next@14.2.18_react-dom@18.3.1_react@18.2.0__react@18.2.0/node_modules/next/dist/compiled/react-dom/cjs/react-dom.development.js:25464:5)
    at renderRootSync (webpack-internal:///(app-pages-browser)/../../node_modules/.pnpm/next@14.2.18_react-dom@18.3.1_react@18.2.0__react@18.2.0/node_modules/next/dist/compiled/react-dom/cjs/react-dom.development.js:25419:7)
    at performSyncWorkOnRoot (webpack-internal:///(app-pages-browser)/../../node_modules/.pnpm/next@14.2.18_react-dom@18.3.1_react@18.2.0__react@18.2.0/node_modules/next/dist/compiled/react-dom/cjs/react-dom.development.js:24887:20)
    at flushSyncWorkAcrossRoots_impl (webpack-internal:///(app-pages-browser)/../../node_modules/.pnpm/next@14.2.18_react-dom@18.3.1_react@18.2.0__react@18.2.0/node_modules/next/dist/compiled/react-dom/cjs/react-dom.development.js:7758:13)
    at flushSyncWorkOnAllRoots (webpack-internal:///(app-pages-browser)/../../node_modules/.pnpm/next@14.2.18_react-dom@18.3.1_react@18.2.0__react@18.2.0/node_modules/next/dist/compiled/react-dom/cjs/react-dom.development.js:7718:3)
    at flushSync$1 (webpack-internal:///(app-pages-browser)/../../node_modules/.pnpm/next@14.2.18_react-dom@18.3.1_react@18.2.0__react@18.2.0/node_modules/next/dist/compiled/react-dom/cjs/react-dom.development.js:24999:7)
    at Object.scheduleRefresh (webpack-internal:///(app-pages-browser)/../../node_modules/.pnpm/next@14.2.18_react-dom@18.3.1_react@18.2.0__react@18.2.0/node_modules/next/dist/compiled/react-dom/cjs/react-dom.development.js:27285:5)
    at eval (webpack-internal:///(app-pages-browser)/../../node_modules/.pnpm/next@14.2.18_react-dom@18.3.1_react@18.2.0__react@18.2.0/node_modules/next/dist/compiled/react-refresh/cjs/react-refresh-runtime.development.js:265:17)
    at Set.forEach (<anonymous>)
    at Object.performReactRefresh (webpack-internal:///(app-pages-browser)/../../node_modules/.pnpm/next@14.2.18_react-dom@18.3.1_react@18.2.0__react@18.2.0/node_modules/next/dist/compiled/react-refresh/cjs/react-refresh-runtime.development.js:254:26)
    at applyUpdate (webpack-internal:///(app-pages-browser)/../../node_modules/.pnpm/next@14.2.18_react-dom@18.3.1_react@18.2.0__react@18.2.0/node_modules/next/dist/compiled/@next/react-refresh-utils/dist/internal/helpers.js:139:31)
    at statusHandler (webpack-internal:///(app-pages-browser)/../../node_modules/.pnpm/next@14.2.18_react-dom@18.3.1_react@18.2.0__react@18.2.0/node_modules/next/dist/compiled/@next/react-refresh-utils/dist/internal/helpers.js:156:13)
    at setStatus (http://localhost:3000/_next/static/chunks/webpack.js?v=1773867130421:508:55)
    at http://localhost:3000/_next/static/chunks/webpack.js?v=1773867130421:678:21
[   26097ms] ReferenceError: EXPLAINER_ICONS is not defined
    at ExplainerStepper (webpack-internal:///(app-pages-browser)/./components/service/ExplainerStepper.tsx:61:18)
    at renderWithHooks (webpack-internal:///(app-pages-browser)/../../node_modules/.pnpm/next@14.2.18_react-dom@18.3.1_react@18.2.0__react@18.2.0/node_modules/next/dist/compiled/react-dom/cjs/react-dom.development.js:11121:18)
    at updateFunctionComponent (webpack-internal:///(app-pages-browser)/../../node_modules/.pnpm/next@14.2.18_react-dom@18.3.1_react@18.2.0__react@18.2.0/node_modules/next/dist/compiled/react-dom/cjs/react-dom.development.js:16290:20)
    at beginWork$1 (webpack-internal:///(app-pages-browser)/../../node_modules/.pnpm/next@14.2.18_react-dom@18.3.1_react@18.2.0__react@18.2.0/node_modules/next/dist/compiled/react-dom/cjs/react-dom.development.js:18472:16)
    at beginWork (webpack-internal:///(app-pages-browser)/../../node_modules/.pnpm/next@14.2.18_react-dom@18.3.1_react@18.2.0__react@18.2.0/node_modules/next/dist/compiled/react-dom/cjs/react-dom.development.js:26927:14)
    at performUnitOfWork (webpack-internal:///(app-pages-browser)/../../node_modules/.pnpm/next@14.2.18_react-dom@18.3.1_react@18.2.0__react@18.2.0/node_modules/next/dist/compiled/react-dom/cjs/react-dom.development.js:25748:12)
    at workLoopSync (webpack-internal:///(app-pages-browser)/../../node_modules/.pnpm/next@14.2.18_react-dom@18.3.1_react@18.2.0__react@18.2.0/node_modules/next/dist/compiled/react-dom/cjs/react-dom.development.js:25464:5)
    at renderRootSync (webpack-internal:///(app-pages-browser)/../../node_modules/.pnpm/next@14.2.18_react-dom@18.3.1_react@18.2.0__react@18.2.0/node_modules/next/dist/compiled/react-dom/cjs/react-dom.development.js:25419:7)
    at performSyncWorkOnRoot (webpack-internal:///(app-pages-browser)/../../node_modules/.pnpm/next@14.2.18_react-dom@18.3.1_react@18.2.0__react@18.2.0/node_modules/next/dist/compiled/react-dom/cjs/react-dom.development.js:24887:20)
    at flushSyncWorkAcrossRoots_impl (webpack-internal:///(app-pages-browser)/../../node_modules/.pnpm/next@14.2.18_react-dom@18.3.1_react@18.2.0__react@18.2.0/node_modules/next/dist/compiled/react-dom/cjs/react-dom.development.js:7758:13)
    at flushSyncWorkOnAllRoots (webpack-internal:///(app-pages-browser)/../../node_modules/.pnpm/next@14.2.18_react-dom@18.3.1_react@18.2.0__react@18.2.0/node_modules/next/dist/compiled/react-dom/cjs/react-dom.development.js:7718:3)
    at flushSync$1 (webpack-internal:///(app-pages-browser)/../../node_modules/.pnpm/next@14.2.18_react-dom@18.3.1_react@18.2.0__react@18.2.0/node_modules/next/dist/compiled/react-dom/cjs/react-dom.development.js:24999:7)
    at Object.scheduleRefresh (webpack-internal:///(app-pages-browser)/../../node_modules/.pnpm/next@14.2.18_react-dom@18.3.1_react@18.2.0__react@18.2.0/node_modules/next/dist/compiled/react-dom/cjs/react-dom.development.js:27285:5)
    at eval (webpack-internal:///(app-pages-browser)/../../node_modules/.pnpm/next@14.2.18_react-dom@18.3.1_react@18.2.0__react@18.2.0/node_modules/next/dist/compiled/react-refresh/cjs/react-refresh-runtime.development.js:265:17)
    at Set.forEach (<anonymous>)
    at Object.performReactRefresh (webpack-internal:///(app-pages-browser)/../../node_modules/.pnpm/next@14.2.18_react-dom@18.3.1_react@18.2.0__react@18.2.0/node_modules/next/dist/compiled/react-refresh/cjs/react-refresh-runtime.development.js:254:26)
    at applyUpdate (webpack-internal:///(app-pages-browser)/../../node_modules/.pnpm/next@14.2.18_react-dom@18.3.1_react@18.2.0__react@18.2.0/node_modules/next/dist/compiled/@next/react-refresh-utils/dist/internal/helpers.js:139:31)
    at statusHandler (webpack-internal:///(app-pages-browser)/../../node_modules/.pnpm/next@14.2.18_react-dom@18.3.1_react@18.2.0__react@18.2.0/node_modules/next/dist/compiled/@next/react-refresh-utils/dist/internal/helpers.js:156:13)
    at setStatus (http://localhost:3000/_next/static/chunks/webpack.js?v=1773867130421:508:55)
    at http://localhost:3000/_next/static/chunks/webpack.js?v=1773867130421:678:21
[   26097ms] ReferenceError: EXPLAINER_ICONS is not defined
    at ExplainerStepper (webpack-internal:///(app-pages-browser)/./components/service/ExplainerStepper.tsx:61:18)
    at renderWithHooks (webpack-internal:///(app-pages-browser)/../../node_modules/.pnpm/next@14.2.18_react-dom@18.3.1_react@18.2.0__react@18.2.0/node_modules/next/dist/compiled/react-dom/cjs/react-dom.development.js:11121:18)
    at updateFunctionComponent (webpack-internal:///(app-pages-browser)/../../node_modules/.pnpm/next@14.2.18_react-dom@18.3.1_react@18.2.0__react@18.2.0/node_modules/next/dist/compiled/react-dom/cjs/react-dom.development.js:16290:20)
    at beginWork$1 (webpack-internal:///(app-pages-browser)/../../node_modules/.pnpm/next@14.2.18_react-dom@18.3.1_react@18.2.0__react@18.2.0/node_modules/next/dist/compiled/react-dom/cjs/react-dom.development.js:18472:16)
    at beginWork (webpack-internal:///(app-pages-browser)/../../node_modules/.pnpm/next@14.2.18_react-dom@18.3.1_react@18.2.0__react@18.2.0/node_modules/next/dist/compiled/react-dom/cjs/react-dom.development.js:26927:14)
    at performUnitOfWork (webpack-internal:///(app-pages-browser)/../../node_modules/.pnpm/next@14.2.18_react-dom@18.3.1_react@18.2.0__react@18.2.0/node_modules/next/dist/compiled/react-dom/cjs/react-dom.development.js:25748:12)
    at workLoopSync (webpack-internal:///(app-pages-browser)/../../node_modules/.pnpm/next@14.2.18_react-dom@18.3.1_react@18.2.0__react@18.2.0/node_modules/next/dist/compiled/react-dom/cjs/react-dom.development.js:25464:5)
    at renderRootSync (webpack-internal:///(app-pages-browser)/../../node_modules/.pnpm/next@14.2.18_react-dom@18.3.1_react@18.2.0__react@18.2.0/node_modules/next/dist/compiled/react-dom/cjs/react-dom.development.js:25419:7)
    at performSyncWorkOnRoot (webpack-internal:///(app-pages-browser)/../../node_modules/.pnpm/next@14.2.18_react-dom@18.3.1_react@18.2.0__react@18.2.0/node_modules/next/dist/compiled/react-dom/cjs/react-dom.development.js:24887:20)
    at flushSyncWorkAcrossRoots_impl (webpack-internal:///(app-pages-browser)/../../node_modules/.pnpm/next@14.2.18_react-dom@18.3.1_react@18.2.0__react@18.2.0/node_modules/next/dist/compiled/react-dom/cjs/react-dom.development.js:7758:13)
    at flushSyncWorkOnAllRoots (webpack-internal:///(app-pages-browser)/../../node_modules/.pnpm/next@14.2.18_react-dom@18.3.1_react@18.2.0__react@18.2.0/node_modules/next/dist/compiled/react-dom/cjs/react-dom.development.js:7718:3)
    at flushSync$1 (webpack-internal:///(app-pages-browser)/../../node_modules/.pnpm/next@14.2.18_react-dom@18.3.1_react@18.2.0__react@18.2.0/node_modules/next/dist/compiled/react-dom/cjs/react-dom.development.js:24999:7)
    at Object.scheduleRefresh (webpack-internal:///(app-pages-browser)/../../node_modules/.pnpm/next@14.2.18_react-dom@18.3.1_react@18.2.0__react@18.2.0/node_modules/next/dist/compiled/react-dom/cjs/react-dom.development.js:27285:5)
    at eval (webpack-internal:///(app-pages-browser)/../../node_modules/.pnpm/next@14.2.18_react-dom@18.3.1_react@18.2.0__react@18.2.0/node_modules/next/dist/compiled/react-refresh/cjs/react-refresh-runtime.development.js:265:17)
    at Set.forEach (<anonymous>)
    at Object.performReactRefresh (webpack-internal:///(app-pages-browser)/../../node_modules/.pnpm/next@14.2.18_react-dom@18.3.1_react@18.2.0__react@18.2.0/node_modules/next/dist/compiled/react-refresh/cjs/react-refresh-runtime.development.js:254:26)
    at applyUpdate (webpack-internal:///(app-pages-browser)/../../node_modules/.pnpm/next@14.2.18_react-dom@18.3.1_react@18.2.0__react@18.2.0/node_modules/next/dist/compiled/@next/react-refresh-utils/dist/internal/helpers.js:139:31)
    at statusHandler (webpack-internal:///(app-pages-browser)/../../node_modules/.pnpm/next@14.2.18_react-dom@18.3.1_react@18.2.0__react@18.2.0/node_modules/next/dist/compiled/@next/react-refresh-utils/dist/internal/helpers.js:156:13)
    at setStatus (http://localhost:3000/_next/static/chunks/webpack.js?v=1773867130421:508:55)
    at http://localhost:3000/_next/static/chunks/webpack.js?v=1773867130421:678:21
[   26097ms] ReferenceError: EXPLAINER_ICONS is not defined
    at ExplainerStepper (webpack-internal:///(app-pages-browser)/./components/service/ExplainerStepper.tsx:61:18)
    at renderWithHooks (webpack-internal:///(app-pages-browser)/../../node_modules/.pnpm/next@14.2.18_react-dom@18.3.1_react@18.2.0__react@18.2.0/node_modules/next/dist/compiled/react-dom/cjs/react-dom.development.js:11121:18)
    at updateFunctionComponent (webpack-internal:///(app-pages-browser)/../../node_modules/.pnpm/next@14.2.18_react-dom@18.3.1_react@18.2.0__react@18.2.0/node_modules/next/dist/compiled/react-dom/cjs/react-dom.development.js:16290:20)
    at beginWork$1 (webpack-internal:///(app-pages-browser)/../../node_modules/.pnpm/next@14.2.18_react-dom@18.3.1_react@18.2.0__react@18.2.0/node_modules/next/dist/compiled/react-dom/cjs/react-dom.development.js:18472:16)
    at beginWork (webpack-internal:///(app-pages-browser)/../../node_modules/.pnpm/next@14.2.18_react-dom@18.3.1_react@18.2.0__react@18.2.0/node_modules/next/dist/compiled/react-dom/cjs/react-dom.development.js:26927:14)
    at performUnitOfWork (webpack-internal:///(app-pages-browser)/../../node_modules/.pnpm/next@14.2.18_react-dom@18.3.1_react@18.2.0__react@18.2.0/node_modules/next/dist/compiled/react-dom/cjs/react-dom.development.js:25748:12)
    at workLoopSync (webpack-internal:///(app-pages-browser)/../../node_modules/.pnpm/next@14.2.18_react-dom@18.3.1_react@18.2.0__react@18.2.0/node_modules/next/dist/compiled/react-dom/cjs/react-dom.development.js:25464:5)
    at renderRootSync (webpack-internal:///(app-pages-browser)/../../node_modules/.pnpm/next@14.2.18_react-dom@18.3.1_react@18.2.0__react@18.2.0/node_modules/next/dist/compiled/react-dom/cjs/react-dom.development.js:25419:7)
    at performSyncWorkOnRoot (webpack-internal:///(app-pages-browser)/../../node_modules/.pnpm/next@14.2.18_react-dom@18.3.1_react@18.2.0__react@18.2.0/node_modules/next/dist/compiled/react-dom/cjs/react-dom.development.js:24887:20)
    at flushSyncWorkAcrossRoots_impl (webpack-internal:///(app-pages-browser)/../../node_modules/.pnpm/next@14.2.18_react-dom@18.3.1_react@18.2.0__react@18.2.0/node_modules/next/dist/compiled/react-dom/cjs/react-dom.development.js:7758:13)
    at flushSyncWorkOnAllRoots (webpack-internal:///(app-pages-browser)/../../node_modules/.pnpm/next@14.2.18_react-dom@18.3.1_react@18.2.0__react@18.2.0/node_modules/next/dist/compiled/react-dom/cjs/react-dom.development.js:7718:3)
    at flushSync$1 (webpack-internal:///(app-pages-browser)/../../node_modules/.pnpm/next@14.2.18_react-dom@18.3.1_react@18.2.0__react@18.2.0/node_modules/next/dist/compiled/react-dom/cjs/react-dom.development.js:24999:7)
    at Object.scheduleRefresh (webpack-internal:///(app-pages-browser)/../../node_modules/.pnpm/next@14.2.18_react-dom@18.3.1_react@18.2.0__react@18.2.0/node_modules/next/dist/compiled/react-dom/cjs/react-dom.development.js:27285:5)
    at eval (webpack-internal:///(app-pages-browser)/../../node_modules/.pnpm/next@14.2.18_react-dom@18.3.1_react@18.2.0__react@18.2.0/node_modules/next/dist/compiled/react-refresh/cjs/react-refresh-runtime.development.js:265:17)
    at Set.forEach (<anonymous>)
    at Object.performReactRefresh (webpack-internal:///(app-pages-browser)/../../node_modules/.pnpm/next@14.2.18_react-dom@18.3.1_react@18.2.0__react@18.2.0/node_modules/next/dist/compiled/react-refresh/cjs/react-refresh-runtime.development.js:254:26)
    at applyUpdate (webpack-internal:///(app-pages-browser)/../../node_modules/.pnpm/next@14.2.18_react-dom@18.3.1_react@18.2.0__react@18.2.0/node_modules/next/dist/compiled/@next/react-refresh-utils/dist/internal/helpers.js:139:31)
    at statusHandler (webpack-internal:///(app-pages-browser)/../../node_modules/.pnpm/next@14.2.18_react-dom@18.3.1_react@18.2.0__react@18.2.0/node_modules/next/dist/compiled/@next/react-refresh-utils/dist/internal/helpers.js:156:13)
    at setStatus (http://localhost:3000/_next/static/chunks/webpack.js?v=1773867130421:508:55)
    at http://localhost:3000/_next/static/chunks/webpack.js?v=1773867130421:678:21
[   26097ms] ReferenceError: EXPLAINER_ICONS is not defined
    at ExplainerStepper (webpack-internal:///(app-pages-browser)/./components/service/ExplainerStepper.tsx:61:18)
    at renderWithHooks (webpack-internal:///(app-pages-browser)/../../node_modules/.pnpm/next@14.2.18_react-dom@18.3.1_react@18.2.0__react@18.2.0/node_modules/next/dist/compiled/react-dom/cjs/react-dom.development.js:11121:18)
    at updateFunctionComponent (webpack-internal:///(app-pages-browser)/../../node_modules/.pnpm/next@14.2.18_react-dom@18.3.1_react@18.2.0__react@18.2.0/node_modules/next/dist/compiled/react-dom/cjs/react-dom.development.js:16290:20)
    at beginWork$1 (webpack-internal:///(app-pages-browser)/../../node_modules/.pnpm/next@14.2.18_react-dom@18.3.1_react@18.2.0__react@18.2.0/node_modules/next/dist/compiled/react-dom/cjs/react-dom.development.js:18472:16)
    at beginWork (webpack-internal:///(app-pages-browser)/../../node_modules/.pnpm/next@14.2.18_react-dom@18.3.1_react@18.2.0__react@18.2.0/node_modules/next/dist/compiled/react-dom/cjs/react-dom.development.js:26927:14)
    at performUnitOfWork (webpack-internal:///(app-pages-browser)/../../node_modules/.pnpm/next@14.2.18_react-dom@18.3.1_react@18.2.0__react@18.2.0/node_modules/next/dist/compiled/react-dom/cjs/react-dom.development.js:25748:12)
    at workLoopSync (webpack-internal:///(app-pages-browser)/../../node_modules/.pnpm/next@14.2.18_react-dom@18.3.1_react@18.2.0__react@18.2.0/node_modules/next/dist/compiled/react-dom/cjs/react-dom.development.js:25464:5)
    at renderRootSync (webpack-internal:///(app-pages-browser)/../../node_modules/.pnpm/next@14.2.18_react-dom@18.3.1_react@18.2.0__react@18.2.0/node_modules/next/dist/compiled/react-dom/cjs/react-dom.development.js:25419:7)
    at performSyncWorkOnRoot (webpack-internal:///(app-pages-browser)/../../node_modules/.pnpm/next@14.2.18_react-dom@18.3.1_react@18.2.0__react@18.2.0/node_modules/next/dist/compiled/react-dom/cjs/react-dom.development.js:24887:20)
    at flushSyncWorkAcrossRoots_impl (webpack-internal:///(app-pages-browser)/../../node_modules/.pnpm/next@14.2.18_react-dom@18.3.1_react@18.2.0__react@18.2.0/node_modules/next/dist/compiled/react-dom/cjs/react-dom.development.js:7758:13)
    at flushSyncWorkOnAllRoots (webpack-internal:///(app-pages-browser)/../../node_modules/.pnpm/next@14.2.18_react-dom@18.3.1_react@18.2.0__react@18.2.0/node_modules/next/dist/compiled/react-dom/cjs/react-dom.development.js:7718:3)
    at flushSync$1 (webpack-internal:///(app-pages-browser)/../../node_modules/.pnpm/next@14.2.18_react-dom@18.3.1_react@18.2.0__react@18.2.0/node_modules/next/dist/compiled/react-dom/cjs/react-dom.development.js:24999:7)
    at Object.scheduleRefresh (webpack-internal:///(app-pages-browser)/../../node_modules/.pnpm/next@14.2.18_react-dom@18.3.1_react@18.2.0__react@18.2.0/node_modules/next/dist/compiled/react-dom/cjs/react-dom.development.js:27285:5)
    at eval (webpack-internal:///(app-pages-browser)/../../node_modules/.pnpm/next@14.2.18_react-dom@18.3.1_react@18.2.0__react@18.2.0/node_modules/next/dist/compiled/react-refresh/cjs/react-refresh-runtime.development.js:265:17)
    at Set.forEach (<anonymous>)
    at Object.performReactRefresh (webpack-internal:///(app-pages-browser)/../../node_modules/.pnpm/next@14.2.18_react-dom@18.3.1_react@18.2.0__react@18.2.0/node_modules/next/dist/compiled/react-refresh/cjs/react-refresh-runtime.development.js:254:26)
    at applyUpdate (webpack-internal:///(app-pages-browser)/../../node_modules/.pnpm/next@14.2.18_react-dom@18.3.1_react@18.2.0__react@18.2.0/node_modules/next/dist/compiled/@next/react-refresh-utils/dist/internal/helpers.js:139:31)
    at statusHandler (webpack-internal:///(app-pages-browser)/../../node_modules/.pnpm/next@14.2.18_react-dom@18.3.1_react@18.2.0__react@18.2.0/node_modules/next/dist/compiled/@next/react-refresh-utils/dist/internal/helpers.js:156:13)
    at setStatus (http://localhost:3000/_next/static/chunks/webpack.js?v=1773867130421:508:55)
    at http://localhost:3000/_next/static/chunks/webpack.js?v=1773867130421:678:21
[   26097ms] ReferenceError: EXPLAINER_ICONS is not defined
    at ExplainerStepper (webpack-internal:///(app-pages-browser)/./components/service/ExplainerStepper.tsx:61:18)
    at renderWithHooks (webpack-internal:///(app-pages-browser)/../../node_modules/.pnpm/next@14.2.18_react-dom@18.3.1_react@18.2.0__react@18.2.0/node_modules/next/dist/compiled/react-dom/cjs/react-dom.development.js:11121:18)
    at updateFunctionComponent (webpack-internal:///(app-pages-browser)/../../node_modules/.pnpm/next@14.2.18_react-dom@18.3.1_react@18.2.0__react@18.2.0/node_modules/next/dist/compiled/react-dom/cjs/react-dom.development.js:16290:20)
    at beginWork$1 (webpack-internal:///(app-pages-browser)/../../node_modules/.pnpm/next@14.2.18_react-dom@18.3.1_react@18.2.0__react@18.2.0/node_modules/next/dist/compiled/react-dom/cjs/react-dom.development.js:18472:16)
    at beginWork (webpack-internal:///(app-pages-browser)/../../node_modules/.pnpm/next@14.2.18_react-dom@18.3.1_react@18.2.0__react@18.2.0/node_modules/next/dist/compiled/react-dom/cjs/react-dom.development.js:26927:14)
    at performUnitOfWork (webpack-internal:///(app-pages-browser)/../../node_modules/.pnpm/next@14.2.18_react-dom@18.3.1_react@18.2.0__react@18.2.0/node_modules/next/dist/compiled/react-dom/cjs/react-dom.development.js:25748:12)
    at workLoopSync (webpack-internal:///(app-pages-browser)/../../node_modules/.pnpm/next@14.2.18_react-dom@18.3.1_react@18.2.0__react@18.2.0/node_modules/next/dist/compiled/react-dom/cjs/react-dom.development.js:25464:5)
    at renderRootSync (webpack-internal:///(app-pages-browser)/../../node_modules/.pnpm/next@14.2.18_react-dom@18.3.1_react@18.2.0__react@18.2.0/node_modules/next/dist/compiled/react-dom/cjs/react-dom.development.js:25419:7)
    at performSyncWorkOnRoot (webpack-internal:///(app-pages-browser)/../../node_modules/.pnpm/next@14.2.18_react-dom@18.3.1_react@18.2.0__react@18.2.0/node_modules/next/dist/compiled/react-dom/cjs/react-dom.development.js:24887:20)
    at flushSyncWorkAcrossRoots_impl (webpack-internal:///(app-pages-browser)/../../node_modules/.pnpm/next@14.2.18_react-dom@18.3.1_react@18.2.0__react@18.2.0/node_modules/next/dist/compiled/react-dom/cjs/react-dom.development.js:7758:13)
    at flushSyncWorkOnAllRoots (webpack-internal:///(app-pages-browser)/../../node_modules/.pnpm/next@14.2.18_react-dom@18.3.1_react@18.2.0__react@18.2.0/node_modules/next/dist/compiled/react-dom/cjs/react-dom.development.js:7718:3)
    at flushSync$1 (webpack-internal:///(app-pages-browser)/../../node_modules/.pnpm/next@14.2.18_react-dom@18.3.1_react@18.2.0__react@18.2.0/node_modules/next/dist/compiled/react-dom/cjs/react-dom.development.js:24999:7)
    at Object.scheduleRefresh (webpack-internal:///(app-pages-browser)/../../node_modules/.pnpm/next@14.2.18_react-dom@18.3.1_react@18.2.0__react@18.2.0/node_modules/next/dist/compiled/react-dom/cjs/react-dom.development.js:27285:5)
    at eval (webpack-internal:///(app-pages-browser)/../../node_modules/.pnpm/next@14.2.18_react-dom@18.3.1_react@18.2.0__react@18.2.0/node_modules/next/dist/compiled/react-refresh/cjs/react-refresh-runtime.development.js:265:17)
    at Set.forEach (<anonymous>)
    at Object.performReactRefresh (webpack-internal:///(app-pages-browser)/../../node_modules/.pnpm/next@14.2.18_react-dom@18.3.1_react@18.2.0__react@18.2.0/node_modules/next/dist/compiled/react-refresh/cjs/react-refresh-runtime.development.js:254:26)
    at applyUpdate (webpack-internal:///(app-pages-browser)/../../node_modules/.pnpm/next@14.2.18_react-dom@18.3.1_react@18.2.0__react@18.2.0/node_modules/next/dist/compiled/@next/react-refresh-utils/dist/internal/helpers.js:139:31)
    at statusHandler (webpack-internal:///(app-pages-browser)/../../node_modules/.pnpm/next@14.2.18_react-dom@18.3.1_react@18.2.0__react@18.2.0/node_modules/next/dist/compiled/@next/react-refresh-utils/dist/internal/helpers.js:156:13)
    at setStatus (http://localhost:3000/_next/static/chunks/webpack.js?v=1773867130421:508:55)
    at http://localhost:3000/_next/static/chunks/webpack.js?v=1773867130421:678:21
[   26097ms] ReferenceError: EXPLAINER_ICONS is not defined
    at ExplainerStepper (webpack-internal:///(app-pages-browser)/./components/service/ExplainerStepper.tsx:61:18)
    at renderWithHooks (webpack-internal:///(app-pages-browser)/../../node_modules/.pnpm/next@14.2.18_react-dom@18.3.1_react@18.2.0__react@18.2.0/node_modules/next/dist/compiled/react-dom/cjs/react-dom.development.js:11121:18)
    at updateFunctionComponent (webpack-internal:///(app-pages-browser)/../../node_modules/.pnpm/next@14.2.18_react-dom@18.3.1_react@18.2.0__react@18.2.0/node_modules/next/dist/compiled/react-dom/cjs/react-dom.development.js:16290:20)
    at beginWork$1 (webpack-internal:///(app-pages-browser)/../../node_modules/.pnpm/next@14.2.18_react-dom@18.3.1_react@18.2.0__react@18.2.0/node_modules/next/dist/compiled/react-dom/cjs/react-dom.development.js:18472:16)
    at beginWork (webpack-internal:///(app-pages-browser)/../../node_modules/.pnpm/next@14.2.18_react-dom@18.3.1_react@18.2.0__react@18.2.0/node_modules/next/dist/compiled/react-dom/cjs/react-dom.development.js:26927:14)
    at performUnitOfWork (webpack-internal:///(app-pages-browser)/../../node_modules/.pnpm/next@14.2.18_react-dom@18.3.1_react@18.2.0__react@18.2.0/node_modules/next/dist/compiled/react-dom/cjs/react-dom.development.js:25748:12)
    at workLoopSync (webpack-internal:///(app-pages-browser)/../../node_modules/.pnpm/next@14.2.18_react-dom@18.3.1_react@18.2.0__react@18.2.0/node_modules/next/dist/compiled/react-dom/cjs/react-dom.development.js:25464:5)
    at renderRootSync (webpack-internal:///(app-pages-browser)/../../node_modules/.pnpm/next@14.2.18_react-dom@18.3.1_react@18.2.0__react@18.2.0/node_modules/next/dist/compiled/react-dom/cjs/react-dom.development.js:25419:7)
    at performSyncWorkOnRoot (webpack-internal:///(app-pages-browser)/../../node_modules/.pnpm/next@14.2.18_react-dom@18.3.1_react@18.2.0__react@18.2.0/node_modules/next/dist/compiled/react-dom/cjs/react-dom.development.js:24887:20)
    at flushSyncWorkAcrossRoots_impl (webpack-internal:///(app-pages-browser)/../../node_modules/.pnpm/next@14.2.18_react-dom@18.3.1_react@18.2.0__react@18.2.0/node_modules/next/dist/compiled/react-dom/cjs/react-dom.development.js:7758:13)
    at flushSyncWorkOnAllRoots (webpack-internal:///(app-pages-browser)/../../node_modules/.pnpm/next@14.2.18_react-dom@18.3.1_react@18.2.0__react@18.2.0/node_modules/next/dist/compiled/react-dom/cjs/react-dom.development.js:7718:3)
    at flushSync$1 (webpack-internal:///(app-pages-browser)/../../node_modules/.pnpm/next@14.2.18_react-dom@18.3.1_react@18.2.0__react@18.2.0/node_modules/next/dist/compiled/react-dom/cjs/react-dom.development.js:24999:7)
    at Object.scheduleRefresh (webpack-internal:///(app-pages-browser)/../../node_modules/.pnpm/next@14.2.18_react-dom@18.3.1_react@18.2.0__react@18.2.0/node_modules/next/dist/compiled/react-dom/cjs/react-dom.development.js:27285:5)
    at eval (webpack-internal:///(app-pages-browser)/../../node_modules/.pnpm/next@14.2.18_react-dom@18.3.1_react@18.2.0__react@18.2.0/node_modules/next/dist/compiled/react-refresh/cjs/react-refresh-runtime.development.js:265:17)
    at Set.forEach (<anonymous>)
    at Object.performReactRefresh (webpack-internal:///(app-pages-browser)/../../node_modules/.pnpm/next@14.2.18_react-dom@18.3.1_react@18.2.0__react@18.2.0/node_modules/next/dist/compiled/react-refresh/cjs/react-refresh-runtime.development.js:254:26)
    at applyUpdate (webpack-internal:///(app-pages-browser)/../../node_modules/.pnpm/next@14.2.18_react-dom@18.3.1_react@18.2.0__react@18.2.0/node_modules/next/dist/compiled/@next/react-refresh-utils/dist/internal/helpers.js:139:31)
    at statusHandler (webpack-internal:///(app-pages-browser)/../../node_modules/.pnpm/next@14.2.18_react-dom@18.3.1_react@18.2.0__react@18.2.0/node_modules/next/dist/compiled/@next/react-refresh-utils/dist/internal/helpers.js:156:13)
    at setStatus (http://localhost:3000/_next/static/chunks/webpack.js?v=1773867130421:508:55)
    at http://localhost:3000/_next/static/chunks/webpack.js?v=1773867130421:678:21
[   26098ms] ReferenceError: EXPLAINER_ICONS is not defined
    at ExplainerStepper (webpack-internal:///(app-pages-browser)/./components/service/ExplainerStepper.tsx:61:18)
    at renderWithHooks (webpack-internal:///(app-pages-browser)/../../node_modules/.pnpm/next@14.2.18_react-dom@18.3.1_react@18.2.0__react@18.2.0/node_modules/next/dist/compiled/react-dom/cjs/react-dom.development.js:11121:18)
    at updateFunctionComponent (webpack-internal:///(app-pages-browser)/../../node_modules/.pnpm/next@14.2.18_react-dom@18.3.1_react@18.2.0__react@18.2.0/node_modules/next/dist/compiled/react-dom/cjs/react-dom.development.js:16290:20)
    at beginWork$1 (webpack-internal:///(app-pages-browser)/../../node_modules/.pnpm/next@14.2.18_react-dom@18.3.1_react@18.2.0__react@18.2.0/node_modules/next/dist/compiled/react-dom/cjs/react-dom.development.js:18472:16)
    at beginWork (webpack-internal:///(app-pages-browser)/../../node_modules/.pnpm/next@14.2.18_react-dom@18.3.1_react@18.2.0__react@18.2.0/node_modules/next/dist/compiled/react-dom/cjs/react-dom.development.js:26927:14)
    at performUnitOfWork (webpack-internal:///(app-pages-browser)/../../node_modules/.pnpm/next@14.2.18_react-dom@18.3.1_react@18.2.0__react@18.2.0/node_modules/next/dist/compiled/react-dom/cjs/react-dom.development.js:25748:12)
    at workLoopSync (webpack-internal:///(app-pages-browser)/../../node_modules/.pnpm/next@14.2.18_react-dom@18.3.1_react@18.2.0__react@18.2.0/node_modules/next/dist/compiled/react-dom/cjs/react-dom.development.js:25464:5)
    at renderRootSync (webpack-internal:///(app-pages-browser)/../../node_modules/.pnpm/next@14.2.18_react-dom@18.3.1_react@18.2.0__react@18.2.0/node_modules/next/dist/compiled/react-dom/cjs/react-dom.development.js:25419:7)
    at performSyncWorkOnRoot (webpack-internal:///(app-pages-browser)/../../node_modules/.pnpm/next@14.2.18_react-dom@18.3.1_react@18.2.0__react@18.2.0/node_modules/next/dist/compiled/react-dom/cjs/react-dom.development.js:24887:20)
    at flushSyncWorkAcrossRoots_impl (webpack-internal:///(app-pages-browser)/../../node_modules/.pnpm/next@14.2.18_react-dom@18.3.1_react@18.2.0__react@18.2.0/node_modules/next/dist/compiled/react-dom/cjs/react-dom.development.js:7758:13)
    at flushSyncWorkOnAllRoots (webpack-internal:///(app-pages-browser)/../../node_modules/.pnpm/next@14.2.18_react-dom@18.3.1_react@18.2.0__react@18.2.0/node_modules/next/dist/compiled/react-dom/cjs/react-dom.development.js:7718:3)
    at flushSync$1 (webpack-internal:///(app-pages-browser)/../../node_modules/.pnpm/next@14.2.18_react-dom@18.3.1_react@18.2.0__react@18.2.0/node_modules/next/dist/compiled/react-dom/cjs/react-dom.development.js:24999:7)
    at Object.scheduleRefresh (webpack-internal:///(app-pages-browser)/../../node_modules/.pnpm/next@14.2.18_react-dom@18.3.1_react@18.2.0__react@18.2.0/node_modules/next/dist/compiled/react-dom/cjs/react-dom.development.js:27285:5)
    at eval (webpack-internal:///(app-pages-browser)/../../node_modules/.pnpm/next@14.2.18_react-dom@18.3.1_react@18.2.0__react@18.2.0/node_modules/next/dist/compiled/react-refresh/cjs/react-refresh-runtime.development.js:265:17)
    at Set.forEach (<anonymous>)
    at Object.performReactRefresh (webpack-internal:///(app-pages-browser)/../../node_modules/.pnpm/next@14.2.18_react-dom@18.3.1_react@18.2.0__react@18.2.0/node_modules/next/dist/compiled/react-refresh/cjs/react-refresh-runtime.development.js:254:26)
    at applyUpdate (webpack-internal:///(app-pages-browser)/../../node_modules/.pnpm/next@14.2.18_react-dom@18.3.1_react@18.2.0__react@18.2.0/node_modules/next/dist/compiled/@next/react-refresh-utils/dist/internal/helpers.js:139:31)
    at statusHandler (webpack-internal:///(app-pages-browser)/../../node_modules/.pnpm/next@14.2.18_react-dom@18.3.1_react@18.2.0__react@18.2.0/node_modules/next/dist/compiled/@next/react-refresh-utils/dist/internal/helpers.js:156:13)
    at setStatus (http://localhost:3000/_next/static/chunks/webpack.js?v=1773867130421:508:55)
    at http://localhost:3000/_next/static/chunks/webpack.js?v=1773867130421:678:21
[   26098ms] ReferenceError: EXPLAINER_ICONS is not defined
    at ExplainerStepper (webpack-internal:///(app-pages-browser)/./components/service/ExplainerStepper.tsx:61:18)
    at renderWithHooks (webpack-internal:///(app-pages-browser)/../../node_modules/.pnpm/next@14.2.18_react-dom@18.3.1_react@18.2.0__react@18.2.0/node_modules/next/dist/compiled/react-dom/cjs/react-dom.development.js:11121:18)
    at updateFunctionComponent (webpack-internal:///(app-pages-browser)/../../node_modules/.pnpm/next@14.2.18_react-dom@18.3.1_react@18.2.0__react@18.2.0/node_modules/next/dist/compiled/react-dom/cjs/react-dom.development.js:16290:20)
    at beginWork$1 (webpack-internal:///(app-pages-browser)/../../node_modules/.pnpm/next@14.2.18_react-dom@18.3.1_react@18.2.0__react@18.2.0/node_modules/next/dist/compiled/react-dom/cjs/react-dom.development.js:18472:16)
    at beginWork (webpack-internal:///(app-pages-browser)/../../node_modules/.pnpm/next@14.2.18_react-dom@18.3.1_react@18.2.0__react@18.2.0/node_modules/next/dist/compiled/react-dom/cjs/react-dom.development.js:26927:14)
    at performUnitOfWork (webpack-internal:///(app-pages-browser)/../../node_modules/.pnpm/next@14.2.18_react-dom@18.3.1_react@18.2.0__react@18.2.0/node_modules/next/dist/compiled/react-dom/cjs/react-dom.development.js:25748:12)
    at workLoopSync (webpack-internal:///(app-pages-browser)/../../node_modules/.pnpm/next@14.2.18_react-dom@18.3.1_react@18.2.0__react@18.2.0/node_modules/next/dist/compiled/react-dom/cjs/react-dom.development.js:25464:5)
    at renderRootSync (webpack-internal:///(app-pages-browser)/../../node_modules/.pnpm/next@14.2.18_react-dom@18.3.1_react@18.2.0__react@18.2.0/node_modules/next/dist/compiled/react-dom/cjs/react-dom.development.js:25419:7)
    at performSyncWorkOnRoot (webpack-internal:///(app-pages-browser)/../../node_modules/.pnpm/next@14.2.18_react-dom@18.3.1_react@18.2.0__react@18.2.0/node_modules/next/dist/compiled/react-dom/cjs/react-dom.development.js:24887:20)
    at flushSyncWorkAcrossRoots_impl (webpack-internal:///(app-pages-browser)/../../node_modules/.pnpm/next@14.2.18_react-dom@18.3.1_react@18.2.0__react@18.2.0/node_modules/next/dist/compiled/react-dom/cjs/react-dom.development.js:7758:13)
    at flushSyncWorkOnAllRoots (webpack-internal:///(app-pages-browser)/../../node_modules/.pnpm/next@14.2.18_react-dom@18.3.1_react@18.2.0__react@18.2.0/node_modules/next/dist/compiled/react-dom/cjs/react-dom.development.js:7718:3)
    at flushSync$1 (webpack-internal:///(app-pages-browser)/../../node_modules/.pnpm/next@14.2.18_react-dom@18.3.1_react@18.2.0__react@18.2.0/node_modules/next/dist/compiled/react-dom/cjs/react-dom.development.js:24999:7)
    at Object.scheduleRefresh (webpack-internal:///(app-pages-browser)/../../node_modules/.pnpm/next@14.2.18_react-dom@18.3.1_react@18.2.0__react@18.2.0/node_modules/next/dist/compiled/react-dom/cjs/react-dom.development.js:27285:5)
    at eval (webpack-internal:///(app-pages-browser)/../../node_modules/.pnpm/next@14.2.18_react-dom@18.3.1_react@18.2.0__react@18.2.0/node_modules/next/dist/compiled/react-refresh/cjs/react-refresh-runtime.development.js:265:17)
    at Set.forEach (<anonymous>)
    at Object.performReactRefresh (webpack-internal:///(app-pages-browser)/../../node_modules/.pnpm/next@14.2.18_react-dom@18.3.1_react@18.2.0__react@18.2.0/node_modules/next/dist/compiled/react-refresh/cjs/react-refresh-runtime.development.js:254:26)
    at applyUpdate (webpack-internal:///(app-pages-browser)/../../node_modules/.pnpm/next@14.2.18_react-dom@18.3.1_react@18.2.0__react@18.2.0/node_modules/next/dist/compiled/@next/react-refresh-utils/dist/internal/helpers.js:139:31)
    at statusHandler (webpack-internal:///(app-pages-browser)/../../node_modules/.pnpm/next@14.2.18_react-dom@18.3.1_react@18.2.0__react@18.2.0/node_modules/next/dist/compiled/@next/react-refresh-utils/dist/internal/helpers.js:156:13)
    at setStatus (http://localhost:3000/_next/static/chunks/webpack.js?v=1773867130421:508:55)
    at http://localhost:3000/_next/static/chunks/webpack.js?v=1773867130421:678:21
[   26099ms] ReferenceError: EXPLAINER_ICONS is not defined
    at ExplainerStepper (webpack-internal:///(app-pages-browser)/./components/service/ExplainerStepper.tsx:61:18)
    at renderWithHooks (webpack-internal:///(app-pages-browser)/../../node_modules/.pnpm/next@14.2.18_react-dom@18.3.1_react@18.2.0__react@18.2.0/node_modules/next/dist/compiled/react-dom/cjs/react-dom.development.js:11121:18)
    at updateFunctionComponent (webpack-internal:///(app-pages-browser)/../../node_modules/.pnpm/next@14.2.18_react-dom@18.3.1_react@18.2.0__react@18.2.0/node_modules/next/dist/compiled/react-dom/cjs/react-dom.development.js:16290:20)
    at beginWork$1 (webpack-internal:///(app-pages-browser)/../../node_modules/.pnpm/next@14.2.18_react-dom@18.3.1_react@18.2.0__react@18.2.0/node_modules/next/dist/compiled/react-dom/cjs/react-dom.development.js:18472:16)
    at HTMLUnknownElement.callCallback (webpack-internal:///(app-pages-browser)/../../node_modules/.pnpm/next@14.2.18_react-dom@18.3.1_react@18.2.0__react@18.2.0/node_modules/next/dist/compiled/react-dom/cjs/react-dom.development.js:20565:14)
    at Object.invokeGuardedCallbackImpl (webpack-internal:///(app-pages-browser)/../../node_modules/.pnpm/next@14.2.18_react-dom@18.3.1_react@18.2.0__react@18.2.0/node_modules/next/dist/compiled/react-dom/cjs/react-dom.development.js:20614:16)
    at invokeGuardedCallback (webpack-internal:///(app-pages-browser)/../../node_modules/.pnpm/next@14.2.18_react-dom@18.3.1_react@18.2.0__react@18.2.0/node_modules/next/dist/compiled/react-dom/cjs/react-dom.development.js:20689:29)
    at beginWork (webpack-internal:///(app-pages-browser)/../../node_modules/.pnpm/next@14.2.18_react-dom@18.3.1_react@18.2.0__react@18.2.0/node_modules/next/dist/compiled/react-dom/cjs/react-dom.development.js:26949:7)
    at performUnitOfWork (webpack-internal:///(app-pages-browser)/../../node_modules/.pnpm/next@14.2.18_react-dom@18.3.1_react@18.2.0__react@18.2.0/node_modules/next/dist/compiled/react-dom/cjs/react-dom.development.js:25748:12)
    at workLoopSync (webpack-internal:///(app-pages-browser)/../../node_modules/.pnpm/next@14.2.18_react-dom@18.3.1_react@18.2.0__react@18.2.0/node_modules/next/dist/compiled/react-dom/cjs/react-dom.development.js:25464:5)
    at renderRootSync (webpack-internal:///(app-pages-browser)/../../node_modules/.pnpm/next@14.2.18_react-dom@18.3.1_react@18.2.0__react@18.2.0/node_modules/next/dist/compiled/react-dom/cjs/react-dom.development.js:25419:7)
    at performSyncWorkOnRoot (webpack-internal:///(app-pages-browser)/../../node_modules/.pnpm/next@14.2.18_react-dom@18.3.1_react@18.2.0__react@18.2.0/node_modules/next/dist/compiled/react-dom/cjs/react-dom.development.js:24887:20)
    at flushSyncWorkAcrossRoots_impl (webpack-internal:///(app-pages-browser)/../../node_modules/.pnpm/next@14.2.18_react-dom@18.3.1_react@18.2.0__react@18.2.0/node_modules/next/dist/compiled/react-dom/cjs/react-dom.development.js:7758:13)
    at flushSyncWorkOnAllRoots (webpack-internal:///(app-pages-browser)/../../node_modules/.pnpm/next@14.2.18_react-dom@18.3.1_react@18.2.0__react@18.2.0/node_modules/next/dist/compiled/react-dom/cjs/react-dom.development.js:7718:3)
    at flushSync$1 (webpack-internal:///(app-pages-browser)/../../node_modules/.pnpm/next@14.2.18_react-dom@18.3.1_react@18.2.0__react@18.2.0/node_modules/next/dist/compiled/react-dom/cjs/react-dom.development.js:24999:7)
    at Object.scheduleRefresh (webpack-internal:///(app-pages-browser)/../../node_modules/.pnpm/next@14.2.18_react-dom@18.3.1_react@18.2.0__react@18.2.0/node_modules/next/dist/compiled/react-dom/cjs/react-dom.development.js:27285:5)
    at eval (webpack-internal:///(app-pages-browser)/../../node_modules/.pnpm/next@14.2.18_react-dom@18.3.1_react@18.2.0__react@18.2.0/node_modules/next/dist/compiled/react-refresh/cjs/react-refresh-runtime.development.js:265:17)
    at Set.forEach (<anonymous>)
    at Object.performReactRefresh (webpack-internal:///(app-pages-browser)/../../node_modules/.pnpm/next@14.2.18_react-dom@18.3.1_react@18.2.0__react@18.2.0/node_modules/next/dist/compiled/react-refresh/cjs/react-refresh-runtime.development.js:254:26)
    at applyUpdate (webpack-internal:///(app-pages-browser)/../../node_modules/.pnpm/next@14.2.18_react-dom@18.3.1_react@18.2.0__react@18.2.0/node_modules/next/dist/compiled/@next/react-refresh-utils/dist/internal/helpers.js:139:31)
    at statusHandler (webpack-internal:///(app-pages-browser)/../../node_modules/.pnpm/next@14.2.18_react-dom@18.3.1_react@18.2.0__react@18.2.0/node_modules/next/dist/compiled/@next/react-refresh-utils/dist/internal/helpers.js:156:13)
    at setStatus (http://localhost:3000/_next/static/chunks/webpack.js?v=1773867130421:508:55)
    at http://localhost:3000/_next/static/chunks/webpack.js?v=1773867130421:678:21
[   26099ms] ReferenceError: EXPLAINER_ICONS is not defined
    at ExplainerStepper (webpack-internal:///(app-pages-browser)/./components/service/ExplainerStepper.tsx:61:18)
    at renderWithHooks (webpack-internal:///(app-pages-browser)/../../node_modules/.pnpm/next@14.2.18_react-dom@18.3.1_react@18.2.0__react@18.2.0/node_modules/next/dist/compiled/react-dom/cjs/react-dom.development.js:11121:18)
    at updateFunctionComponent (webpack-internal:///(app-pages-browser)/../../node_modules/.pnpm/next@14.2.18_react-dom@18.3.1_react@18.2.0__react@18.2.0/node_modules/next/dist/compiled/react-dom/cjs/react-dom.development.js:16290:20)
    at beginWork$1 (webpack-internal:///(app-pages-browser)/../../node_modules/.pnpm/next@14.2.18_react-dom@18.3.1_react@18.2.0__react@18.2.0/node_modules/next/dist/compiled/react-dom/cjs/react-dom.development.js:18472:16)
    at beginWork (webpack-internal:///(app-pages-browser)/../../node_modules/.pnpm/next@14.2.18_react-dom@18.3.1_react@18.2.0__react@18.2.0/node_modules/next/dist/compiled/react-dom/cjs/react-dom.development.js:26927:14)
    at performUnitOfWork (webpack-internal:///(app-pages-browser)/../../node_modules/.pnpm/next@14.2.18_react-dom@18.3.1_react@18.2.0__react@18.2.0/node_modules/next/dist/compiled/react-dom/cjs/react-dom.development.js:25748:12)
    at workLoopSync (webpack-internal:///(app-pages-browser)/../../node_modules/.pnpm/next@14.2.18_react-dom@18.3.1_react@18.2.0__react@18.2.0/node_modules/next/dist/compiled/react-dom/cjs/react-dom.development.js:25464:5)
    at renderRootSync (webpack-internal:///(app-pages-browser)/../../node_modules/.pnpm/next@14.2.18_react-dom@18.3.1_react@18.2.0__react@18.2.0/node_modules/next/dist/compiled/react-dom/cjs/react-dom.development.js:25419:7)
    at performSyncWorkOnRoot (webpack-internal:///(app-pages-browser)/../../node_modules/.pnpm/next@14.2.18_react-dom@18.3.1_react@18.2.0__react@18.2.0/node_modules/next/dist/compiled/react-dom/cjs/react-dom.development.js:24887:20)
    at flushSyncWorkAcrossRoots_impl (webpack-internal:///(app-pages-browser)/../../node_modules/.pnpm/next@14.2.18_react-dom@18.3.1_react@18.2.0__react@18.2.0/node_modules/next/dist/compiled/react-dom/cjs/react-dom.development.js:7758:13)
    at flushSyncWorkOnAllRoots (webpack-internal:///(app-pages-browser)/../../node_modules/.pnpm/next@14.2.18_react-dom@18.3.1_react@18.2.0__react@18.2.0/node_modules/next/dist/compiled/react-dom/cjs/react-dom.development.js:7718:3)
    at flushSync$1 (webpack-internal:///(app-pages-browser)/../../node_modules/.pnpm/next@14.2.18_react-dom@18.3.1_react@18.2.0__react@18.2.0/node_modules/next/dist/compiled/react-dom/cjs/react-dom.development.js:24999:7)
    at Object.scheduleRefresh (webpack-internal:///(app-pages-browser)/../../node_modules/.pnpm/next@14.2.18_react-dom@18.3.1_react@18.2.0__react@18.2.0/node_modules/next/dist/compiled/react-dom/cjs/react-dom.development.js:27285:5)
    at eval (webpack-internal:///(app-pages-browser)/../../node_modules/.pnpm/next@14.2.18_react-dom@18.3.1_react@18.2.0__react@18.2.0/node_modules/next/dist/compiled/react-refresh/cjs/react-refresh-runtime.development.js:265:17)
    at Set.forEach (<anonymous>)
    at Object.performReactRefresh (webpack-internal:///(app-pages-browser)/../../node_modules/.pnpm/next@14.2.18_react-dom@18.3.1_react@18.2.0__react@18.2.0/node_modules/next/dist/compiled/react-refresh/cjs/react-refresh-runtime.development.js:254:26)
    at applyUpdate (webpack-internal:///(app-pages-browser)/../../node_modules/.pnpm/next@14.2.18_react-dom@18.3.1_react@18.2.0__react@18.2.0/node_modules/next/dist/compiled/@next/react-refresh-utils/dist/internal/helpers.js:139:31)
    at statusHandler (webpack-internal:///(app-pages-browser)/../../node_modules/.pnpm/next@14.2.18_react-dom@18.3.1_react@18.2.0__react@18.2.0/node_modules/next/dist/compiled/@next/react-refresh-utils/dist/internal/helpers.js:156:13)
    at setStatus (http://localhost:3000/_next/static/chunks/webpack.js?v=1773867130421:508:55)
    at http://localhost:3000/_next/static/chunks/webpack.js?v=1773867130421:678:21
[   26099ms] ReferenceError: EXPLAINER_ICONS is not defined
    at ExplainerStepper (webpack-internal:///(app-pages-browser)/./components/service/ExplainerStepper.tsx:61:18)
    at renderWithHooks (webpack-internal:///(app-pages-browser)/../../node_modules/.pnpm/next@14.2.18_react-dom@18.3.1_react@18.2.0__react@18.2.0/node_modules/next/dist/compiled/react-dom/cjs/react-dom.development.js:11121:18)
    at updateFunctionComponent (webpack-internal:///(app-pages-browser)/../../node_modules/.pnpm/next@14.2.18_react-dom@18.3.1_react@18.2.0__react@18.2.0/node_modules/next/dist/compiled/react-dom/cjs/react-dom.development.js:16290:20)
    at beginWork$1 (webpack-internal:///(app-pages-browser)/../../node_modules/.pnpm/next@14.2.18_react-dom@18.3.1_react@18.2.0__react@18.2.0/node_modules/next/dist/compiled/react-dom/cjs/react-dom.development.js:18472:16)
    at beginWork (webpack-internal:///(app-pages-browser)/../../node_modules/.pnpm/next@14.2.18_react-dom@18.3.1_react@18.2.0__react@18.2.0/node_modules/next/dist/compiled/react-dom/cjs/react-dom.development.js:26927:14)
    at performUnitOfWork (webpack-internal:///(app-pages-browser)/../../node_modules/.pnpm/next@14.2.18_react-dom@18.3.1_react@18.2.0__react@18.2.0/node_modules/next/dist/compiled/react-dom/cjs/react-dom.development.js:25748:12)
    at workLoopSync (webpack-internal:///(app-pages-browser)/../../node_modules/.pnpm/next@14.2.18_react-dom@18.3.1_react@18.2.0__react@18.2.0/node_modules/next/dist/compiled/react-dom/cjs/react-dom.development.js:25464:5)
    at renderRootSync (webpack-internal:///(app-pages-browser)/../../node_modules/.pnpm/next@14.2.18_react-dom@18.3.1_react@18.2.0__react@18.2.0/node_modules/next/dist/compiled/react-dom/cjs/react-dom.development.js:25419:7)
    at performSyncWorkOnRoot (webpack-internal:///(app-pages-browser)/../../node_modules/.pnpm/next@14.2.18_react-dom@18.3.1_react@18.2.0__react@18.2.0/node_modules/next/dist/compiled/react-dom/cjs/react-dom.development.js:24887:20)
    at flushSyncWorkAcrossRoots_impl (webpack-internal:///(app-pages-browser)/../../node_modules/.pnpm/next@14.2.18_react-dom@18.3.1_react@18.2.0__react@18.2.0/node_modules/next/dist/compiled/react-dom/cjs/react-dom.development.js:7758:13)
    at flushSyncWorkOnAllRoots (webpack-internal:///(app-pages-browser)/../../node_modules/.pnpm/next@14.2.18_react-dom@18.3.1_react@18.2.0__react@18.2.0/node_modules/next/dist/compiled/react-dom/cjs/react-dom.development.js:7718:3)
    at flushSync$1 (webpack-internal:///(app-pages-browser)/../../node_modules/.pnpm/next@14.2.18_react-dom@18.3.1_react@18.2.0__react@18.2.0/node_modules/next/dist/compiled/react-dom/cjs/react-dom.development.js:24999:7)
    at Object.scheduleRefresh (webpack-internal:///(app-pages-browser)/../../node_modules/.pnpm/next@14.2.18_react-dom@18.3.1_react@18.2.0__react@18.2.0/node_modules/next/dist/compiled/react-dom/cjs/react-dom.development.js:27285:5)
    at eval (webpack-internal:///(app-pages-browser)/../../node_modules/.pnpm/next@14.2.18_react-dom@18.3.1_react@18.2.0__react@18.2.0/node_modules/next/dist/compiled/react-refresh/cjs/react-refresh-runtime.development.js:265:17)
    at Set.forEach (<anonymous>)
    at Object.performReactRefresh (webpack-internal:///(app-pages-browser)/../../node_modules/.pnpm/next@14.2.18_react-dom@18.3.1_react@18.2.0__react@18.2.0/node_modules/next/dist/compiled/react-refresh/cjs/react-refresh-runtime.development.js:254:26)
    at applyUpdate (webpack-internal:///(app-pages-browser)/../../node_modules/.pnpm/next@14.2.18_react-dom@18.3.1_react@18.2.0__react@18.2.0/node_modules/next/dist/compiled/@next/react-refresh-utils/dist/internal/helpers.js:139:31)
    at statusHandler (webpack-internal:///(app-pages-browser)/../../node_modules/.pnpm/next@14.2.18_react-dom@18.3.1_react@18.2.0__react@18.2.0/node_modules/next/dist/compiled/@next/react-refresh-utils/dist/internal/helpers.js:156:13)
    at setStatus (http://localhost:3000/_next/static/chunks/webpack.js?v=1773867130421:508:55)
    at http://localhost:3000/_next/static/chunks/webpack.js?v=1773867130421:678:21
[   26099ms] ReferenceError: EXPLAINER_ICONS is not defined
    at ExplainerStepper (webpack-internal:///(app-pages-browser)/./components/service/ExplainerStepper.tsx:61:18)
    at renderWithHooks (webpack-internal:///(app-pages-browser)/../../node_modules/.pnpm/next@14.2.18_react-dom@18.3.1_react@18.2.0__react@18.2.0/node_modules/next/dist/compiled/react-dom/cjs/react-dom.development.js:11121:18)
    at updateFunctionComponent (webpack-internal:///(app-pages-browser)/../../node_modules/.pnpm/next@14.2.18_react-dom@18.3.1_react@18.2.0__react@18.2.0/node_modules/next/dist/compiled/react-dom/cjs/react-dom.development.js:16290:20)
    at beginWork$1 (webpack-internal:///(app-pages-browser)/../../node_modules/.pnpm/next@14.2.18_react-dom@18.3.1_react@18.2.0__react@18.2.0/node_modules/next/dist/compiled/react-dom/cjs/react-dom.development.js:18472:16)
    at beginWork (webpack-internal:///(app-pages-browser)/../../node_modules/.pnpm/next@14.2.18_react-dom@18.3.1_react@18.2.0__react@18.2.0/node_modules/next/dist/compiled/react-dom/cjs/react-dom.development.js:26927:14)
    at performUnitOfWork (webpack-internal:///(app-pages-browser)/../../node_modules/.pnpm/next@14.2.18_react-dom@18.3.1_react@18.2.0__react@18.2.0/node_modules/next/dist/compiled/react-dom/cjs/react-dom.development.js:25748:12)
    at workLoopSync (webpack-internal:///(app-pages-browser)/../../node_modules/.pnpm/next@14.2.18_react-dom@18.3.1_react@18.2.0__react@18.2.0/node_modules/next/dist/compiled/react-dom/cjs/react-dom.development.js:25464:5)
    at renderRootSync (webpack-internal:///(app-pages-browser)/../../node_modules/.pnpm/next@14.2.18_react-dom@18.3.1_react@18.2.0__react@18.2.0/node_modules/next/dist/compiled/react-dom/cjs/react-dom.development.js:25419:7)
    at performSyncWorkOnRoot (webpack-internal:///(app-pages-browser)/../../node_modules/.pnpm/next@14.2.18_react-dom@18.3.1_react@18.2.0__react@18.2.0/node_modules/next/dist/compiled/react-dom/cjs/react-dom.development.js:24887:20)
    at flushSyncWorkAcrossRoots_impl (webpack-internal:///(app-pages-browser)/../../node_modules/.pnpm/next@14.2.18_react-dom@18.3.1_react@18.2.0__react@18.2.0/node_modules/next/dist/compiled/react-dom/cjs/react-dom.development.js:7758:13)
    at flushSyncWorkOnAllRoots (webpack-internal:///(app-pages-browser)/../../node_modules/.pnpm/next@14.2.18_react-dom@18.3.1_react@18.2.0__react@18.2.0/node_modules/next/dist/compiled/react-dom/cjs/react-dom.development.js:7718:3)
    at flushSync$1 (webpack-internal:///(app-pages-browser)/../../node_modules/.pnpm/next@14.2.18_react-dom@18.3.1_react@18.2.0__react@18.2.0/node_modules/next/dist/compiled/react-dom/cjs/react-dom.development.js:24999:7)
    at Object.scheduleRefresh (webpack-internal:///(app-pages-browser)/../../node_modules/.pnpm/next@14.2.18_react-dom@18.3.1_react@18.2.0__react@18.2.0/node_modules/next/dist/compiled/react-dom/cjs/react-dom.development.js:27285:5)
    at eval (webpack-internal:///(app-pages-browser)/../../node_modules/.pnpm/next@14.2.18_react-dom@18.3.1_react@18.2.0__react@18.2.0/node_modules/next/dist/compiled/react-refresh/cjs/react-refresh-runtime.development.js:265:17)
    at Set.forEach (<anonymous>)
    at Object.performReactRefresh (webpack-internal:///(app-pages-browser)/../../node_modules/.pnpm/next@14.2.18_react-dom@18.3.1_react@18.2.0__react@18.2.0/node_modules/next/dist/compiled/react-refresh/cjs/react-refresh-runtime.development.js:254:26)
    at applyUpdate (webpack-internal:///(app-pages-browser)/../../node_modules/.pnpm/next@14.2.18_react-dom@18.3.1_react@18.2.0__react@18.2.0/node_modules/next/dist/compiled/@next/react-refresh-utils/dist/internal/helpers.js:139:31)
    at statusHandler (webpack-internal:///(app-pages-browser)/../../node_modules/.pnpm/next@14.2.18_react-dom@18.3.1_react@18.2.0__react@18.2.0/node_modules/next/dist/compiled/@next/react-refresh-utils/dist/internal/helpers.js:156:13)
    at setStatus (http://localhost:3000/_next/static/chunks/webpack.js?v=1773867130421:508:55)
    at http://localhost:3000/_next/static/chunks/webpack.js?v=1773867130421:678:21
[   26099ms] ReferenceError: EXPLAINER_ICONS is not defined
    at ExplainerStepper (webpack-internal:///(app-pages-browser)/./components/service/ExplainerStepper.tsx:61:18)
    at renderWithHooks (webpack-internal:///(app-pages-browser)/../../node_modules/.pnpm/next@14.2.18_react-dom@18.3.1_react@18.2.0__react@18.2.0/node_modules/next/dist/compiled/react-dom/cjs/react-dom.development.js:11121:18)
    at updateFunctionComponent (webpack-internal:///(app-pages-browser)/../../node_modules/.pnpm/next@14.2.18_react-dom@18.3.1_react@18.2.0__react@18.2.0/node_modules/next/dist/compiled/react-dom/cjs/react-dom.development.js:16290:20)
    at beginWork$1 (webpack-internal:///(app-pages-browser)/../../node_modules/.pnpm/next@14.2.18_react-dom@18.3.1_react@18.2.0__react@18.2.0/node_modules/next/dist/compiled/react-dom/cjs/react-dom.development.js:18472:16)
    at beginWork (webpack-internal:///(app-pages-browser)/../../node_modules/.pnpm/next@14.2.18_react-dom@18.3.1_react@18.2.0__react@18.2.0/node_modules/next/dist/compiled/react-dom/cjs/react-dom.development.js:26927:14)
    at performUnitOfWork (webpack-internal:///(app-pages-browser)/../../node_modules/.pnpm/next@14.2.18_react-dom@18.3.1_react@18.2.0__react@18.2.0/node_modules/next/dist/compiled/react-dom/cjs/react-dom.development.js:25748:12)
    at workLoopSync (webpack-internal:///(app-pages-browser)/../../node_modules/.pnpm/next@14.2.18_react-dom@18.3.1_react@18.2.0__react@18.2.0/node_modules/next/dist/compiled/react-dom/cjs/react-dom.development.js:25464:5)
    at renderRootSync (webpack-internal:///(app-pages-browser)/../../node_modules/.pnpm/next@14.2.18_react-dom@18.3.1_react@18.2.0__react@18.2.0/node_modules/next/dist/compiled/react-dom/cjs/react-dom.development.js:25419:7)
    at performSyncWorkOnRoot (webpack-internal:///(app-pages-browser)/../../node_modules/.pnpm/next@14.2.18_react-dom@18.3.1_react@18.2.0__react@18.2.0/node_modules/next/dist/compiled/react-dom/cjs/react-dom.development.js:24887:20)
    at flushSyncWorkAcrossRoots_impl (webpack-internal:///(app-pages-browser)/../../node_modules/.pnpm/next@14.2.18_react-dom@18.3.1_react@18.2.0__react@18.2.0/node_modules/next/dist/compiled/react-dom/cjs/react-dom.development.js:7758:13)
    at flushSyncWorkOnAllRoots (webpack-internal:///(app-pages-browser)/../../node_modules/.pnpm/next@14.2.18_react-dom@18.3.1_react@18.2.0__react@18.2.0/node_modules/next/dist/compiled/react-dom/cjs/react-dom.development.js:7718:3)
    at flushSync$1 (webpack-internal:///(app-pages-browser)/../../node_modules/.pnpm/next@14.2.18_react-dom@18.3.1_react@18.2.0__react@18.2.0/node_modules/next/dist/compiled/react-dom/cjs/react-dom.development.js:24999:7)
    at Object.scheduleRefresh (webpack-internal:///(app-pages-browser)/../../node_modules/.pnpm/next@14.2.18_react-dom@18.3.1_react@18.2.0__react@18.2.0/node_modules/next/dist/compiled/react-dom/cjs/react-dom.development.js:27285:5)
    at eval (webpack-internal:///(app-pages-browser)/../../node_modules/.pnpm/next@14.2.18_react-dom@18.3.1_react@18.2.0__react@18.2.0/node_modules/next/dist/compiled/react-refresh/cjs/react-refresh-runtime.development.js:265:17)
    at Set.forEach (<anonymous>)
    at Object.performReactRefresh (webpack-internal:///(app-pages-browser)/../../node_modules/.pnpm/next@14.2.18_react-dom@18.3.1_react@18.2.0__react@18.2.0/node_modules/next/dist/compiled/react-refresh/cjs/react-refresh-runtime.development.js:254:26)
    at applyUpdate (webpack-internal:///(app-pages-browser)/../../node_modules/.pnpm/next@14.2.18_react-dom@18.3.1_react@18.2.0__react@18.2.0/node_modules/next/dist/compiled/@next/react-refresh-utils/dist/internal/helpers.js:139:31)
    at statusHandler (webpack-internal:///(app-pages-browser)/../../node_modules/.pnpm/next@14.2.18_react-dom@18.3.1_react@18.2.0__react@18.2.0/node_modules/next/dist/compiled/@next/react-refresh-utils/dist/internal/helpers.js:156:13)
    at setStatus (http://localhost:3000/_next/static/chunks/webpack.js?v=1773867130421:508:55)
    at http://localhost:3000/_next/static/chunks/webpack.js?v=1773867130421:678:21
[   26100ms] ReferenceError: EXPLAINER_ICONS is not defined
    at ExplainerStepper (webpack-internal:///(app-pages-browser)/./components/service/ExplainerStepper.tsx:61:18)
    at renderWithHooks (webpack-internal:///(app-pages-browser)/../../node_modules/.pnpm/next@14.2.18_react-dom@18.3.1_react@18.2.0__react@18.2.0/node_modules/next/dist/compiled/react-dom/cjs/react-dom.development.js:11121:18)
    at updateFunctionComponent (webpack-internal:///(app-pages-browser)/../../node_modules/.pnpm/next@14.2.18_react-dom@18.3.1_react@18.2.0__react@18.2.0/node_modules/next/dist/compiled/react-dom/cjs/react-dom.development.js:16290:20)
    at beginWork$1 (webpack-internal:///(app-pages-browser)/../../node_modules/.pnpm/next@14.2.18_react-dom@18.3.1_react@18.2.0__react@18.2.0/node_modules/next/dist/compiled/react-dom/cjs/react-dom.development.js:18472:16)
    at beginWork (webpack-internal:///(app-pages-browser)/../../node_modules/.pnpm/next@14.2.18_react-dom@18.3.1_react@18.2.0__react@18.2.0/node_modules/next/dist/compiled/react-dom/cjs/react-dom.development.js:26927:14)
    at performUnitOfWork (webpack-internal:///(app-pages-browser)/../../node_modules/.pnpm/next@14.2.18_react-dom@18.3.1_react@18.2.0__react@18.2.0/node_modules/next/dist/compiled/react-dom/cjs/react-dom.development.js:25748:12)
    at workLoopSync (webpack-internal:///(app-pages-browser)/../../node_modules/.pnpm/next@14.2.18_react-dom@18.3.1_react@18.2.0__react@18.2.0/node_modules/next/dist/compiled/react-dom/cjs/react-dom.development.js:25464:5)
    at renderRootSync (webpack-internal:///(app-pages-browser)/../../node_modules/.pnpm/next@14.2.18_react-dom@18.3.1_react@18.2.0__react@18.2.0/node_modules/next/dist/compiled/react-dom/cjs/react-dom.development.js:25419:7)
    at performSyncWorkOnRoot (webpack-internal:///(app-pages-browser)/../../node_modules/.pnpm/next@14.2.18_react-dom@18.3.1_react@18.2.0__react@18.2.0/node_modules/next/dist/compiled/react-dom/cjs/react-dom.development.js:24887:20)
    at flushSyncWorkAcrossRoots_impl (webpack-internal:///(app-pages-browser)/../../node_modules/.pnpm/next@14.2.18_react-dom@18.3.1_react@18.2.0__react@18.2.0/node_modules/next/dist/compiled/react-dom/cjs/react-dom.development.js:7758:13)
    at flushSyncWorkOnAllRoots (webpack-internal:///(app-pages-browser)/../../node_modules/.pnpm/next@14.2.18_react-dom@18.3.1_react@18.2.0__react@18.2.0/node_modules/next/dist/compiled/react-dom/cjs/react-dom.development.js:7718:3)
    at flushSync$1 (webpack-internal:///(app-pages-browser)/../../node_modules/.pnpm/next@14.2.18_react-dom@18.3.1_react@18.2.0__react@18.2.0/node_modules/next/dist/compiled/react-dom/cjs/react-dom.development.js:24999:7)
    at Object.scheduleRefresh (webpack-internal:///(app-pages-browser)/../../node_modules/.pnpm/next@14.2.18_react-dom@18.3.1_react@18.2.0__react@18.2.0/node_modules/next/dist/compiled/react-dom/cjs/react-dom.development.js:27285:5)
    at eval (webpack-internal:///(app-pages-browser)/../../node_modules/.pnpm/next@14.2.18_react-dom@18.3.1_react@18.2.0__react@18.2.0/node_modules/next/dist/compiled/react-refresh/cjs/react-refresh-runtime.development.js:265:17)
    at Set.forEach (<anonymous>)
    at Object.performReactRefresh (webpack-internal:///(app-pages-browser)/../../node_modules/.pnpm/next@14.2.18_react-dom@18.3.1_react@18.2.0__react@18.2.0/node_modules/next/dist/compiled/react-refresh/cjs/react-refresh-runtime.development.js:254:26)
    at applyUpdate (webpack-internal:///(app-pages-browser)/../../node_modules/.pnpm/next@14.2.18_react-dom@18.3.1_react@18.2.0__react@18.2.0/node_modules/next/dist/compiled/@next/react-refresh-utils/dist/internal/helpers.js:139:31)
    at statusHandler (webpack-internal:///(app-pages-browser)/../../node_modules/.pnpm/next@14.2.18_react-dom@18.3.1_react@18.2.0__react@18.2.0/node_modules/next/dist/compiled/@next/react-refresh-utils/dist/internal/helpers.js:156:13)
    at setStatus (http://localhost:3000/_next/static/chunks/webpack.js?v=1773867130421:508:55)
    at http://localhost:3000/_next/static/chunks/webpack.js?v=1773867130421:678:21
[   26100ms] ReferenceError: EXPLAINER_ICONS is not defined
    at ExplainerStepper (webpack-internal:///(app-pages-browser)/./components/service/ExplainerStepper.tsx:61:18)
    at renderWithHooks (webpack-internal:///(app-pages-browser)/../../node_modules/.pnpm/next@14.2.18_react-dom@18.3.1_react@18.2.0__react@18.2.0/node_modules/next/dist/compiled/react-dom/cjs/react-dom.development.js:11121:18)
    at updateFunctionComponent (webpack-internal:///(app-pages-browser)/../../node_modules/.pnpm/next@14.2.18_react-dom@18.3.1_react@18.2.0__react@18.2.0/node_modules/next/dist/compiled/react-dom/cjs/react-dom.development.js:16290:20)
    at beginWork$1 (webpack-internal:///(app-pages-browser)/../../node_modules/.pnpm/next@14.2.18_react-dom@18.3.1_react@18.2.0__react@18.2.0/node_modules/next/dist/compiled/react-dom/cjs/react-dom.development.js:18472:16)
    at beginWork (webpack-internal:///(app-pages-browser)/../../node_modules/.pnpm/next@14.2.18_react-dom@18.3.1_react@18.2.0__react@18.2.0/node_modules/next/dist/compiled/react-dom/cjs/react-dom.development.js:26927:14)
    at performUnitOfWork (webpack-internal:///(app-pages-browser)/../../node_modules/.pnpm/next@14.2.18_react-dom@18.3.1_react@18.2.0__react@18.2.0/node_modules/next/dist/compiled/react-dom/cjs/react-dom.development.js:25748:12)
    at workLoopSync (webpack-internal:///(app-pages-browser)/../../node_modules/.pnpm/next@14.2.18_react-dom@18.3.1_react@18.2.0__react@18.2.0/node_modules/next/dist/compiled/react-dom/cjs/react-dom.development.js:25464:5)
    at renderRootSync (webpack-internal:///(app-pages-browser)/../../node_modules/.pnpm/next@14.2.18_react-dom@18.3.1_react@18.2.0__react@18.2.0/node_modules/next/dist/compiled/react-dom/cjs/react-dom.development.js:25419:7)
    at performSyncWorkOnRoot (webpack-internal:///(app-pages-browser)/../../node_modules/.pnpm/next@14.2.18_react-dom@18.3.1_react@18.2.0__react@18.2.0/node_modules/next/dist/compiled/react-dom/cjs/react-dom.development.js:24887:20)
    at flushSyncWorkAcrossRoots_impl (webpack-internal:///(app-pages-browser)/../../node_modules/.pnpm/next@14.2.18_react-dom@18.3.1_react@18.2.0__react@18.2.0/node_modules/next/dist/compiled/react-dom/cjs/react-dom.development.js:7758:13)
    at flushSyncWorkOnAllRoots (webpack-internal:///(app-pages-browser)/../../node_modules/.pnpm/next@14.2.18_react-dom@18.3.1_react@18.2.0__react@18.2.0/node_modules/next/dist/compiled/react-dom/cjs/react-dom.development.js:7718:3)
    at flushSync$1 (webpack-internal:///(app-pages-browser)/../../node_modules/.pnpm/next@14.2.18_react-dom@18.3.1_react@18.2.0__react@18.2.0/node_modules/next/dist/compiled/react-dom/cjs/react-dom.development.js:24999:7)
    at Object.scheduleRefresh (webpack-internal:///(app-pages-browser)/../../node_modules/.pnpm/next@14.2.18_react-dom@18.3.1_react@18.2.0__react@18.2.0/node_modules/next/dist/compiled/react-dom/cjs/react-dom.development.js:27285:5)
    at eval (webpack-internal:///(app-pages-browser)/../../node_modules/.pnpm/next@14.2.18_react-dom@18.3.1_react@18.2.0__react@18.2.0/node_modules/next/dist/compiled/react-refresh/cjs/react-refresh-runtime.development.js:265:17)
    at Set.forEach (<anonymous>)
    at Object.performReactRefresh (webpack-internal:///(app-pages-browser)/../../node_modules/.pnpm/next@14.2.18_react-dom@18.3.1_react@18.2.0__react@18.2.0/node_modules/next/dist/compiled/react-refresh/cjs/react-refresh-runtime.development.js:254:26)
    at applyUpdate (webpack-internal:///(app-pages-browser)/../../node_modules/.pnpm/next@14.2.18_react-dom@18.3.1_react@18.2.0__react@18.2.0/node_modules/next/dist/compiled/@next/react-refresh-utils/dist/internal/helpers.js:139:31)
    at statusHandler (webpack-internal:///(app-pages-browser)/../../node_modules/.pnpm/next@14.2.18_react-dom@18.3.1_react@18.2.0__react@18.2.0/node_modules/next/dist/compiled/@next/react-refresh-utils/dist/internal/helpers.js:156:13)
    at setStatus (http://localhost:3000/_next/static/chunks/webpack.js?v=1773867130421:508:55)
    at http://localhost:3000/_next/static/chunks/webpack.js?v=1773867130421:678:21
[   26100ms] ReferenceError: EXPLAINER_ICONS is not defined
    at ExplainerStepper (webpack-internal:///(app-pages-browser)/./components/service/ExplainerStepper.tsx:61:18)
    at renderWithHooks (webpack-internal:///(app-pages-browser)/../../node_modules/.pnpm/next@14.2.18_react-dom@18.3.1_react@18.2.0__react@18.2.0/node_modules/next/dist/compiled/react-dom/cjs/react-dom.development.js:11121:18)
    at updateFunctionComponent (webpack-internal:///(app-pages-browser)/../../node_modules/.pnpm/next@14.2.18_react-dom@18.3.1_react@18.2.0__react@18.2.0/node_modules/next/dist/compiled/react-dom/cjs/react-dom.development.js:16290:20)
    at beginWork$1 (webpack-internal:///(app-pages-browser)/../../node_modules/.pnpm/next@14.2.18_react-dom@18.3.1_react@18.2.0__react@18.2.0/node_modules/next/dist/compiled/react-dom/cjs/react-dom.development.js:18472:16)
    at beginWork (webpack-internal:///(app-pages-browser)/../../node_modules/.pnpm/next@14.2.18_react-dom@18.3.1_react@18.2.0__react@18.2.0/node_modules/next/dist/compiled/react-dom/cjs/react-dom.development.js:26927:14)
    at performUnitOfWork (webpack-internal:///(app-pages-browser)/../../node_modules/.pnpm/next@14.2.18_react-dom@18.3.1_react@18.2.0__react@18.2.0/node_modules/next/dist/compiled/react-dom/cjs/react-dom.development.js:25748:12)
    at workLoopSync (webpack-internal:///(app-pages-browser)/../../node_modules/.pnpm/next@14.2.18_react-dom@18.3.1_react@18.2.0__react@18.2.0/node_modules/next/dist/compiled/react-dom/cjs/react-dom.development.js:25464:5)
    at renderRootSync (webpack-internal:///(app-pages-browser)/../../node_modules/.pnpm/next@14.2.18_react-dom@18.3.1_react@18.2.0__react@18.2.0/node_modules/next/dist/compiled/react-dom/cjs/react-dom.development.js:25419:7)
    at performSyncWorkOnRoot (webpack-internal:///(app-pages-browser)/../../node_modules/.pnpm/next@14.2.18_react-dom@18.3.1_react@18.2.0__react@18.2.0/node_modules/next/dist/compiled/react-dom/cjs/react-dom.development.js:24887:20)
    at flushSyncWorkAcrossRoots_impl (webpack-internal:///(app-pages-browser)/../../node_modules/.pnpm/next@14.2.18_react-dom@18.3.1_react@18.2.0__react@18.2.0/node_modules/next/dist/compiled/react-dom/cjs/react-dom.development.js:7758:13)
    at flushSyncWorkOnAllRoots (webpack-internal:///(app-pages-browser)/../../node_modules/.pnpm/next@14.2.18_react-dom@18.3.1_react@18.2.0__react@18.2.0/node_modules/next/dist/compiled/react-dom/cjs/react-dom.development.js:7718:3)
    at flushSync$1 (webpack-internal:///(app-pages-browser)/../../node_modules/.pnpm/next@14.2.18_react-dom@18.3.1_react@18.2.0__react@18.2.0/node_modules/next/dist/compiled/react-dom/cjs/react-dom.development.js:24999:7)
    at Object.scheduleRefresh (webpack-internal:///(app-pages-browser)/../../node_modules/.pnpm/next@14.2.18_react-dom@18.3.1_react@18.2.0__react@18.2.0/node_modules/next/dist/compiled/react-dom/cjs/react-dom.development.js:27285:5)
    at eval (webpack-internal:///(app-pages-browser)/../../node_modules/.pnpm/next@14.2.18_react-dom@18.3.1_react@18.2.0__react@18.2.0/node_modules/next/dist/compiled/react-refresh/cjs/react-refresh-runtime.development.js:265:17)
    at Set.forEach (<anonymous>)
    at Object.performReactRefresh (webpack-internal:///(app-pages-browser)/../../node_modules/.pnpm/next@14.2.18_react-dom@18.3.1_react@18.2.0__react@18.2.0/node_modules/next/dist/compiled/react-refresh/cjs/react-refresh-runtime.development.js:254:26)
    at applyUpdate (webpack-internal:///(app-pages-browser)/../../node_modules/.pnpm/next@14.2.18_react-dom@18.3.1_react@18.2.0__react@18.2.0/node_modules/next/dist/compiled/@next/react-refresh-utils/dist/internal/helpers.js:139:31)
    at statusHandler (webpack-internal:///(app-pages-browser)/../../node_modules/.pnpm/next@14.2.18_react-dom@18.3.1_react@18.2.0__react@18.2.0/node_modules/next/dist/compiled/@next/react-refresh-utils/dist/internal/helpers.js:156:13)
    at setStatus (http://localhost:3000/_next/static/chunks/webpack.js?v=1773867130421:508:55)
    at http://localhost:3000/_next/static/chunks/webpack.js?v=1773867130421:678:21
[   26100ms] ReferenceError: EXPLAINER_ICONS is not defined
    at ExplainerStepper (webpack-internal:///(app-pages-browser)/./components/service/ExplainerStepper.tsx:61:18)
    at renderWithHooks (webpack-internal:///(app-pages-browser)/../../node_modules/.pnpm/next@14.2.18_react-dom@18.3.1_react@18.2.0__react@18.2.0/node_modules/next/dist/compiled/react-dom/cjs/react-dom.development.js:11121:18)
    at updateFunctionComponent (webpack-internal:///(app-pages-browser)/../../node_modules/.pnpm/next@14.2.18_react-dom@18.3.1_react@18.2.0__react@18.2.0/node_modules/next/dist/compiled/react-dom/cjs/react-dom.development.js:16290:20)
    at beginWork$1 (webpack-internal:///(app-pages-browser)/../../node_modules/.pnpm/next@14.2.18_react-dom@18.3.1_react@18.2.0__react@18.2.0/node_modules/next/dist/compiled/react-dom/cjs/react-dom.development.js:18472:16)
    at beginWork (webpack-internal:///(app-pages-browser)/../../node_modules/.pnpm/next@14.2.18_react-dom@18.3.1_react@18.2.0__react@18.2.0/node_modules/next/dist/compiled/react-dom/cjs/react-dom.development.js:26927:14)
    at performUnitOfWork (webpack-internal:///(app-pages-browser)/../../node_modules/.pnpm/next@14.2.18_react-dom@18.3.1_react@18.2.0__react@18.2.0/node_modules/next/dist/compiled/react-dom/cjs/react-dom.development.js:25748:12)
    at workLoopSync (webpack-internal:///(app-pages-browser)/../../node_modules/.pnpm/next@14.2.18_react-dom@18.3.1_react@18.2.0__react@18.2.0/node_modules/next/dist/compiled/react-dom/cjs/react-dom.development.js:25464:5)
    at renderRootSync (webpack-internal:///(app-pages-browser)/../../node_modules/.pnpm/next@14.2.18_react-dom@18.3.1_react@18.2.0__react@18.2.0/node_modules/next/dist/compiled/react-dom/cjs/react-dom.development.js:25419:7)
    at performSyncWorkOnRoot (webpack-internal:///(app-pages-browser)/../../node_modules/.pnpm/next@14.2.18_react-dom@18.3.1_react@18.2.0__react@18.2.0/node_modules/next/dist/compiled/react-dom/cjs/react-dom.development.js:24887:20)
    at flushSyncWorkAcrossRoots_impl (webpack-internal:///(app-pages-browser)/../../node_modules/.pnpm/next@14.2.18_react-dom@18.3.1_react@18.2.0__react@18.2.0/node_modules/next/dist/compiled/react-dom/cjs/react-dom.development.js:7758:13)
    at flushSyncWorkOnAllRoots (webpack-internal:///(app-pages-browser)/../../node_modules/.pnpm/next@14.2.18_react-dom@18.3.1_react@18.2.0__react@18.2.0/node_modules/next/dist/compiled/react-dom/cjs/react-dom.development.js:7718:3)
    at flushSync$1 (webpack-internal:///(app-pages-browser)/../../node_modules/.pnpm/next@14.2.18_react-dom@18.3.1_react@18.2.0__react@18.2.0/node_modules/next/dist/compiled/react-dom/cjs/react-dom.development.js:24999:7)
    at Object.scheduleRefresh (webpack-internal:///(app-pages-browser)/../../node_modules/.pnpm/next@14.2.18_react-dom@18.3.1_react@18.2.0__react@18.2.0/node_modules/next/dist/compiled/react-dom/cjs/react-dom.development.js:27285:5)
    at eval (webpack-internal:///(app-pages-browser)/../../node_modules/.pnpm/next@14.2.18_react-dom@18.3.1_react@18.2.0__react@18.2.0/node_modules/next/dist/compiled/react-refresh/cjs/react-refresh-runtime.development.js:265:17)
    at Set.forEach (<anonymous>)
    at Object.performReactRefresh (webpack-internal:///(app-pages-browser)/../../node_modules/.pnpm/next@14.2.18_react-dom@18.3.1_react@18.2.0__react@18.2.0/node_modules/next/dist/compiled/react-refresh/cjs/react-refresh-runtime.development.js:254:26)
    at applyUpdate (webpack-internal:///(app-pages-browser)/../../node_modules/.pnpm/next@14.2.18_react-dom@18.3.1_react@18.2.0__react@18.2.0/node_modules/next/dist/compiled/@next/react-refresh-utils/dist/internal/helpers.js:139:31)
    at statusHandler (webpack-internal:///(app-pages-browser)/../../node_modules/.pnpm/next@14.2.18_react-dom@18.3.1_react@18.2.0__react@18.2.0/node_modules/next/dist/compiled/@next/react-refresh-utils/dist/internal/helpers.js:156:13)
    at setStatus (http://localhost:3000/_next/static/chunks/webpack.js?v=1773867130421:508:55)
    at http://localhost:3000/_next/static/chunks/webpack.js?v=1773867130421:678:21
[   26101ms] [ERROR] The above error occurred in the <NotFoundErrorBoundary> component:

    at ExplainerStepper (webpack-internal:///(app-pages-browser)/./components/service/ExplainerStepper.tsx:21:11)
    at div
    at section
    at div
    at div
    at div
    at main
    at div
    at UnifiedServicePage (webpack-internal:///(app-pages-browser)/./components/service/UnifiedServicePage.tsx:310:11)
    at ServiceDetailPage (Server)
    at InnerLayoutRouter (webpack-internal:///(app-pages-browser)/../../node_modules/.pnpm/next@14.2.18_react-dom@18.3.1_react@18.2.0__react@18.2.0/node_modules/next/dist/client/components/layout-router.js:243:11)
    at RedirectErrorBoundary (webpack-internal:///(app-pages-browser)/../../node_modules/.pnpm/next@14.2.18_react-dom@18.3.1_react@18.2.0__react@18.2.0/node_modules/next/dist/client/components/redirect-boundary.js:74:9)
    at RedirectBoundary (webpack-internal:///(app-pages-browser)/../../node_modules/.pnpm/next@14.2.18_react-dom@18.3.1_react@18.2.0__react@18.2.0/node_modules/next/dist/client/components/redirect-boundary.js:82:11)
    at NotFoundBoundary (webpack-internal:///(app-pages-browser)/../../node_modules/.pnpm/next@14.2.18_react-dom@18.3.1_react@18.2.0__react@18.2.0/node_modules/next/dist/client/components/not-found-boundary.js:84:11)
    at LoadingBoundary (webpack-internal:///(app-pages-browser)/../../node_modules/.pnpm/next@14.2.18_react-dom@18.3.1_react@18.2.0__react@18.2.0/node_modules/next/dist/client/components/layout-router.js:349:11)
    at ErrorBoundary (webpack-internal:///(app-pages-browser)/../../node_modules/.pnpm/next@14.2.18_react-dom@18.3.1_react@18.2.0__react@18.2.0/node_modules/next/dist/client/components/error-boundary.js:160:11)
    at InnerScrollAndFocusHandler (webpack-internal:///(app-pages-browser)/../../node_modules/.pnpm/next@14.2.18_react-dom@18.3.1_react@18.2.0__react@18.2.0/node_modules/next/dist/client/components/layout-router.js:153:9)
    at ScrollAndFocusHandler (webpack-internal:///(app-pages-browser)/../../node_modules/.pnpm/next@14.2.18_react-dom@18.3.1_react@18.2.0__react@18.2.0/node_modules/next/dist/client/components/layout-router.js:228:11)
    at RenderFromTemplateContext (webpack-internal:///(app-pages-browser)/../../node_modules/.pnpm/next@14.2.18_react-dom@18.3.1_react@18.2.0__react@18.2.0/node_modules/next/dist/client/components/render-from-template-context.js:16:44)
    at OuterLayoutRouter (webpack-internal:///(app-pages-browser)/../../node_modules/.pnpm/next@14.2.18_react-dom@18.3.1_react@18.2.0__react@18.2.0/node_modules/next/dist/client/components/layout-router.js:370:11)
    at InnerLayoutRouter (webpack-internal:///(app-pages-browser)/../../node_modules/.pnpm/next@14.2.18_react-dom@18.3.1_react@18.2.0__react@18.2.0/node_modules/next/dist/client/components/layout-router.js:243:11)
    at RedirectErrorBoundary (webpack-internal:///(app-pages-browser)/../../node_modules/.pnpm/next@14.2.18_react-dom@18.3.1_react@18.2.0__react@18.2.0/node_modules/next/dist/client/components/redirect-boundary.js:74:9)
    at RedirectBoundary (webpack-internal:///(app-pages-browser)/../../node_modules/.pnpm/next@14.2.18_react-dom@18.3.1_react@18.2.0__react@18.2.0/node_modules/next/dist/client/components/redirect-boundary.js:82:11)
    at NotFoundBoundary (webpack-internal:///(app-pages-browser)/../../node_modules/.pnpm/next@14.2.18_react-dom@18.3.1_react@18.2.0__react@18.2.0/node_modules/next/dist/client/components/not-found-boundary.js:84:11)
    at LoadingBoundary (webpack-internal:///(app-pages-browser)/../../node_modules/.pnpm/next@14.2.18_react-dom@18.3.1_react@18.2.0__react@18.2.0/node_modules/next/dist/client/components/layout-router.js:349:11)
    at ErrorBoundary (webpack-internal:///(app-pages-browser)/../../node_modules/.pnpm/next@14.2.18_react-dom@18.3.1_react@18.2.0__react@18.2.0/node_modules/next/dist/client/components/error-boundary.js:160:11)
    at InnerScrollAndFocusHandler (webpack-internal:///(app-pages-browser)/../../node_modules/.pnpm/next@14.2.18_react-dom@18.3.1_react@18.2.0__react@18.2.0/node_modules/next/dist/client/components/layout-router.js:153:9)
    at ScrollAndFocusHandler (webpack-internal:///(app-pages-browser)/../../node_modules/.pnpm/next@14.2.18_react-dom@18.3.1_react@18.2.0__react@18.2.0/node_modules/next/dist/client/components/layout-router.js:228:11)
    at RenderFromTemplateContext (webpack-internal:///(app-pages-browser)/../../node_modules/.pnpm/next@14.2.18_react-dom@18.3.1_react@18.2.0__react@18.2.0/node_modules/next/dist/client/components/render-from-template-context.js:16:44)
    at OuterLayoutRouter (webpack-internal:///(app-pages-browser)/../../node_modules/.pnpm/next@14.2.18_react-dom@18.3.1_react@18.2.0__react@18.2.0/node_modules/next/dist/client/components/layout-router.js:370:11)
    at InnerLayoutRouter (webpack-internal:///(app-pages-browser)/../../node_modules/.pnpm/next@14.2.18_react-dom@18.3.1_react@18.2.0__react@18.2.0/node_modules/next/dist/client/components/layout-router.js:243:11)
    at RedirectErrorBoundary (webpack-internal:///(app-pages-browser)/../../node_modules/.pnpm/next@14.2.18_react-dom@18.3.1_react@18.2.0__react@18.2.0/node_modules/next/dist/client/components/redirect-boundary.js:74:9)
    at RedirectBoundary (webpack-internal:///(app-pages-browser)/../../node_modules/.pnpm/next@14.2.18_react-dom@18.3.1_react@18.2.0__react@18.2.0/node_modules/next/dist/client/components/redirect-boundary.js:82:11)
    at NotFoundErrorBoundary (webpack-internal:///(app-pages-browser)/../../node_modules/.pnpm/next@14.2.18_react-dom@18.3.1_react@18.2.0__react@18.2.0/node_modules/next/dist/client/components/not-found-boundary.js:76:9)
    at NotFoundBoundary (webpack-internal:///(app-pages-browser)/../../node_modules/.pnpm/next@14.2.18_react-dom@18.3.1_react@18.2.0__react@18.2.0/node_modules/next/dist/client/components/not-found-boundary.js:84:11)
    at LoadingBoundary (webpack-internal:///(app-pages-browser)/../../node_modules/.pnpm/next@14.2.18_react-dom@18.3.1_react@18.2.0__react@18.2.0/node_modules/next/dist/client/components/layout-router.js:349:11)
    at ErrorBoundary (webpack-internal:///(app-pages-browser)/../../node_modules/.pnpm/next@14.2.18_react-dom@18.3.1_react@18.2.0__react@18.2.0/node_modules/next/dist/client/components/error-boundary.js:160:11)
    at InnerScrollAndFocusHandler (webpack-internal:///(app-pages-browser)/../../node_modules/.pnpm/next@14.2.18_react-dom@18.3.1_react@18.2.0__react@18.2.0/node_modules/next/dist/client/components/layout-router.js:153:9)
    at ScrollAndFocusHandler (webpack-internal:///(app-pages-browser)/../../node_modules/.pnpm/next@14.2.18_react-dom@18.3.1_react@18.2.0__react@18.2.0/node_modules/next/dist/client/components/layout-router.js:228:11)
    at RenderFromTemplateContext (webpack-internal:///(app-pages-browser)/../../node_modules/.pnpm/next@14.2.18_react-dom@18.3.1_react@18.2.0__react@18.2.0/node_modules/next/dist/client/components/render-from-template-context.js:16:44)
    at OuterLayoutRouter (webpack-internal:///(app-pages-browser)/../../node_modules/.pnpm/next@14.2.18_react-dom@18.3.1_react@18.2.0__react@18.2.0/node_modules/next/dist/client/components/layout-router.js:370:11)
    at main
    at div
    at MainLayout (webpack-internal:///(app-pages-browser)/./components/layout/MainLayout.tsx:18:11)
    at MainLayoutWrapper (Server)
    at InnerLayoutRouter (webpack-internal:///(app-pages-browser)/../../node_modules/.pnpm/next@14.2.18_react-dom@18.3.1_react@18.2.0__react@18.2.0/node_modules/next/dist/client/components/layout-router.js:243:11)
    at RedirectErrorBoundary (webpack-internal:///(app-pages-browser)/../../node_modules/.pnpm/next@14.2.18_react-dom@18.3.1_react@18.2.0__react@18.2.0/node_modules/next/dist/client/components/redirect-boundary.js:74:9)
    at RedirectBoundary (webpack-internal:///(app-pages-browser)/../../node_modules/.pnpm/next@14.2.18_react-dom@18.3.1_react@18.2.0__react@18.2.0/node_modules/next/dist/client/components/redirect-boundary.js:82:11)
    at NotFoundErrorBoundary (webpack-internal:///(app-pages-browser)/../../node_modules/.pnpm/next@14.2.18_react-dom@18.3.1_react@18.2.0__react@18.2.0/node_modules/next/dist/client/components/not-found-boundary.js:76:9)
    at NotFoundBoundary (webpack-internal:///(app-pages-browser)/../../node_modules/.pnpm/next@14.2.18_react-dom@18.3.1_react@18.2.0__react@18.2.0/node_modules/next/dist/client/components/not-found-boundary.js:84:11)
    at LoadingBoundary (webpack-internal:///(app-pages-browser)/../../node_modules/.pnpm/next@14.2.18_react-dom@18.3.1_react@18.2.0__react@18.2.0/node_modules/next/dist/client/components/layout-router.js:349:11)
    at ErrorBoundary (webpack-internal:///(app-pages-browser)/../../node_modules/.pnpm/next@14.2.18_react-dom@18.3.1_react@18.2.0__react@18.2.0/node_modules/next/dist/client/components/error-boundary.js:160:11)
    at InnerScrollAndFocusHandler (webpack-internal:///(app-pages-browser)/../../node_modules/.pnpm/next@14.2.18_react-dom@18.3.1_react@18.2.0__react@18.2.0/node_modules/next/dist/client/components/layout-router.js:153:9)
    at ScrollAndFocusHandler (webpack-internal:///(app-pages-browser)/../../node_modules/.pnpm/next@14.2.18_react-dom@18.3.1_react@18.2.0__react@18.2.0/node_modules/next/dist/client/components/layout-router.js:228:11)
    at RenderFromTemplateContext (webpack-internal:///(app-pages-browser)/../../node_modules/.pnpm/next@14.2.18_react-dom@18.3.1_react@18.2.0__react@18.2.0/node_modules/next/dist/client/components/render-from-template-context.js:16:44)
    at OuterLayoutRouter (webpack-internal:///(app-pages-browser)/../../node_modules/.pnpm/next@14.2.18_react-dom@18.3.1_react@18.2.0__react@18.2.0/node_modules/next/dist/client/components/layout-router.js:370:11)
    at UTMProvider (webpack-internal:///(app-pages-browser)/./components/providers/UTMProvider.tsx:20:11)
    at V (webpack-internal:///(app-pages-browser)/../../node_modules/.pnpm/next-themes@0.4.6_react-dom@18.3.1_react@18.2.0__react@18.2.0/node_modules/next-themes/dist/index.mjs:54:24)
    at J (webpack-internal:///(app-pages-browser)/../../node_modules/.pnpm/next-themes@0.4.6_react-dom@18.3.1_react@18.2.0__react@18.2.0/node_modules/next-themes/dist/index.mjs:47:47)
    at ThemeProvider (webpack-internal:///(app-pages-browser)/./components/providers/ThemeProvider.tsx:10:11)
    at body
    at html
    at RootLayout (Server)
    at RedirectErrorBoundary (webpack-internal:///(app-pages-browser)/../../node_modules/.pnpm/next@14.2.18_react-dom@18.3.1_react@18.2.0__react@18.2.0/node_modules/next/dist/client/components/redirect-boundary.js:74:9)
    at RedirectBoundary (webpack-internal:///(app-pages-browser)/../../node_modules/.pnpm/next@14.2.18_react-dom@18.3.1_react@18.2.0__react@18.2.0/node_modules/next/dist/client/components/redirect-boundary.js:82:11)
    at NotFoundErrorBoundary (webpack-internal:///(app-pages-browser)/../../node_modules/.pnpm/next@14.2.18_react-dom@18.3.1_react@18.2.0__react@18.2.0/node_modules/next/dist/client/components/not-found-boundary.js:76:9)
    at NotFoundBoundary (webpack-internal:///(app-pages-browser)/../../node_modules/.pnpm/next@14.2.18_react-dom@18.3.1_react@18.2.0__react@18.2.0/node_modules/next/dist/client/components/not-found-boundary.js:84:11)
    at DevRootNotFoundBoundary (webpack-internal:///(app-pages-browser)/../../node_modules/.pnpm/next@14.2.18_react-dom@18.3.1_react@18.2.0__react@18.2.0/node_modules/next/dist/client/components/dev-root-not-found-boundary.js:33:11)
    at ReactDevOverlay (webpack-internal:///(app-pages-browser)/../../node_modules/.pnpm/next@14.2.18_react-dom@18.3.1_react@18.2.0__react@18.2.0/node_modules/next/dist/client/components/react-dev-overlay/app/ReactDevOverlay.js:87:9)
    at HotReload (webpack-internal:///(app-pages-browser)/../../node_modules/.pnpm/next@14.2.18_react-dom@18.3.1_react@18.2.0__react@18.2.0/node_modules/next/dist/client/components/react-dev-overlay/app/hot-reloader-client.js:321:11)
    at Router (webpack-internal:///(app-pages-browser)/../../node_modules/.pnpm/next@14.2.18_react-dom@18.3.1_react@18.2.0__react@18.2.0/node_modules/next/dist/client/components/app-router.js:207:11)
    at ErrorBoundaryHandler (webpack-internal:///(app-pages-browser)/../../node_modules/.pnpm/next@14.2.18_react-dom@18.3.1_react@18.2.0__react@18.2.0/node_modules/next/dist/client/components/error-boundary.js:113:9)
    at ErrorBoundary (webpack-internal:///(app-pages-browser)/../../node_modules/.pnpm/next@14.2.18_react-dom@18.3.1_react@18.2.0__react@18.2.0/node_modules/next/dist/client/components/error-boundary.js:160:11)
    at AppRouter (webpack-internal:///(app-pages-browser)/../../node_modules/.pnpm/next@14.2.18_react-dom@18.3.1_react@18.2.0__react@18.2.0/node_modules/next/dist/client/components/app-router.js:585:13)
    at ServerRoot (webpack-internal:///(app-pages-browser)/../../node_modules/.pnpm/next@14.2.18_react-dom@18.3.1_react@18.2.0__react@18.2.0/node_modules/next/dist/client/app-index.js:112:27)
    at Root (webpack-internal:///(app-pages-browser)/../../node_modules/.pnpm/next@14.2.18_react-dom@18.3.1_react@18.2.0__react@18.2.0/node_modules/next/dist/client/app-index.js:117:11)

React will try to recreate this component tree from scratch using the error boundary you provided, ReactDevOverlay. @ webpack-internal:///(app-pages-browser)/../../node_modules/.pnpm/next@14.2.18_react-dom@18.3.1_react@18.2.0__react@18.2.0/node_modules/next/dist/client/app-index.js:32
[   26107ms] [WARNING] [Fast Refresh] performing full reload because your application had an unrecoverable error @ webpack-internal:///(app-pages-browser)/../../node_modules/.pnpm/next@14.2.18_react-dom@18.3.1_react@18.2.0__react@18.2.0/node_modules/next/dist/client/components/react-dev-overlay/app/hot-reloader-client.js:114
[   44386ms] [ERROR] Warning: Cannot update a component (`%s`) while rendering a different component (`%s`). To locate the bad setState() call inside `%s`, follow the stack trace as described in https://reactjs.org/link/setstate-in-render%s HotReload ExplainerStepper ExplainerStepper 
    at ExplainerStepper (webpack-internal:///(app-pages-browser)/./components/service/ExplainerStepper.tsx:21:11)
    at div
    at section
    at div
    at div
    at div
    at main
    at div
    at UnifiedServicePage (webpack-internal:///(app-pages-browser)/./components/service/UnifiedServicePage.tsx:310:11)
    at ServiceDetailPage (Server)
    at InnerLayoutRouter (webpack-internal:///(app-pages-browser)/../../node_modules/.pnpm/next@14.2.18_react-dom@18.3.1_react@18.2.0__react@18.2.0/node_modules/next/dist/client/components/layout-router.js:243:11)
    at RedirectErrorBoundary (webpack-internal:///(app-pages-browser)/../../node_modules/.pnpm/next@14.2.18_react-dom@18.3.1_react@18.2.0__react@18.2.0/node_modules/next/dist/client/components/redirect-boundary.js:74:9)
    at RedirectBoundary (webpack-internal:///(app-pages-browser)/../../node_modules/.pnpm/next@14.2.18_react-dom@18.3.1_react@18.2.0__react@18.2.0/node_modules/next/dist/client/components/redirect-boundary.js:82:11)
    at NotFoundBoundary (webpack-internal:///(app-pages-browser)/../../node_modules/.pnpm/next@14.2.18_react-dom@18.3.1_react@18.2.0__react@18.2.0/node_modules/next/dist/client/components/not-found-boundary.js:84:11)
    at LoadingBoundary (webpack-internal:///(app-pages-browser)/../../node_modules/.pnpm/next@14.2.18_react-dom@18.3.1_react@18.2.0__react@18.2.0/node_modules/next/dist/client/components/layout-router.js:349:11)
    at ErrorBoundary (webpack-internal:///(app-pages-browser)/../../node_modules/.pnpm/next@14.2.18_react-dom@18.3.1_react@18.2.0__react@18.2.0/node_modules/next/dist/client/components/error-boundary.js:160:11)
    at InnerScrollAndFocusHandler (webpack-internal:///(app-pages-browser)/../../node_modules/.pnpm/next@14.2.18_react-dom@18.3.1_react@18.2.0__react@18.2.0/node_modules/next/dist/client/components/layout-router.js:153:9)
    at ScrollAndFocusHandler (webpack-internal:///(app-pages-browser)/../../node_modules/.pnpm/next@14.2.18_react-dom@18.3.1_react@18.2.0__react@18.2.0/node_modules/next/dist/client/components/layout-router.js:228:11)
    at RenderFromTemplateContext (webpack-internal:///(app-pages-browser)/../../node_modules/.pnpm/next@14.2.18_react-dom@18.3.1_react@18.2.0__react@18.2.0/node_modules/next/dist/client/components/render-from-template-context.js:16:44)
    at OuterLayoutRouter (webpack-internal:///(app-pages-browser)/../../node_modules/.pnpm/next@14.2.18_react-dom@18.3.1_react@18.2.0__react@18.2.0/node_modules/next/dist/client/components/layout-router.js:370:11)
    at InnerLayoutRouter (webpack-internal:///(app-pages-browser)/../../node_modules/.pnpm/next@14.2.18_react-dom@18.3.1_react@18.2.0__react@18.2.0/node_modules/next/dist/client/components/layout-router.js:243:11)
    at RedirectErrorBoundary (webpack-internal:///(app-pages-browser)/../../node_modules/.pnpm/next@14.2.18_react-dom@18.3.1_react@18.2.0__react@18.2.0/node_modules/next/dist/client/components/redirect-boundary.js:74:9)
    at RedirectBoundary (webpack-internal:///(app-pages-browser)/../../node_modules/.pnpm/next@14.2.18_react-dom@18.3.1_react@18.2.0__react@18.2.0/node_modules/next/dist/client/components/redirect-boundary.js:82:11)
    at NotFoundBoundary (webpack-internal:///(app-pages-browser)/../../node_modules/.pnpm/next@14.2.18_react-dom@18.3.1_react@18.2.0__react@18.2.0/node_modules/next/dist/client/components/not-found-boundary.js:84:11)
    at LoadingBoundary (webpack-internal:///(app-pages-browser)/../../node_modules/.pnpm/next@14.2.18_react-dom@18.3.1_react@18.2.0__react@18.2.0/node_modules/next/dist/client/components/layout-router.js:349:11)
    at ErrorBoundary (webpack-internal:///(app-pages-browser)/../../node_modules/.pnpm/next@14.2.18_react-dom@18.3.1_react@18.2.0__react@18.2.0/node_modules/next/dist/client/components/error-boundary.js:160:11)
    at InnerScrollAndFocusHandler (webpack-internal:///(app-pages-browser)/../../node_modules/.pnpm/next@14.2.18_react-dom@18.3.1_react@18.2.0__react@18.2.0/node_modules/next/dist/client/components/layout-router.js:153:9)
    at ScrollAndFocusHandler (webpack-internal:///(app-pages-browser)/../../node_modules/.pnpm/next@14.2.18_react-dom@18.3.1_react@18.2.0__react@18.2.0/node_modules/next/dist/client/components/layout-router.js:228:11)
    at RenderFromTemplateContext (webpack-internal:///(app-pages-browser)/../../node_modules/.pnpm/next@14.2.18_react-dom@18.3.1_react@18.2.0__react@18.2.0/node_modules/next/dist/client/components/render-from-template-context.js:16:44)
    at OuterLayoutRouter (webpack-internal:///(app-pages-browser)/../../node_modules/.pnpm/next@14.2.18_react-dom@18.3.1_react@18.2.0__react@18.2.0/node_modules/next/dist/client/components/layout-router.js:370:11)
    at InnerLayoutRouter (webpack-internal:///(app-pages-browser)/../../node_modules/.pnpm/next@14.2.18_react-dom@18.3.1_react@18.2.0__react@18.2.0/node_modules/next/dist/client/components/layout-router.js:243:11)
    at RedirectErrorBoundary (webpack-internal:///(app-pages-browser)/../../node_modules/.pnpm/next@14.2.18_react-dom@18.3.1_react@18.2.0__react@18.2.0/node_modules/next/dist/client/components/redirect-boundary.js:74:9)
    at RedirectBoundary (webpack-internal:///(app-pages-browser)/../../node_modules/.pnpm/next@14.2.18_react-dom@18.3.1_react@18.2.0__react@18.2.0/node_modules/next/dist/client/components/redirect-boundary.js:82:11)
    at NotFoundErrorBoundary (webpack-internal:///(app-pages-browser)/../../node_modules/.pnpm/next@14.2.18_react-dom@18.3.1_react@18.2.0__react@18.2.0/node_modules/next/dist/client/components/not-found-boundary.js:76:9)
    at NotFoundBoundary (webpack-internal:///(app-pages-browser)/../../node_modules/.pnpm/next@14.2.18_react-dom@18.3.1_react@18.2.0__react@18.2.0/node_modules/next/dist/client/components/not-found-boundary.js:84:11)
    at LoadingBoundary (webpack-internal:///(app-pages-browser)/../../node_modules/.pnpm/next@14.2.18_react-dom@18.3.1_react@18.2.0__react@18.2.0/node_modules/next/dist/client/components/layout-router.js:349:11)
    at ErrorBoundary (webpack-internal:///(app-pages-browser)/../../node_modules/.pnpm/next@14.2.18_react-dom@18.3.1_react@18.2.0__react@18.2.0/node_modules/next/dist/client/components/error-boundary.js:160:11)
    at InnerScrollAndFocusHandler (webpack-internal:///(app-pages-browser)/../../node_modules/.pnpm/next@14.2.18_react-dom@18.3.1_react@18.2.0__react@18.2.0/node_modules/next/dist/client/components/layout-router.js:153:9)
    at ScrollAndFocusHandler (webpack-internal:///(app-pages-browser)/../../node_modules/.pnpm/next@14.2.18_react-dom@18.3.1_react@18.2.0__react@18.2.0/node_modules/next/dist/client/components/layout-router.js:228:11)
    at RenderFromTemplateContext (webpack-internal:///(app-pages-browser)/../../node_modules/.pnpm/next@14.2.18_react-dom@18.3.1_react@18.2.0__react@18.2.0/node_modules/next/dist/client/components/render-from-template-context.js:16:44)
    at OuterLayoutRouter (webpack-internal:///(app-pages-browser)/../../node_modules/.pnpm/next@14.2.18_react-dom@18.3.1_react@18.2.0__react@18.2.0/node_modules/next/dist/client/components/layout-router.js:370:11)
    at main
    at div
    at MainLayout (webpack-internal:///(app-pages-browser)/./components/layout/MainLayout.tsx:18:11)
    at MainLayoutWrapper (Server)
    at InnerLayoutRouter (webpack-internal:///(app-pages-browser)/../../node_modules/.pnpm/next@14.2.18_react-dom@18.3.1_react@18.2.0__react@18.2.0/node_modules/next/dist/client/components/layout-router.js:243:11)
    at RedirectErrorBoundary (webpack-internal:///(app-pages-browser)/../../node_modules/.pnpm/next@14.2.18_react-dom@18.3.1_react@18.2.0__react@18.2.0/node_modules/next/dist/client/components/redirect-boundary.js:74:9)
    at RedirectBoundary (webpack-internal:///(app-pages-browser)/../../node_modules/.pnpm/next@14.2.18_react-dom@18.3.1_react@18.2.0__react@18.2.0/node_modules/next/dist/client/components/redirect-boundary.js:82:11)
    at NotFoundErrorBoundary (webpack-internal:///(app-pages-browser)/../../node_modules/.pnpm/next@14.2.18_react-dom@18.3.1_react@18.2.0__react@18.2.0/node_modules/next/dist/client/components/not-found-boundary.js:76:9)
    at NotFoundBoundary (webpack-internal:///(app-pages-browser)/../../node_modules/.pnpm/next@14.2.18_react-dom@18.3.1_react@18.2.0__react@18.2.0/node_modules/next/dist/client/components/not-found-boundary.js:84:11)
    at LoadingBoundary (webpack-internal:///(app-pages-browser)/../../node_modules/.pnpm/next@14.2.18_react-dom@18.3.1_react@18.2.0__react@18.2.0/node_modules/next/dist/client/components/layout-router.js:349:11)
    at ErrorBoundary (webpack-internal:///(app-pages-browser)/../../node_modules/.pnpm/next@14.2.18_react-dom@18.3.1_react@18.2.0__react@18.2.0/node_modules/next/dist/client/components/error-boundary.js:160:11)
    at InnerScrollAndFocusHandler (webpack-internal:///(app-pages-browser)/../../node_modules/.pnpm/next@14.2.18_react-dom@18.3.1_react@18.2.0__react@18.2.0/node_modules/next/dist/client/components/layout-router.js:153:9)
    at ScrollAndFocusHandler (webpack-internal:///(app-pages-browser)/../../node_modules/.pnpm/next@14.2.18_react-dom@18.3.1_react@18.2.0__react@18.2.0/node_modules/next/dist/client/components/layout-router.js:228:11)
    at RenderFromTemplateContext (webpack-internal:///(app-pages-browser)/../../node_modules/.pnpm/next@14.2.18_react-dom@18.3.1_react@18.2.0__react@18.2.0/node_modules/next/dist/client/components/render-from-template-context.js:16:44)
    at OuterLayoutRouter (webpack-internal:///(app-pages-browser)/../../node_modules/.pnpm/next@14.2.18_react-dom@18.3.1_react@18.2.0__react@18.2.0/node_modules/next/dist/client/components/layout-router.js:370:11)
    at UTMProvider (webpack-internal:///(app-pages-browser)/./components/providers/UTMProvider.tsx:20:11)
    at V (webpack-internal:///(app-pages-browser)/../../node_modules/.pnpm/next-themes@0.4.6_react-dom@18.3.1_react@18.2.0__react@18.2.0/node_modules/next-themes/dist/index.mjs:54:24)
    at J (webpack-internal:///(app-pages-browser)/../../node_modules/.pnpm/next-themes@0.4.6_react-dom@18.3.1_react@18.2.0__react@18.2.0/node_modules/next-themes/dist/index.mjs:47:47)
    at ThemeProvider (webpack-internal:///(app-pages-browser)/./components/providers/ThemeProvider.tsx:10:11)
    at body
    at html
    at RootLayout (Server)
    at RedirectErrorBoundary (webpack-internal:///(app-pages-browser)/../../node_modules/.pnpm/next@14.2.18_react-dom@18.3.1_react@18.2.0__react@18.2.0/node_modules/next/dist/client/components/redirect-boundary.js:74:9)
    at RedirectBoundary (webpack-internal:///(app-pages-browser)/../../node_modules/.pnpm/next@14.2.18_react-dom@18.3.1_react@18.2.0__react@18.2.0/node_modules/next/dist/client/components/redirect-boundary.js:82:11)
    at NotFoundErrorBoundary (webpack-internal:///(app-pages-browser)/../../node_modules/.pnpm/next@14.2.18_react-dom@18.3.1_react@18.2.0__react@18.2.0/node_modules/next/dist/client/components/not-found-boundary.js:76:9)
    at NotFoundBoundary (webpack-internal:///(app-pages-browser)/../../node_modules/.pnpm/next@14.2.18_react-dom@18.3.1_react@18.2.0__react@18.2.0/node_modules/next/dist/client/components/not-found-boundary.js:84:11)
    at DevRootNotFoundBoundary (webpack-internal:///(app-pages-browser)/../../node_modules/.pnpm/next@14.2.18_react-dom@18.3.1_react@18.2.0__react@18.2.0/node_modules/next/dist/client/components/dev-root-not-found-boundary.js:33:11)
    at ReactDevOverlay (webpack-internal:///(app-pages-browser)/../../node_modules/.pnpm/next@14.2.18_react-dom@18.3.1_react@18.2.0__react@18.2.0/node_modules/next/dist/client/components/react-dev-overlay/app/ReactDevOverlay.js:87:9)
    at HotReload (webpack-internal:///(app-pages-browser)/../../node_modules/.pnpm/next@14.2.18_react-dom@18.3.1_react@18.2.0__react@18.2.0/node_modules/next/dist/client/components/react-dev-overlay/app/hot-reloader-client.js:321:11)
    at Router (webpack-internal:///(app-pages-browser)/../../node_modules/.pnpm/next@14.2.18_react-dom@18.3.1_react@18.2.0__react@18.2.0/node_modules/next/dist/client/components/app-router.js:207:11)
    at ErrorBoundaryHandler (webpack-internal:///(app-pages-browser)/../../node_modules/.pnpm/next@14.2.18_react-dom@18.3.1_react@18.2.0__react@18.2.0/node_modules/next/dist/client/components/error-boundary.js:113:9)
    at ErrorBoundary (webpack-internal:///(app-pages-browser)/../../node_modules/.pnpm/next@14.2.18_react-dom@18.3.1_react@18.2.0__react@18.2.0/node_modules/next/dist/client/components/error-boundary.js:160:11)
    at AppRouter (webpack-internal:///(app-pages-browser)/../../node_modules/.pnpm/next@14.2.18_react-dom@18.3.1_react@18.2.0__react@18.2.0/node_modules/next/dist/client/components/app-router.js:585:13)
    at ServerRoot (webpack-internal:///(app-pages-browser)/../../node_modules/.pnpm/next@14.2.18_react-dom@18.3.1_react@18.2.0__react@18.2.0/node_modules/next/dist/client/app-index.js:112:27)
    at Root (webpack-internal:///(app-pages-browser)/../../node_modules/.pnpm/next@14.2.18_react-dom@18.3.1_react@18.2.0__react@18.2.0/node_modules/next/dist/client/app-index.js:117:11) @ webpack-internal:///(app-pages-browser)/../../node_modules/.pnpm/next@14.2.18_react-dom@18.3.1_react@18.2.0__react@18.2.0/node_modules/next/dist/client/app-index.js:32
[   44387ms] ReferenceError: ChevronLeft is not defined
    at ExplainerStepper (webpack-internal:///(app-pages-browser)/./components/service/ExplainerStepper.tsx:148:105)
    at renderWithHooks (webpack-internal:///(app-pages-browser)/../../node_modules/.pnpm/next@14.2.18_react-dom@18.3.1_react@18.2.0__react@18.2.0/node_modules/next/dist/compiled/react-dom/cjs/react-dom.development.js:11121:18)
    at mountIndeterminateComponent (webpack-internal:///(app-pages-browser)/../../node_modules/.pnpm/next@14.2.18_react-dom@18.3.1_react@18.2.0__react@18.2.0/node_modules/next/dist/compiled/react-dom/cjs/react-dom.development.js:16869:13)
    at beginWork$1 (webpack-internal:///(app-pages-browser)/../../node_modules/.pnpm/next@14.2.18_react-dom@18.3.1_react@18.2.0__react@18.2.0/node_modules/next/dist/compiled/react-dom/cjs/react-dom.development.js:18458:16)
    at HTMLUnknownElement.callCallback (webpack-internal:///(app-pages-browser)/../../node_modules/.pnpm/next@14.2.18_react-dom@18.3.1_react@18.2.0__react@18.2.0/node_modules/next/dist/compiled/react-dom/cjs/react-dom.development.js:20565:14)
    at Object.invokeGuardedCallbackImpl (webpack-internal:///(app-pages-browser)/../../node_modules/.pnpm/next@14.2.18_react-dom@18.3.1_react@18.2.0__react@18.2.0/node_modules/next/dist/compiled/react-dom/cjs/react-dom.development.js:20614:16)
    at invokeGuardedCallback (webpack-internal:///(app-pages-browser)/../../node_modules/.pnpm/next@14.2.18_react-dom@18.3.1_react@18.2.0__react@18.2.0/node_modules/next/dist/compiled/react-dom/cjs/react-dom.development.js:20689:29)
    at beginWork (webpack-internal:///(app-pages-browser)/../../node_modules/.pnpm/next@14.2.18_react-dom@18.3.1_react@18.2.0__react@18.2.0/node_modules/next/dist/compiled/react-dom/cjs/react-dom.development.js:26949:7)
    at performUnitOfWork (webpack-internal:///(app-pages-browser)/../../node_modules/.pnpm/next@14.2.18_react-dom@18.3.1_react@18.2.0__react@18.2.0/node_modules/next/dist/compiled/react-dom/cjs/react-dom.development.js:25748:12)
    at workLoopSync (webpack-internal:///(app-pages-browser)/../../node_modules/.pnpm/next@14.2.18_react-dom@18.3.1_react@18.2.0__react@18.2.0/node_modules/next/dist/compiled/react-dom/cjs/react-dom.development.js:25464:5)
    at renderRootSync (webpack-internal:///(app-pages-browser)/../../node_modules/.pnpm/next@14.2.18_react-dom@18.3.1_react@18.2.0__react@18.2.0/node_modules/next/dist/compiled/react-dom/cjs/react-dom.development.js:25419:7)
    at performSyncWorkOnRoot (webpack-internal:///(app-pages-browser)/../../node_modules/.pnpm/next@14.2.18_react-dom@18.3.1_react@18.2.0__react@18.2.0/node_modules/next/dist/compiled/react-dom/cjs/react-dom.development.js:24887:20)
    at flushSyncWorkAcrossRoots_impl (webpack-internal:///(app-pages-browser)/../../node_modules/.pnpm/next@14.2.18_react-dom@18.3.1_react@18.2.0__react@18.2.0/node_modules/next/dist/compiled/react-dom/cjs/react-dom.development.js:7758:13)
    at flushSyncWorkOnAllRoots (webpack-internal:///(app-pages-browser)/../../node_modules/.pnpm/next@14.2.18_react-dom@18.3.1_react@18.2.0__react@18.2.0/node_modules/next/dist/compiled/react-dom/cjs/react-dom.development.js:7718:3)
    at processRootScheduleInMicrotask (webpack-internal:///(app-pages-browser)/../../node_modules/.pnpm/next@14.2.18_react-dom@18.3.1_react@18.2.0__react@18.2.0/node_modules/next/dist/compiled/react-dom/cjs/react-dom.development.js:7863:3)
    at eval (webpack-internal:///(app-pages-browser)/../../node_modules/.pnpm/next@14.2.18_react-dom@18.3.1_react@18.2.0__react@18.2.0/node_modules/next/dist/compiled/react-dom/cjs/react-dom.development.js:8034:7)
[   44387ms] ReferenceError: ChevronLeft is not defined
    at ExplainerStepper (webpack-internal:///(app-pages-browser)/./components/service/ExplainerStepper.tsx:148:105)
    at renderWithHooks (webpack-internal:///(app-pages-browser)/../../node_modules/.pnpm/next@14.2.18_react-dom@18.3.1_react@18.2.0__react@18.2.0/node_modules/next/dist/compiled/react-dom/cjs/react-dom.development.js:11121:18)
    at mountIndeterminateComponent (webpack-internal:///(app-pages-browser)/../../node_modules/.pnpm/next@14.2.18_react-dom@18.3.1_react@18.2.0__react@18.2.0/node_modules/next/dist/compiled/react-dom/cjs/react-dom.development.js:16869:13)
    at beginWork$1 (webpack-internal:///(app-pages-browser)/../../node_modules/.pnpm/next@14.2.18_react-dom@18.3.1_react@18.2.0__react@18.2.0/node_modules/next/dist/compiled/react-dom/cjs/react-dom.development.js:18458:16)
    at beginWork (webpack-internal:///(app-pages-browser)/../../node_modules/.pnpm/next@14.2.18_react-dom@18.3.1_react@18.2.0__react@18.2.0/node_modules/next/dist/compiled/react-dom/cjs/react-dom.development.js:26927:14)
    at performUnitOfWork (webpack-internal:///(app-pages-browser)/../../node_modules/.pnpm/next@14.2.18_react-dom@18.3.1_react@18.2.0__react@18.2.0/node_modules/next/dist/compiled/react-dom/cjs/react-dom.development.js:25748:12)
    at workLoopSync (webpack-internal:///(app-pages-browser)/../../node_modules/.pnpm/next@14.2.18_react-dom@18.3.1_react@18.2.0__react@18.2.0/node_modules/next/dist/compiled/react-dom/cjs/react-dom.development.js:25464:5)
    at renderRootSync (webpack-internal:///(app-pages-browser)/../../node_modules/.pnpm/next@14.2.18_react-dom@18.3.1_react@18.2.0__react@18.2.0/node_modules/next/dist/compiled/react-dom/cjs/react-dom.development.js:25419:7)
    at performSyncWorkOnRoot (webpack-internal:///(app-pages-browser)/../../node_modules/.pnpm/next@14.2.18_react-dom@18.3.1_react@18.2.0__react@18.2.0/node_modules/next/dist/compiled/react-dom/cjs/react-dom.development.js:24887:20)
    at flushSyncWorkAcrossRoots_impl (webpack-internal:///(app-pages-browser)/../../node_modules/.pnpm/next@14.2.18_react-dom@18.3.1_react@18.2.0__react@18.2.0/node_modules/next/dist/compiled/react-dom/cjs/react-dom.development.js:7758:13)
    at flushSyncWorkOnAllRoots (webpack-internal:///(app-pages-browser)/../../node_modules/.pnpm/next@14.2.18_react-dom@18.3.1_react@18.2.0__react@18.2.0/node_modules/next/dist/compiled/react-dom/cjs/react-dom.development.js:7718:3)
    at processRootScheduleInMicrotask (webpack-internal:///(app-pages-browser)/../../node_modules/.pnpm/next@14.2.18_react-dom@18.3.1_react@18.2.0__react@18.2.0/node_modules/next/dist/compiled/react-dom/cjs/react-dom.development.js:7863:3)
    at eval (webpack-internal:///(app-pages-browser)/../../node_modules/.pnpm/next@14.2.18_react-dom@18.3.1_react@18.2.0__react@18.2.0/node_modules/next/dist/compiled/react-dom/cjs/react-dom.development.js:8034:7)
[   44387ms] ReferenceError: ChevronLeft is not defined
    at ExplainerStepper (webpack-internal:///(app-pages-browser)/./components/service/ExplainerStepper.tsx:148:105)
    at renderWithHooks (webpack-internal:///(app-pages-browser)/../../node_modules/.pnpm/next@14.2.18_react-dom@18.3.1_react@18.2.0__react@18.2.0/node_modules/next/dist/compiled/react-dom/cjs/react-dom.development.js:11121:18)
    at mountIndeterminateComponent (webpack-internal:///(app-pages-browser)/../../node_modules/.pnpm/next@14.2.18_react-dom@18.3.1_react@18.2.0__react@18.2.0/node_modules/next/dist/compiled/react-dom/cjs/react-dom.development.js:16869:13)
    at beginWork$1 (webpack-internal:///(app-pages-browser)/../../node_modules/.pnpm/next@14.2.18_react-dom@18.3.1_react@18.2.0__react@18.2.0/node_modules/next/dist/compiled/react-dom/cjs/react-dom.development.js:18458:16)
    at beginWork (webpack-internal:///(app-pages-browser)/../../node_modules/.pnpm/next@14.2.18_react-dom@18.3.1_react@18.2.0__react@18.2.0/node_modules/next/dist/compiled/react-dom/cjs/react-dom.development.js:26927:14)
    at performUnitOfWork (webpack-internal:///(app-pages-browser)/../../node_modules/.pnpm/next@14.2.18_react-dom@18.3.1_react@18.2.0__react@18.2.0/node_modules/next/dist/compiled/react-dom/cjs/react-dom.development.js:25748:12)
    at workLoopSync (webpack-internal:///(app-pages-browser)/../../node_modules/.pnpm/next@14.2.18_react-dom@18.3.1_react@18.2.0__react@18.2.0/node_modules/next/dist/compiled/react-dom/cjs/react-dom.development.js:25464:5)
    at renderRootSync (webpack-internal:///(app-pages-browser)/../../node_modules/.pnpm/next@14.2.18_react-dom@18.3.1_react@18.2.0__react@18.2.0/node_modules/next/dist/compiled/react-dom/cjs/react-dom.development.js:25419:7)
    at performSyncWorkOnRoot (webpack-internal:///(app-pages-browser)/../../node_modules/.pnpm/next@14.2.18_react-dom@18.3.1_react@18.2.0__react@18.2.0/node_modules/next/dist/compiled/react-dom/cjs/react-dom.development.js:24887:20)
    at flushSyncWorkAcrossRoots_impl (webpack-internal:///(app-pages-browser)/../../node_modules/.pnpm/next@14.2.18_react-dom@18.3.1_react@18.2.0__react@18.2.0/node_modules/next/dist/compiled/react-dom/cjs/react-dom.development.js:7758:13)
    at flushSyncWorkOnAllRoots (webpack-internal:///(app-pages-browser)/../../node_modules/.pnpm/next@14.2.18_react-dom@18.3.1_react@18.2.0__react@18.2.0/node_modules/next/dist/compiled/react-dom/cjs/react-dom.development.js:7718:3)
    at processRootScheduleInMicrotask (webpack-internal:///(app-pages-browser)/../../node_modules/.pnpm/next@14.2.18_react-dom@18.3.1_react@18.2.0__react@18.2.0/node_modules/next/dist/compiled/react-dom/cjs/react-dom.development.js:7863:3)
    at eval (webpack-internal:///(app-pages-browser)/../../node_modules/.pnpm/next@14.2.18_react-dom@18.3.1_react@18.2.0__react@18.2.0/node_modules/next/dist/compiled/react-dom/cjs/react-dom.development.js:8034:7)
[   44387ms] ReferenceError: ChevronLeft is not defined
    at ExplainerStepper (webpack-internal:///(app-pages-browser)/./components/service/ExplainerStepper.tsx:148:105)
    at renderWithHooks (webpack-internal:///(app-pages-browser)/../../node_modules/.pnpm/next@14.2.18_react-dom@18.3.1_react@18.2.0__react@18.2.0/node_modules/next/dist/compiled/react-dom/cjs/react-dom.development.js:11121:18)
    at mountIndeterminateComponent (webpack-internal:///(app-pages-browser)/../../node_modules/.pnpm/next@14.2.18_react-dom@18.3.1_react@18.2.0__react@18.2.0/node_modules/next/dist/compiled/react-dom/cjs/react-dom.development.js:16869:13)
    at beginWork$1 (webpack-internal:///(app-pages-browser)/../../node_modules/.pnpm/next@14.2.18_react-dom@18.3.1_react@18.2.0__react@18.2.0/node_modules/next/dist/compiled/react-dom/cjs/react-dom.development.js:18458:16)
    at beginWork (webpack-internal:///(app-pages-browser)/../../node_modules/.pnpm/next@14.2.18_react-dom@18.3.1_react@18.2.0__react@18.2.0/node_modules/next/dist/compiled/react-dom/cjs/react-dom.development.js:26927:14)
    at performUnitOfWork (webpack-internal:///(app-pages-browser)/../../node_modules/.pnpm/next@14.2.18_react-dom@18.3.1_react@18.2.0__react@18.2.0/node_modules/next/dist/compiled/react-dom/cjs/react-dom.development.js:25748:12)
    at workLoopSync (webpack-internal:///(app-pages-browser)/../../node_modules/.pnpm/next@14.2.18_react-dom@18.3.1_react@18.2.0__react@18.2.0/node_modules/next/dist/compiled/react-dom/cjs/react-dom.development.js:25464:5)
    at renderRootSync (webpack-internal:///(app-pages-browser)/../../node_modules/.pnpm/next@14.2.18_react-dom@18.3.1_react@18.2.0__react@18.2.0/node_modules/next/dist/compiled/react-dom/cjs/react-dom.development.js:25419:7)
    at performSyncWorkOnRoot (webpack-internal:///(app-pages-browser)/../../node_modules/.pnpm/next@14.2.18_react-dom@18.3.1_react@18.2.0__react@18.2.0/node_modules/next/dist/compiled/react-dom/cjs/react-dom.development.js:24887:20)
    at flushSyncWorkAcrossRoots_impl (webpack-internal:///(app-pages-browser)/../../node_modules/.pnpm/next@14.2.18_react-dom@18.3.1_react@18.2.0__react@18.2.0/node_modules/next/dist/compiled/react-dom/cjs/react-dom.development.js:7758:13)
    at flushSyncWorkOnAllRoots (webpack-internal:///(app-pages-browser)/../../node_modules/.pnpm/next@14.2.18_react-dom@18.3.1_react@18.2.0__react@18.2.0/node_modules/next/dist/compiled/react-dom/cjs/react-dom.development.js:7718:3)
    at processRootScheduleInMicrotask (webpack-internal:///(app-pages-browser)/../../node_modules/.pnpm/next@14.2.18_react-dom@18.3.1_react@18.2.0__react@18.2.0/node_modules/next/dist/compiled/react-dom/cjs/react-dom.development.js:7863:3)
    at eval (webpack-internal:///(app-pages-browser)/../../node_modules/.pnpm/next@14.2.18_react-dom@18.3.1_react@18.2.0__react@18.2.0/node_modules/next/dist/compiled/react-dom/cjs/react-dom.development.js:8034:7)
[   44388ms] ReferenceError: ChevronLeft is not defined
    at ExplainerStepper (webpack-internal:///(app-pages-browser)/./components/service/ExplainerStepper.tsx:148:105)
    at renderWithHooks (webpack-internal:///(app-pages-browser)/../../node_modules/.pnpm/next@14.2.18_react-dom@18.3.1_react@18.2.0__react@18.2.0/node_modules/next/dist/compiled/react-dom/cjs/react-dom.development.js:11121:18)
    at mountIndeterminateComponent (webpack-internal:///(app-pages-browser)/../../node_modules/.pnpm/next@14.2.18_react-dom@18.3.1_react@18.2.0__react@18.2.0/node_modules/next/dist/compiled/react-dom/cjs/react-dom.development.js:16869:13)
    at beginWork$1 (webpack-internal:///(app-pages-browser)/../../node_modules/.pnpm/next@14.2.18_react-dom@18.3.1_react@18.2.0__react@18.2.0/node_modules/next/dist/compiled/react-dom/cjs/react-dom.development.js:18458:16)
    at beginWork (webpack-internal:///(app-pages-browser)/../../node_modules/.pnpm/next@14.2.18_react-dom@18.3.1_react@18.2.0__react@18.2.0/node_modules/next/dist/compiled/react-dom/cjs/react-dom.development.js:26927:14)
    at performUnitOfWork (webpack-internal:///(app-pages-browser)/../../node_modules/.pnpm/next@14.2.18_react-dom@18.3.1_react@18.2.0__react@18.2.0/node_modules/next/dist/compiled/react-dom/cjs/react-dom.development.js:25748:12)
    at workLoopSync (webpack-internal:///(app-pages-browser)/../../node_modules/.pnpm/next@14.2.18_react-dom@18.3.1_react@18.2.0__react@18.2.0/node_modules/next/dist/compiled/react-dom/cjs/react-dom.development.js:25464:5)
    at renderRootSync (webpack-internal:///(app-pages-browser)/../../node_modules/.pnpm/next@14.2.18_react-dom@18.3.1_react@18.2.0__react@18.2.0/node_modules/next/dist/compiled/react-dom/cjs/react-dom.development.js:25419:7)
    at performSyncWorkOnRoot (webpack-internal:///(app-pages-browser)/../../node_modules/.pnpm/next@14.2.18_react-dom@18.3.1_react@18.2.0__react@18.2.0/node_modules/next/dist/compiled/react-dom/cjs/react-dom.development.js:24887:20)
    at flushSyncWorkAcrossRoots_impl (webpack-internal:///(app-pages-browser)/../../node_modules/.pnpm/next@14.2.18_react-dom@18.3.1_react@18.2.0__react@18.2.0/node_modules/next/dist/compiled/react-dom/cjs/react-dom.development.js:7758:13)
    at flushSyncWorkOnAllRoots (webpack-internal:///(app-pages-browser)/../../node_modules/.pnpm/next@14.2.18_react-dom@18.3.1_react@18.2.0__react@18.2.0/node_modules/next/dist/compiled/react-dom/cjs/react-dom.development.js:7718:3)
    at processRootScheduleInMicrotask (webpack-internal:///(app-pages-browser)/../../node_modules/.pnpm/next@14.2.18_react-dom@18.3.1_react@18.2.0__react@18.2.0/node_modules/next/dist/compiled/react-dom/cjs/react-dom.development.js:7863:3)
    at eval (webpack-internal:///(app-pages-browser)/../../node_modules/.pnpm/next@14.2.18_react-dom@18.3.1_react@18.2.0__react@18.2.0/node_modules/next/dist/compiled/react-dom/cjs/react-dom.development.js:8034:7)
[   44388ms] ReferenceError: ChevronLeft is not defined
    at ExplainerStepper (webpack-internal:///(app-pages-browser)/./components/service/ExplainerStepper.tsx:148:105)
    at renderWithHooks (webpack-internal:///(app-pages-browser)/../../node_modules/.pnpm/next@14.2.18_react-dom@18.3.1_react@18.2.0__react@18.2.0/node_modules/next/dist/compiled/react-dom/cjs/react-dom.development.js:11121:18)
    at mountIndeterminateComponent (webpack-internal:///(app-pages-browser)/../../node_modules/.pnpm/next@14.2.18_react-dom@18.3.1_react@18.2.0__react@18.2.0/node_modules/next/dist/compiled/react-dom/cjs/react-dom.development.js:16869:13)
    at beginWork$1 (webpack-internal:///(app-pages-browser)/../../node_modules/.pnpm/next@14.2.18_react-dom@18.3.1_react@18.2.0__react@18.2.0/node_modules/next/dist/compiled/react-dom/cjs/react-dom.development.js:18458:16)
    at beginWork (webpack-internal:///(app-pages-browser)/../../node_modules/.pnpm/next@14.2.18_react-dom@18.3.1_react@18.2.0__react@18.2.0/node_modules/next/dist/compiled/react-dom/cjs/react-dom.development.js:26927:14)
    at performUnitOfWork (webpack-internal:///(app-pages-browser)/../../node_modules/.pnpm/next@14.2.18_react-dom@18.3.1_react@18.2.0__react@18.2.0/node_modules/next/dist/compiled/react-dom/cjs/react-dom.development.js:25748:12)
    at workLoopSync (webpack-internal:///(app-pages-browser)/../../node_modules/.pnpm/next@14.2.18_react-dom@18.3.1_react@18.2.0__react@18.2.0/node_modules/next/dist/compiled/react-dom/cjs/react-dom.development.js:25464:5)
    at renderRootSync (webpack-internal:///(app-pages-browser)/../../node_modules/.pnpm/next@14.2.18_react-dom@18.3.1_react@18.2.0__react@18.2.0/node_modules/next/dist/compiled/react-dom/cjs/react-dom.development.js:25419:7)
    at performSyncWorkOnRoot (webpack-internal:///(app-pages-browser)/../../node_modules/.pnpm/next@14.2.18_react-dom@18.3.1_react@18.2.0__react@18.2.0/node_modules/next/dist/compiled/react-dom/cjs/react-dom.development.js:24887:20)
    at flushSyncWorkAcrossRoots_impl (webpack-internal:///(app-pages-browser)/../../node_modules/.pnpm/next@14.2.18_react-dom@18.3.1_react@18.2.0__react@18.2.0/node_modules/next/dist/compiled/react-dom/cjs/react-dom.development.js:7758:13)
    at flushSyncWorkOnAllRoots (webpack-internal:///(app-pages-browser)/../../node_modules/.pnpm/next@14.2.18_react-dom@18.3.1_react@18.2.0__react@18.2.0/node_modules/next/dist/compiled/react-dom/cjs/react-dom.development.js:7718:3)
    at processRootScheduleInMicrotask (webpack-internal:///(app-pages-browser)/../../node_modules/.pnpm/next@14.2.18_react-dom@18.3.1_react@18.2.0__react@18.2.0/node_modules/next/dist/compiled/react-dom/cjs/react-dom.development.js:7863:3)
    at eval (webpack-internal:///(app-pages-browser)/../../node_modules/.pnpm/next@14.2.18_react-dom@18.3.1_react@18.2.0__react@18.2.0/node_modules/next/dist/compiled/react-dom/cjs/react-dom.development.js:8034:7)
[   44388ms] ReferenceError: ChevronLeft is not defined
    at ExplainerStepper (webpack-internal:///(app-pages-browser)/./components/service/ExplainerStepper.tsx:148:105)
    at renderWithHooks (webpack-internal:///(app-pages-browser)/../../node_modules/.pnpm/next@14.2.18_react-dom@18.3.1_react@18.2.0__react@18.2.0/node_modules/next/dist/compiled/react-dom/cjs/react-dom.development.js:11121:18)
    at mountIndeterminateComponent (webpack-internal:///(app-pages-browser)/../../node_modules/.pnpm/next@14.2.18_react-dom@18.3.1_react@18.2.0__react@18.2.0/node_modules/next/dist/compiled/react-dom/cjs/react-dom.development.js:16869:13)
    at beginWork$1 (webpack-internal:///(app-pages-browser)/../../node_modules/.pnpm/next@14.2.18_react-dom@18.3.1_react@18.2.0__react@18.2.0/node_modules/next/dist/compiled/react-dom/cjs/react-dom.development.js:18458:16)
    at beginWork (webpack-internal:///(app-pages-browser)/../../node_modules/.pnpm/next@14.2.18_react-dom@18.3.1_react@18.2.0__react@18.2.0/node_modules/next/dist/compiled/react-dom/cjs/react-dom.development.js:26927:14)
    at performUnitOfWork (webpack-internal:///(app-pages-browser)/../../node_modules/.pnpm/next@14.2.18_react-dom@18.3.1_react@18.2.0__react@18.2.0/node_modules/next/dist/compiled/react-dom/cjs/react-dom.development.js:25748:12)
    at workLoopSync (webpack-internal:///(app-pages-browser)/../../node_modules/.pnpm/next@14.2.18_react-dom@18.3.1_react@18.2.0__react@18.2.0/node_modules/next/dist/compiled/react-dom/cjs/react-dom.development.js:25464:5)
    at renderRootSync (webpack-internal:///(app-pages-browser)/../../node_modules/.pnpm/next@14.2.18_react-dom@18.3.1_react@18.2.0__react@18.2.0/node_modules/next/dist/compiled/react-dom/cjs/react-dom.development.js:25419:7)
    at performSyncWorkOnRoot (webpack-internal:///(app-pages-browser)/../../node_modules/.pnpm/next@14.2.18_react-dom@18.3.1_react@18.2.0__react@18.2.0/node_modules/next/dist/compiled/react-dom/cjs/react-dom.development.js:24887:20)
    at flushSyncWorkAcrossRoots_impl (webpack-internal:///(app-pages-browser)/../../node_modules/.pnpm/next@14.2.18_react-dom@18.3.1_react@18.2.0__react@18.2.0/node_modules/next/dist/compiled/react-dom/cjs/react-dom.development.js:7758:13)
    at flushSyncWorkOnAllRoots (webpack-internal:///(app-pages-browser)/../../node_modules/.pnpm/next@14.2.18_react-dom@18.3.1_react@18.2.0__react@18.2.0/node_modules/next/dist/compiled/react-dom/cjs/react-dom.development.js:7718:3)
    at processRootScheduleInMicrotask (webpack-internal:///(app-pages-browser)/../../node_modules/.pnpm/next@14.2.18_react-dom@18.3.1_react@18.2.0__react@18.2.0/node_modules/next/dist/compiled/react-dom/cjs/react-dom.development.js:7863:3)
    at eval (webpack-internal:///(app-pages-browser)/../../node_modules/.pnpm/next@14.2.18_react-dom@18.3.1_react@18.2.0__react@18.2.0/node_modules/next/dist/compiled/react-dom/cjs/react-dom.development.js:8034:7)
[   44388ms] ReferenceError: ChevronLeft is not defined
    at ExplainerStepper (webpack-internal:///(app-pages-browser)/./components/service/ExplainerStepper.tsx:148:105)
    at renderWithHooks (webpack-internal:///(app-pages-browser)/../../node_modules/.pnpm/next@14.2.18_react-dom@18.3.1_react@18.2.0__react@18.2.0/node_modules/next/dist/compiled/react-dom/cjs/react-dom.development.js:11121:18)
    at mountIndeterminateComponent (webpack-internal:///(app-pages-browser)/../../node_modules/.pnpm/next@14.2.18_react-dom@18.3.1_react@18.2.0__react@18.2.0/node_modules/next/dist/compiled/react-dom/cjs/react-dom.development.js:16869:13)
    at beginWork$1 (webpack-internal:///(app-pages-browser)/../../node_modules/.pnpm/next@14.2.18_react-dom@18.3.1_react@18.2.0__react@18.2.0/node_modules/next/dist/compiled/react-dom/cjs/react-dom.development.js:18458:16)
    at beginWork (webpack-internal:///(app-pages-browser)/../../node_modules/.pnpm/next@14.2.18_react-dom@18.3.1_react@18.2.0__react@18.2.0/node_modules/next/dist/compiled/react-dom/cjs/react-dom.development.js:26927:14)
    at performUnitOfWork (webpack-internal:///(app-pages-browser)/../../node_modules/.pnpm/next@14.2.18_react-dom@18.3.1_react@18.2.0__react@18.2.0/node_modules/next/dist/compiled/react-dom/cjs/react-dom.development.js:25748:12)
    at workLoopSync (webpack-internal:///(app-pages-browser)/../../node_modules/.pnpm/next@14.2.18_react-dom@18.3.1_react@18.2.0__react@18.2.0/node_modules/next/dist/compiled/react-dom/cjs/react-dom.development.js:25464:5)
    at renderRootSync (webpack-internal:///(app-pages-browser)/../../node_modules/.pnpm/next@14.2.18_react-dom@18.3.1_react@18.2.0__react@18.2.0/node_modules/next/dist/compiled/react-dom/cjs/react-dom.development.js:25419:7)
    at performSyncWorkOnRoot (webpack-internal:///(app-pages-browser)/../../node_modules/.pnpm/next@14.2.18_react-dom@18.3.1_react@18.2.0__react@18.2.0/node_modules/next/dist/compiled/react-dom/cjs/react-dom.development.js:24887:20)
    at flushSyncWorkAcrossRoots_impl (webpack-internal:///(app-pages-browser)/../../node_modules/.pnpm/next@14.2.18_react-dom@18.3.1_react@18.2.0__react@18.2.0/node_modules/next/dist/compiled/react-dom/cjs/react-dom.development.js:7758:13)
    at flushSyncWorkOnAllRoots (webpack-internal:///(app-pages-browser)/../../node_modules/.pnpm/next@14.2.18_react-dom@18.3.1_react@18.2.0__react@18.2.0/node_modules/next/dist/compiled/react-dom/cjs/react-dom.development.js:7718:3)
    at processRootScheduleInMicrotask (webpack-internal:///(app-pages-browser)/../../node_modules/.pnpm/next@14.2.18_react-dom@18.3.1_react@18.2.0__react@18.2.0/node_modules/next/dist/compiled/react-dom/cjs/react-dom.development.js:7863:3)
    at eval (webpack-internal:///(app-pages-browser)/../../node_modules/.pnpm/next@14.2.18_react-dom@18.3.1_react@18.2.0__react@18.2.0/node_modules/next/dist/compiled/react-dom/cjs/react-dom.development.js:8034:7)
[   44388ms] ReferenceError: ChevronLeft is not defined
    at ExplainerStepper (webpack-internal:///(app-pages-browser)/./components/service/ExplainerStepper.tsx:148:105)
    at renderWithHooks (webpack-internal:///(app-pages-browser)/../../node_modules/.pnpm/next@14.2.18_react-dom@18.3.1_react@18.2.0__react@18.2.0/node_modules/next/dist/compiled/react-dom/cjs/react-dom.development.js:11121:18)
    at mountIndeterminateComponent (webpack-internal:///(app-pages-browser)/../../node_modules/.pnpm/next@14.2.18_react-dom@18.3.1_react@18.2.0__react@18.2.0/node_modules/next/dist/compiled/react-dom/cjs/react-dom.development.js:16869:13)
    at beginWork$1 (webpack-internal:///(app-pages-browser)/../../node_modules/.pnpm/next@14.2.18_react-dom@18.3.1_react@18.2.0__react@18.2.0/node_modules/next/dist/compiled/react-dom/cjs/react-dom.development.js:18458:16)
    at beginWork (webpack-internal:///(app-pages-browser)/../../node_modules/.pnpm/next@14.2.18_react-dom@18.3.1_react@18.2.0__react@18.2.0/node_modules/next/dist/compiled/react-dom/cjs/react-dom.development.js:26927:14)
    at performUnitOfWork (webpack-internal:///(app-pages-browser)/../../node_modules/.pnpm/next@14.2.18_react-dom@18.3.1_react@18.2.0__react@18.2.0/node_modules/next/dist/compiled/react-dom/cjs/react-dom.development.js:25748:12)
    at workLoopSync (webpack-internal:///(app-pages-browser)/../../node_modules/.pnpm/next@14.2.18_react-dom@18.3.1_react@18.2.0__react@18.2.0/node_modules/next/dist/compiled/react-dom/cjs/react-dom.development.js:25464:5)
    at renderRootSync (webpack-internal:///(app-pages-browser)/../../node_modules/.pnpm/next@14.2.18_react-dom@18.3.1_react@18.2.0__react@18.2.0/node_modules/next/dist/compiled/react-dom/cjs/react-dom.development.js:25419:7)
    at performSyncWorkOnRoot (webpack-internal:///(app-pages-browser)/../../node_modules/.pnpm/next@14.2.18_react-dom@18.3.1_react@18.2.0__react@18.2.0/node_modules/next/dist/compiled/react-dom/cjs/react-dom.development.js:24887:20)
    at flushSyncWorkAcrossRoots_impl (webpack-internal:///(app-pages-browser)/../../node_modules/.pnpm/next@14.2.18_react-dom@18.3.1_react@18.2.0__react@18.2.0/node_modules/next/dist/compiled/react-dom/cjs/react-dom.development.js:7758:13)
    at flushSyncWorkOnAllRoots (webpack-internal:///(app-pages-browser)/../../node_modules/.pnpm/next@14.2.18_react-dom@18.3.1_react@18.2.0__react@18.2.0/node_modules/next/dist/compiled/react-dom/cjs/react-dom.development.js:7718:3)
    at processRootScheduleInMicrotask (webpack-internal:///(app-pages-browser)/../../node_modules/.pnpm/next@14.2.18_react-dom@18.3.1_react@18.2.0__react@18.2.0/node_modules/next/dist/compiled/react-dom/cjs/react-dom.development.js:7863:3)
    at eval (webpack-internal:///(app-pages-browser)/../../node_modules/.pnpm/next@14.2.18_react-dom@18.3.1_react@18.2.0__react@18.2.0/node_modules/next/dist/compiled/react-dom/cjs/react-dom.development.js:8034:7)
[   44389ms] ReferenceError: ChevronLeft is not defined
    at ExplainerStepper (webpack-internal:///(app-pages-browser)/./components/service/ExplainerStepper.tsx:148:105)
    at renderWithHooks (webpack-internal:///(app-pages-browser)/../../node_modules/.pnpm/next@14.2.18_react-dom@18.3.1_react@18.2.0__react@18.2.0/node_modules/next/dist/compiled/react-dom/cjs/react-dom.development.js:11121:18)
    at mountIndeterminateComponent (webpack-internal:///(app-pages-browser)/../../node_modules/.pnpm/next@14.2.18_react-dom@18.3.1_react@18.2.0__react@18.2.0/node_modules/next/dist/compiled/react-dom/cjs/react-dom.development.js:16869:13)
    at beginWork$1 (webpack-internal:///(app-pages-browser)/../../node_modules/.pnpm/next@14.2.18_react-dom@18.3.1_react@18.2.0__react@18.2.0/node_modules/next/dist/compiled/react-dom/cjs/react-dom.development.js:18458:16)
    at HTMLUnknownElement.callCallback (webpack-internal:///(app-pages-browser)/../../node_modules/.pnpm/next@14.2.18_react-dom@18.3.1_react@18.2.0__react@18.2.0/node_modules/next/dist/compiled/react-dom/cjs/react-dom.development.js:20565:14)
    at Object.invokeGuardedCallbackImpl (webpack-internal:///(app-pages-browser)/../../node_modules/.pnpm/next@14.2.18_react-dom@18.3.1_react@18.2.0__react@18.2.0/node_modules/next/dist/compiled/react-dom/cjs/react-dom.development.js:20614:16)
    at invokeGuardedCallback (webpack-internal:///(app-pages-browser)/../../node_modules/.pnpm/next@14.2.18_react-dom@18.3.1_react@18.2.0__react@18.2.0/node_modules/next/dist/compiled/react-dom/cjs/react-dom.development.js:20689:29)
    at beginWork (webpack-internal:///(app-pages-browser)/../../node_modules/.pnpm/next@14.2.18_react-dom@18.3.1_react@18.2.0__react@18.2.0/node_modules/next/dist/compiled/react-dom/cjs/react-dom.development.js:26949:7)
    at performUnitOfWork (webpack-internal:///(app-pages-browser)/../../node_modules/.pnpm/next@14.2.18_react-dom@18.3.1_react@18.2.0__react@18.2.0/node_modules/next/dist/compiled/react-dom/cjs/react-dom.development.js:25748:12)
    at workLoopSync (webpack-internal:///(app-pages-browser)/../../node_modules/.pnpm/next@14.2.18_react-dom@18.3.1_react@18.2.0__react@18.2.0/node_modules/next/dist/compiled/react-dom/cjs/react-dom.development.js:25464:5)
    at renderRootSync (webpack-internal:///(app-pages-browser)/../../node_modules/.pnpm/next@14.2.18_react-dom@18.3.1_react@18.2.0__react@18.2.0/node_modules/next/dist/compiled/react-dom/cjs/react-dom.development.js:25419:7)
    at recoverFromConcurrentError (webpack-internal:///(app-pages-browser)/../../node_modules/.pnpm/next@14.2.18_react-dom@18.3.1_react@18.2.0__react@18.2.0/node_modules/next/dist/compiled/react-dom/cjs/react-dom.development.js:24597:20)
    at performSyncWorkOnRoot (webpack-internal:///(app-pages-browser)/../../node_modules/.pnpm/next@14.2.18_react-dom@18.3.1_react@18.2.0__react@18.2.0/node_modules/next/dist/compiled/react-dom/cjs/react-dom.development.js:24899:20)
    at flushSyncWorkAcrossRoots_impl (webpack-internal:///(app-pages-browser)/../../node_modules/.pnpm/next@14.2.18_react-dom@18.3.1_react@18.2.0__react@18.2.0/node_modules/next/dist/compiled/react-dom/cjs/react-dom.development.js:7758:13)
    at flushSyncWorkOnAllRoots (webpack-internal:///(app-pages-browser)/../../node_modules/.pnpm/next@14.2.18_react-dom@18.3.1_react@18.2.0__react@18.2.0/node_modules/next/dist/compiled/react-dom/cjs/react-dom.development.js:7718:3)
    at processRootScheduleInMicrotask (webpack-internal:///(app-pages-browser)/../../node_modules/.pnpm/next@14.2.18_react-dom@18.3.1_react@18.2.0__react@18.2.0/node_modules/next/dist/compiled/react-dom/cjs/react-dom.development.js:7863:3)
    at eval (webpack-internal:///(app-pages-browser)/../../node_modules/.pnpm/next@14.2.18_react-dom@18.3.1_react@18.2.0__react@18.2.0/node_modules/next/dist/compiled/react-dom/cjs/react-dom.development.js:8034:7)
[   44389ms] ReferenceError: ChevronLeft is not defined
    at ExplainerStepper (webpack-internal:///(app-pages-browser)/./components/service/ExplainerStepper.tsx:148:105)
    at renderWithHooks (webpack-internal:///(app-pages-browser)/../../node_modules/.pnpm/next@14.2.18_react-dom@18.3.1_react@18.2.0__react@18.2.0/node_modules/next/dist/compiled/react-dom/cjs/react-dom.development.js:11121:18)
    at mountIndeterminateComponent (webpack-internal:///(app-pages-browser)/../../node_modules/.pnpm/next@14.2.18_react-dom@18.3.1_react@18.2.0__react@18.2.0/node_modules/next/dist/compiled/react-dom/cjs/react-dom.development.js:16869:13)
    at beginWork$1 (webpack-internal:///(app-pages-browser)/../../node_modules/.pnpm/next@14.2.18_react-dom@18.3.1_react@18.2.0__react@18.2.0/node_modules/next/dist/compiled/react-dom/cjs/react-dom.development.js:18458:16)
    at beginWork (webpack-internal:///(app-pages-browser)/../../node_modules/.pnpm/next@14.2.18_react-dom@18.3.1_react@18.2.0__react@18.2.0/node_modules/next/dist/compiled/react-dom/cjs/react-dom.development.js:26927:14)
    at performUnitOfWork (webpack-internal:///(app-pages-browser)/../../node_modules/.pnpm/next@14.2.18_react-dom@18.3.1_react@18.2.0__react@18.2.0/node_modules/next/dist/compiled/react-dom/cjs/react-dom.development.js:25748:12)
    at workLoopSync (webpack-internal:///(app-pages-browser)/../../node_modules/.pnpm/next@14.2.18_react-dom@18.3.1_react@18.2.0__react@18.2.0/node_modules/next/dist/compiled/react-dom/cjs/react-dom.development.js:25464:5)
    at renderRootSync (webpack-internal:///(app-pages-browser)/../../node_modules/.pnpm/next@14.2.18_react-dom@18.3.1_react@18.2.0__react@18.2.0/node_modules/next/dist/compiled/react-dom/cjs/react-dom.development.js:25419:7)
    at recoverFromConcurrentError (webpack-internal:///(app-pages-browser)/../../node_modules/.pnpm/next@14.2.18_react-dom@18.3.1_react@18.2.0__react@18.2.0/node_modules/next/dist/compiled/react-dom/cjs/react-dom.development.js:24597:20)
    at performSyncWorkOnRoot (webpack-internal:///(app-pages-browser)/../../node_modules/.pnpm/next@14.2.18_react-dom@18.3.1_react@18.2.0__react@18.2.0/node_modules/next/dist/compiled/react-dom/cjs/react-dom.development.js:24899:20)
    at flushSyncWorkAcrossRoots_impl (webpack-internal:///(app-pages-browser)/../../node_modules/.pnpm/next@14.2.18_react-dom@18.3.1_react@18.2.0__react@18.2.0/node_modules/next/dist/compiled/react-dom/cjs/react-dom.development.js:7758:13)
    at flushSyncWorkOnAllRoots (webpack-internal:///(app-pages-browser)/../../node_modules/.pnpm/next@14.2.18_react-dom@18.3.1_react@18.2.0__react@18.2.0/node_modules/next/dist/compiled/react-dom/cjs/react-dom.development.js:7718:3)
    at processRootScheduleInMicrotask (webpack-internal:///(app-pages-browser)/../../node_modules/.pnpm/next@14.2.18_react-dom@18.3.1_react@18.2.0__react@18.2.0/node_modules/next/dist/compiled/react-dom/cjs/react-dom.development.js:7863:3)
    at eval (webpack-internal:///(app-pages-browser)/../../node_modules/.pnpm/next@14.2.18_react-dom@18.3.1_react@18.2.0__react@18.2.0/node_modules/next/dist/compiled/react-dom/cjs/react-dom.development.js:8034:7)
[   44389ms] ReferenceError: ChevronLeft is not defined
    at ExplainerStepper (webpack-internal:///(app-pages-browser)/./components/service/ExplainerStepper.tsx:148:105)
    at renderWithHooks (webpack-internal:///(app-pages-browser)/../../node_modules/.pnpm/next@14.2.18_react-dom@18.3.1_react@18.2.0__react@18.2.0/node_modules/next/dist/compiled/react-dom/cjs/react-dom.development.js:11121:18)
    at mountIndeterminateComponent (webpack-internal:///(app-pages-browser)/../../node_modules/.pnpm/next@14.2.18_react-dom@18.3.1_react@18.2.0__react@18.2.0/node_modules/next/dist/compiled/react-dom/cjs/react-dom.development.js:16869:13)
    at beginWork$1 (webpack-internal:///(app-pages-browser)/../../node_modules/.pnpm/next@14.2.18_react-dom@18.3.1_react@18.2.0__react@18.2.0/node_modules/next/dist/compiled/react-dom/cjs/react-dom.development.js:18458:16)
    at beginWork (webpack-internal:///(app-pages-browser)/../../node_modules/.pnpm/next@14.2.18_react-dom@18.3.1_react@18.2.0__react@18.2.0/node_modules/next/dist/compiled/react-dom/cjs/react-dom.development.js:26927:14)
    at performUnitOfWork (webpack-internal:///(app-pages-browser)/../../node_modules/.pnpm/next@14.2.18_react-dom@18.3.1_react@18.2.0__react@18.2.0/node_modules/next/dist/compiled/react-dom/cjs/react-dom.development.js:25748:12)
    at workLoopSync (webpack-internal:///(app-pages-browser)/../../node_modules/.pnpm/next@14.2.18_react-dom@18.3.1_react@18.2.0__react@18.2.0/node_modules/next/dist/compiled/react-dom/cjs/react-dom.development.js:25464:5)
    at renderRootSync (webpack-internal:///(app-pages-browser)/../../node_modules/.pnpm/next@14.2.18_react-dom@18.3.1_react@18.2.0__react@18.2.0/node_modules/next/dist/compiled/react-dom/cjs/react-dom.development.js:25419:7)
    at recoverFromConcurrentError (webpack-internal:///(app-pages-browser)/../../node_modules/.pnpm/next@14.2.18_react-dom@18.3.1_react@18.2.0__react@18.2.0/node_modules/next/dist/compiled/react-dom/cjs/react-dom.development.js:24597:20)
    at performSyncWorkOnRoot (webpack-internal:///(app-pages-browser)/../../node_modules/.pnpm/next@14.2.18_react-dom@18.3.1_react@18.2.0__react@18.2.0/node_modules/next/dist/compiled/react-dom/cjs/react-dom.development.js:24899:20)
    at flushSyncWorkAcrossRoots_impl (webpack-internal:///(app-pages-browser)/../../node_modules/.pnpm/next@14.2.18_react-dom@18.3.1_react@18.2.0__react@18.2.0/node_modules/next/dist/compiled/react-dom/cjs/react-dom.development.js:7758:13)
    at flushSyncWorkOnAllRoots (webpack-internal:///(app-pages-browser)/../../node_modules/.pnpm/next@14.2.18_react-dom@18.3.1_react@18.2.0__react@18.2.0/node_modules/next/dist/compiled/react-dom/cjs/react-dom.development.js:7718:3)
    at processRootScheduleInMicrotask (webpack-internal:///(app-pages-browser)/../../node_modules/.pnpm/next@14.2.18_react-dom@18.3.1_react@18.2.0__react@18.2.0/node_modules/next/dist/compiled/react-dom/cjs/react-dom.development.js:7863:3)
    at eval (webpack-internal:///(app-pages-browser)/../../node_modules/.pnpm/next@14.2.18_react-dom@18.3.1_react@18.2.0__react@18.2.0/node_modules/next/dist/compiled/react-dom/cjs/react-dom.development.js:8034:7)
[   44389ms] ReferenceError: ChevronLeft is not defined
    at ExplainerStepper (webpack-internal:///(app-pages-browser)/./components/service/ExplainerStepper.tsx:148:105)
    at renderWithHooks (webpack-internal:///(app-pages-browser)/../../node_modules/.pnpm/next@14.2.18_react-dom@18.3.1_react@18.2.0__react@18.2.0/node_modules/next/dist/compiled/react-dom/cjs/react-dom.development.js:11121:18)
    at mountIndeterminateComponent (webpack-internal:///(app-pages-browser)/../../node_modules/.pnpm/next@14.2.18_react-dom@18.3.1_react@18.2.0__react@18.2.0/node_modules/next/dist/compiled/react-dom/cjs/react-dom.development.js:16869:13)
    at beginWork$1 (webpack-internal:///(app-pages-browser)/../../node_modules/.pnpm/next@14.2.18_react-dom@18.3.1_react@18.2.0__react@18.2.0/node_modules/next/dist/compiled/react-dom/cjs/react-dom.development.js:18458:16)
    at beginWork (webpack-internal:///(app-pages-browser)/../../node_modules/.pnpm/next@14.2.18_react-dom@18.3.1_react@18.2.0__react@18.2.0/node_modules/next/dist/compiled/react-dom/cjs/react-dom.development.js:26927:14)
    at performUnitOfWork (webpack-internal:///(app-pages-browser)/../../node_modules/.pnpm/next@14.2.18_react-dom@18.3.1_react@18.2.0__react@18.2.0/node_modules/next/dist/compiled/react-dom/cjs/react-dom.development.js:25748:12)
    at workLoopSync (webpack-internal:///(app-pages-browser)/../../node_modules/.pnpm/next@14.2.18_react-dom@18.3.1_react@18.2.0__react@18.2.0/node_modules/next/dist/compiled/react-dom/cjs/react-dom.development.js:25464:5)
    at renderRootSync (webpack-internal:///(app-pages-browser)/../../node_modules/.pnpm/next@14.2.18_react-dom@18.3.1_react@18.2.0__react@18.2.0/node_modules/next/dist/compiled/react-dom/cjs/react-dom.development.js:25419:7)
    at recoverFromConcurrentError (webpack-internal:///(app-pages-browser)/../../node_modules/.pnpm/next@14.2.18_react-dom@18.3.1_react@18.2.0__react@18.2.0/node_modules/next/dist/compiled/react-dom/cjs/react-dom.development.js:24597:20)
    at performSyncWorkOnRoot (webpack-internal:///(app-pages-browser)/../../node_modules/.pnpm/next@14.2.18_react-dom@18.3.1_react@18.2.0__react@18.2.0/node_modules/next/dist/compiled/react-dom/cjs/react-dom.development.js:24899:20)
    at flushSyncWorkAcrossRoots_impl (webpack-internal:///(app-pages-browser)/../../node_modules/.pnpm/next@14.2.18_react-dom@18.3.1_react@18.2.0__react@18.2.0/node_modules/next/dist/compiled/react-dom/cjs/react-dom.development.js:7758:13)
    at flushSyncWorkOnAllRoots (webpack-internal:///(app-pages-browser)/../../node_modules/.pnpm/next@14.2.18_react-dom@18.3.1_react@18.2.0__react@18.2.0/node_modules/next/dist/compiled/react-dom/cjs/react-dom.development.js:7718:3)
    at processRootScheduleInMicrotask (webpack-internal:///(app-pages-browser)/../../node_modules/.pnpm/next@14.2.18_react-dom@18.3.1_react@18.2.0__react@18.2.0/node_modules/next/dist/compiled/react-dom/cjs/react-dom.development.js:7863:3)
    at eval (webpack-internal:///(app-pages-browser)/../../node_modules/.pnpm/next@14.2.18_react-dom@18.3.1_react@18.2.0__react@18.2.0/node_modules/next/dist/compiled/react-dom/cjs/react-dom.development.js:8034:7)
[   44390ms] ReferenceError: ChevronLeft is not defined
    at ExplainerStepper (webpack-internal:///(app-pages-browser)/./components/service/ExplainerStepper.tsx:148:105)
    at renderWithHooks (webpack-internal:///(app-pages-browser)/../../node_modules/.pnpm/next@14.2.18_react-dom@18.3.1_react@18.2.0__react@18.2.0/node_modules/next/dist/compiled/react-dom/cjs/react-dom.development.js:11121:18)
    at mountIndeterminateComponent (webpack-internal:///(app-pages-browser)/../../node_modules/.pnpm/next@14.2.18_react-dom@18.3.1_react@18.2.0__react@18.2.0/node_modules/next/dist/compiled/react-dom/cjs/react-dom.development.js:16869:13)
    at beginWork$1 (webpack-internal:///(app-pages-browser)/../../node_modules/.pnpm/next@14.2.18_react-dom@18.3.1_react@18.2.0__react@18.2.0/node_modules/next/dist/compiled/react-dom/cjs/react-dom.development.js:18458:16)
    at beginWork (webpack-internal:///(app-pages-browser)/../../node_modules/.pnpm/next@14.2.18_react-dom@18.3.1_react@18.2.0__react@18.2.0/node_modules/next/dist/compiled/react-dom/cjs/react-dom.development.js:26927:14)
    at performUnitOfWork (webpack-internal:///(app-pages-browser)/../../node_modules/.pnpm/next@14.2.18_react-dom@18.3.1_react@18.2.0__react@18.2.0/node_modules/next/dist/compiled/react-dom/cjs/react-dom.development.js:25748:12)
    at workLoopSync (webpack-internal:///(app-pages-browser)/../../node_modules/.pnpm/next@14.2.18_react-dom@18.3.1_react@18.2.0__react@18.2.0/node_modules/next/dist/compiled/react-dom/cjs/react-dom.development.js:25464:5)
    at renderRootSync (webpack-internal:///(app-pages-browser)/../../node_modules/.pnpm/next@14.2.18_react-dom@18.3.1_react@18.2.0__react@18.2.0/node_modules/next/dist/compiled/react-dom/cjs/react-dom.development.js:25419:7)
    at recoverFromConcurrentError (webpack-internal:///(app-pages-browser)/../../node_modules/.pnpm/next@14.2.18_react-dom@18.3.1_react@18.2.0__react@18.2.0/node_modules/next/dist/compiled/react-dom/cjs/react-dom.development.js:24597:20)
    at performSyncWorkOnRoot (webpack-internal:///(app-pages-browser)/../../node_modules/.pnpm/next@14.2.18_react-dom@18.3.1_react@18.2.0__react@18.2.0/node_modules/next/dist/compiled/react-dom/cjs/react-dom.development.js:24899:20)
    at flushSyncWorkAcrossRoots_impl (webpack-internal:///(app-pages-browser)/../../node_modules/.pnpm/next@14.2.18_react-dom@18.3.1_react@18.2.0__react@18.2.0/node_modules/next/dist/compiled/react-dom/cjs/react-dom.development.js:7758:13)
    at flushSyncWorkOnAllRoots (webpack-internal:///(app-pages-browser)/../../node_modules/.pnpm/next@14.2.18_react-dom@18.3.1_react@18.2.0__react@18.2.0/node_modules/next/dist/compiled/react-dom/cjs/react-dom.development.js:7718:3)
    at processRootScheduleInMicrotask (webpack-internal:///(app-pages-browser)/../../node_modules/.pnpm/next@14.2.18_react-dom@18.3.1_react@18.2.0__react@18.2.0/node_modules/next/dist/compiled/react-dom/cjs/react-dom.development.js:7863:3)
    at eval (webpack-internal:///(app-pages-browser)/../../node_modules/.pnpm/next@14.2.18_react-dom@18.3.1_react@18.2.0__react@18.2.0/node_modules/next/dist/compiled/react-dom/cjs/react-dom.development.js:8034:7)
[   44390ms] ReferenceError: ChevronLeft is not defined
    at ExplainerStepper (webpack-internal:///(app-pages-browser)/./components/service/ExplainerStepper.tsx:148:105)
    at renderWithHooks (webpack-internal:///(app-pages-browser)/../../node_modules/.pnpm/next@14.2.18_react-dom@18.3.1_react@18.2.0__react@18.2.0/node_modules/next/dist/compiled/react-dom/cjs/react-dom.development.js:11121:18)
    at mountIndeterminateComponent (webpack-internal:///(app-pages-browser)/../../node_modules/.pnpm/next@14.2.18_react-dom@18.3.1_react@18.2.0__react@18.2.0/node_modules/next/dist/compiled/react-dom/cjs/react-dom.development.js:16869:13)
    at beginWork$1 (webpack-internal:///(app-pages-browser)/../../node_modules/.pnpm/next@14.2.18_react-dom@18.3.1_react@18.2.0__react@18.2.0/node_modules/next/dist/compiled/react-dom/cjs/react-dom.development.js:18458:16)
    at beginWork (webpack-internal:///(app-pages-browser)/../../node_modules/.pnpm/next@14.2.18_react-dom@18.3.1_react@18.2.0__react@18.2.0/node_modules/next/dist/compiled/react-dom/cjs/react-dom.development.js:26927:14)
    at performUnitOfWork (webpack-internal:///(app-pages-browser)/../../node_modules/.pnpm/next@14.2.18_react-dom@18.3.1_react@18.2.0__react@18.2.0/node_modules/next/dist/compiled/react-dom/cjs/react-dom.development.js:25748:12)
    at workLoopSync (webpack-internal:///(app-pages-browser)/../../node_modules/.pnpm/next@14.2.18_react-dom@18.3.1_react@18.2.0__react@18.2.0/node_modules/next/dist/compiled/react-dom/cjs/react-dom.development.js:25464:5)
    at renderRootSync (webpack-internal:///(app-pages-browser)/../../node_modules/.pnpm/next@14.2.18_react-dom@18.3.1_react@18.2.0__react@18.2.0/node_modules/next/dist/compiled/react-dom/cjs/react-dom.development.js:25419:7)
    at recoverFromConcurrentError (webpack-internal:///(app-pages-browser)/../../node_modules/.pnpm/next@14.2.18_react-dom@18.3.1_react@18.2.0__react@18.2.0/node_modules/next/dist/compiled/react-dom/cjs/react-dom.development.js:24597:20)
    at performSyncWorkOnRoot (webpack-internal:///(app-pages-browser)/../../node_modules/.pnpm/next@14.2.18_react-dom@18.3.1_react@18.2.0__react@18.2.0/node_modules/next/dist/compiled/react-dom/cjs/react-dom.development.js:24899:20)
    at flushSyncWorkAcrossRoots_impl (webpack-internal:///(app-pages-browser)/../../node_modules/.pnpm/next@14.2.18_react-dom@18.3.1_react@18.2.0__react@18.2.0/node_modules/next/dist/compiled/react-dom/cjs/react-dom.development.js:7758:13)
    at flushSyncWorkOnAllRoots (webpack-internal:///(app-pages-browser)/../../node_modules/.pnpm/next@14.2.18_react-dom@18.3.1_react@18.2.0__react@18.2.0/node_modules/next/dist/compiled/react-dom/cjs/react-dom.development.js:7718:3)
    at processRootScheduleInMicrotask (webpack-internal:///(app-pages-browser)/../../node_modules/.pnpm/next@14.2.18_react-dom@18.3.1_react@18.2.0__react@18.2.0/node_modules/next/dist/compiled/react-dom/cjs/react-dom.development.js:7863:3)
    at eval (webpack-internal:///(app-pages-browser)/../../node_modules/.pnpm/next@14.2.18_react-dom@18.3.1_react@18.2.0__react@18.2.0/node_modules/next/dist/compiled/react-dom/cjs/react-dom.development.js:8034:7)
[   44390ms] ReferenceError: ChevronLeft is not defined
    at ExplainerStepper (webpack-internal:///(app-pages-browser)/./components/service/ExplainerStepper.tsx:148:105)
    at renderWithHooks (webpack-internal:///(app-pages-browser)/../../node_modules/.pnpm/next@14.2.18_react-dom@18.3.1_react@18.2.0__react@18.2.0/node_modules/next/dist/compiled/react-dom/cjs/react-dom.development.js:11121:18)
    at mountIndeterminateComponent (webpack-internal:///(app-pages-browser)/../../node_modules/.pnpm/next@14.2.18_react-dom@18.3.1_react@18.2.0__react@18.2.0/node_modules/next/dist/compiled/react-dom/cjs/react-dom.development.js:16869:13)
    at beginWork$1 (webpack-internal:///(app-pages-browser)/../../node_modules/.pnpm/next@14.2.18_react-dom@18.3.1_react@18.2.0__react@18.2.0/node_modules/next/dist/compiled/react-dom/cjs/react-dom.development.js:18458:16)
    at beginWork (webpack-internal:///(app-pages-browser)/../../node_modules/.pnpm/next@14.2.18_react-dom@18.3.1_react@18.2.0__react@18.2.0/node_modules/next/dist/compiled/react-dom/cjs/react-dom.development.js:26927:14)
    at performUnitOfWork (webpack-internal:///(app-pages-browser)/../../node_modules/.pnpm/next@14.2.18_react-dom@18.3.1_react@18.2.0__react@18.2.0/node_modules/next/dist/compiled/react-dom/cjs/react-dom.development.js:25748:12)
    at workLoopSync (webpack-internal:///(app-pages-browser)/../../node_modules/.pnpm/next@14.2.18_react-dom@18.3.1_react@18.2.0__react@18.2.0/node_modules/next/dist/compiled/react-dom/cjs/react-dom.development.js:25464:5)
    at renderRootSync (webpack-internal:///(app-pages-browser)/../../node_modules/.pnpm/next@14.2.18_react-dom@18.3.1_react@18.2.0__react@18.2.0/node_modules/next/dist/compiled/react-dom/cjs/react-dom.development.js:25419:7)
    at recoverFromConcurrentError (webpack-internal:///(app-pages-browser)/../../node_modules/.pnpm/next@14.2.18_react-dom@18.3.1_react@18.2.0__react@18.2.0/node_modules/next/dist/compiled/react-dom/cjs/react-dom.development.js:24597:20)
    at performSyncWorkOnRoot (webpack-internal:///(app-pages-browser)/../../node_modules/.pnpm/next@14.2.18_react-dom@18.3.1_react@18.2.0__react@18.2.0/node_modules/next/dist/compiled/react-dom/cjs/react-dom.development.js:24899:20)
    at flushSyncWorkAcrossRoots_impl (webpack-internal:///(app-pages-browser)/../../node_modules/.pnpm/next@14.2.18_react-dom@18.3.1_react@18.2.0__react@18.2.0/node_modules/next/dist/compiled/react-dom/cjs/react-dom.development.js:7758:13)
    at flushSyncWorkOnAllRoots (webpack-internal:///(app-pages-browser)/../../node_modules/.pnpm/next@14.2.18_react-dom@18.3.1_react@18.2.0__react@18.2.0/node_modules/next/dist/compiled/react-dom/cjs/react-dom.development.js:7718:3)
    at processRootScheduleInMicrotask (webpack-internal:///(app-pages-browser)/../../node_modules/.pnpm/next@14.2.18_react-dom@18.3.1_react@18.2.0__react@18.2.0/node_modules/next/dist/compiled/react-dom/cjs/react-dom.development.js:7863:3)
    at eval (webpack-internal:///(app-pages-browser)/../../node_modules/.pnpm/next@14.2.18_react-dom@18.3.1_react@18.2.0__react@18.2.0/node_modules/next/dist/compiled/react-dom/cjs/react-dom.development.js:8034:7)
[   44390ms] ReferenceError: ChevronLeft is not defined
    at ExplainerStepper (webpack-internal:///(app-pages-browser)/./components/service/ExplainerStepper.tsx:148:105)
    at renderWithHooks (webpack-internal:///(app-pages-browser)/../../node_modules/.pnpm/next@14.2.18_react-dom@18.3.1_react@18.2.0__react@18.2.0/node_modules/next/dist/compiled/react-dom/cjs/react-dom.development.js:11121:18)
    at mountIndeterminateComponent (webpack-internal:///(app-pages-browser)/../../node_modules/.pnpm/next@14.2.18_react-dom@18.3.1_react@18.2.0__react@18.2.0/node_modules/next/dist/compiled/react-dom/cjs/react-dom.development.js:16869:13)
    at beginWork$1 (webpack-internal:///(app-pages-browser)/../../node_modules/.pnpm/next@14.2.18_react-dom@18.3.1_react@18.2.0__react@18.2.0/node_modules/next/dist/compiled/react-dom/cjs/react-dom.development.js:18458:16)
    at beginWork (webpack-internal:///(app-pages-browser)/../../node_modules/.pnpm/next@14.2.18_react-dom@18.3.1_react@18.2.0__react@18.2.0/node_modules/next/dist/compiled/react-dom/cjs/react-dom.development.js:26927:14)
    at performUnitOfWork (webpack-internal:///(app-pages-browser)/../../node_modules/.pnpm/next@14.2.18_react-dom@18.3.1_react@18.2.0__react@18.2.0/node_modules/next/dist/compiled/react-dom/cjs/react-dom.development.js:25748:12)
    at workLoopSync (webpack-internal:///(app-pages-browser)/../../node_modules/.pnpm/next@14.2.18_react-dom@18.3.1_react@18.2.0__react@18.2.0/node_modules/next/dist/compiled/react-dom/cjs/react-dom.development.js:25464:5)
    at renderRootSync (webpack-internal:///(app-pages-browser)/../../node_modules/.pnpm/next@14.2.18_react-dom@18.3.1_react@18.2.0__react@18.2.0/node_modules/next/dist/compiled/react-dom/cjs/react-dom.development.js:25419:7)
    at recoverFromConcurrentError (webpack-internal:///(app-pages-browser)/../../node_modules/.pnpm/next@14.2.18_react-dom@18.3.1_react@18.2.0__react@18.2.0/node_modules/next/dist/compiled/react-dom/cjs/react-dom.development.js:24597:20)
    at performSyncWorkOnRoot (webpack-internal:///(app-pages-browser)/../../node_modules/.pnpm/next@14.2.18_react-dom@18.3.1_react@18.2.0__react@18.2.0/node_modules/next/dist/compiled/react-dom/cjs/react-dom.development.js:24899:20)
    at flushSyncWorkAcrossRoots_impl (webpack-internal:///(app-pages-browser)/../../node_modules/.pnpm/next@14.2.18_react-dom@18.3.1_react@18.2.0__react@18.2.0/node_modules/next/dist/compiled/react-dom/cjs/react-dom.development.js:7758:13)
    at flushSyncWorkOnAllRoots (webpack-internal:///(app-pages-browser)/../../node_modules/.pnpm/next@14.2.18_react-dom@18.3.1_react@18.2.0__react@18.2.0/node_modules/next/dist/compiled/react-dom/cjs/react-dom.development.js:7718:3)
    at processRootScheduleInMicrotask (webpack-internal:///(app-pages-browser)/../../node_modules/.pnpm/next@14.2.18_react-dom@18.3.1_react@18.2.0__react@18.2.0/node_modules/next/dist/compiled/react-dom/cjs/react-dom.development.js:7863:3)
    at eval (webpack-internal:///(app-pages-browser)/../../node_modules/.pnpm/next@14.2.18_react-dom@18.3.1_react@18.2.0__react@18.2.0/node_modules/next/dist/compiled/react-dom/cjs/react-dom.development.js:8034:7)
[   44390ms] ReferenceError: ChevronLeft is not defined
    at ExplainerStepper (webpack-internal:///(app-pages-browser)/./components/service/ExplainerStepper.tsx:148:105)
    at renderWithHooks (webpack-internal:///(app-pages-browser)/../../node_modules/.pnpm/next@14.2.18_react-dom@18.3.1_react@18.2.0__react@18.2.0/node_modules/next/dist/compiled/react-dom/cjs/react-dom.development.js:11121:18)
    at mountIndeterminateComponent (webpack-internal:///(app-pages-browser)/../../node_modules/.pnpm/next@14.2.18_react-dom@18.3.1_react@18.2.0__react@18.2.0/node_modules/next/dist/compiled/react-dom/cjs/react-dom.development.js:16869:13)
    at beginWork$1 (webpack-internal:///(app-pages-browser)/../../node_modules/.pnpm/next@14.2.18_react-dom@18.3.1_react@18.2.0__react@18.2.0/node_modules/next/dist/compiled/react-dom/cjs/react-dom.development.js:18458:16)
    at beginWork (webpack-internal:///(app-pages-browser)/../../node_modules/.pnpm/next@14.2.18_react-dom@18.3.1_react@18.2.0__react@18.2.0/node_modules/next/dist/compiled/react-dom/cjs/react-dom.development.js:26927:14)
    at performUnitOfWork (webpack-internal:///(app-pages-browser)/../../node_modules/.pnpm/next@14.2.18_react-dom@18.3.1_react@18.2.0__react@18.2.0/node_modules/next/dist/compiled/react-dom/cjs/react-dom.development.js:25748:12)
    at workLoopSync (webpack-internal:///(app-pages-browser)/../../node_modules/.pnpm/next@14.2.18_react-dom@18.3.1_react@18.2.0__react@18.2.0/node_modules/next/dist/compiled/react-dom/cjs/react-dom.development.js:25464:5)
    at renderRootSync (webpack-internal:///(app-pages-browser)/../../node_modules/.pnpm/next@14.2.18_react-dom@18.3.1_react@18.2.0__react@18.2.0/node_modules/next/dist/compiled/react-dom/cjs/react-dom.development.js:25419:7)
    at recoverFromConcurrentError (webpack-internal:///(app-pages-browser)/../../node_modules/.pnpm/next@14.2.18_react-dom@18.3.1_react@18.2.0__react@18.2.0/node_modules/next/dist/compiled/react-dom/cjs/react-dom.development.js:24597:20)
    at performSyncWorkOnRoot (webpack-internal:///(app-pages-browser)/../../node_modules/.pnpm/next@14.2.18_react-dom@18.3.1_react@18.2.0__react@18.2.0/node_modules/next/dist/compiled/react-dom/cjs/react-dom.development.js:24899:20)
    at flushSyncWorkAcrossRoots_impl (webpack-internal:///(app-pages-browser)/../../node_modules/.pnpm/next@14.2.18_react-dom@18.3.1_react@18.2.0__react@18.2.0/node_modules/next/dist/compiled/react-dom/cjs/react-dom.development.js:7758:13)
    at flushSyncWorkOnAllRoots (webpack-internal:///(app-pages-browser)/../../node_modules/.pnpm/next@14.2.18_react-dom@18.3.1_react@18.2.0__react@18.2.0/node_modules/next/dist/compiled/react-dom/cjs/react-dom.development.js:7718:3)
    at processRootScheduleInMicrotask (webpack-internal:///(app-pages-browser)/../../node_modules/.pnpm/next@14.2.18_react-dom@18.3.1_react@18.2.0__react@18.2.0/node_modules/next/dist/compiled/react-dom/cjs/react-dom.development.js:7863:3)
    at eval (webpack-internal:///(app-pages-browser)/../../node_modules/.pnpm/next@14.2.18_react-dom@18.3.1_react@18.2.0__react@18.2.0/node_modules/next/dist/compiled/react-dom/cjs/react-dom.development.js:8034:7)
[   44392ms] [ERROR] The above error occurred in the <NotFoundErrorBoundary> component:

    at ExplainerStepper (webpack-internal:///(app-pages-browser)/./components/service/ExplainerStepper.tsx:21:11)
    at div
    at section
    at div
    at div
    at div
    at main
    at div
    at UnifiedServicePage (webpack-internal:///(app-pages-browser)/./components/service/UnifiedServicePage.tsx:310:11)
    at ServiceDetailPage (Server)
    at InnerLayoutRouter (webpack-internal:///(app-pages-browser)/../../node_modules/.pnpm/next@14.2.18_react-dom@18.3.1_react@18.2.0__react@18.2.0/node_modules/next/dist/client/components/layout-router.js:243:11)
    at RedirectErrorBoundary (webpack-internal:///(app-pages-browser)/../../node_modules/.pnpm/next@14.2.18_react-dom@18.3.1_react@18.2.0__react@18.2.0/node_modules/next/dist/client/components/redirect-boundary.js:74:9)
    at RedirectBoundary (webpack-internal:///(app-pages-browser)/../../node_modules/.pnpm/next@14.2.18_react-dom@18.3.1_react@18.2.0__react@18.2.0/node_modules/next/dist/client/components/redirect-boundary.js:82:11)
    at NotFoundBoundary (webpack-internal:///(app-pages-browser)/../../node_modules/.pnpm/next@14.2.18_react-dom@18.3.1_react@18.2.0__react@18.2.0/node_modules/next/dist/client/components/not-found-boundary.js:84:11)
    at LoadingBoundary (webpack-internal:///(app-pages-browser)/../../node_modules/.pnpm/next@14.2.18_react-dom@18.3.1_react@18.2.0__react@18.2.0/node_modules/next/dist/client/components/layout-router.js:349:11)
    at ErrorBoundary (webpack-internal:///(app-pages-browser)/../../node_modules/.pnpm/next@14.2.18_react-dom@18.3.1_react@18.2.0__react@18.2.0/node_modules/next/dist/client/components/error-boundary.js:160:11)
    at InnerScrollAndFocusHandler (webpack-internal:///(app-pages-browser)/../../node_modules/.pnpm/next@14.2.18_react-dom@18.3.1_react@18.2.0__react@18.2.0/node_modules/next/dist/client/components/layout-router.js:153:9)
    at ScrollAndFocusHandler (webpack-internal:///(app-pages-browser)/../../node_modules/.pnpm/next@14.2.18_react-dom@18.3.1_react@18.2.0__react@18.2.0/node_modules/next/dist/client/components/layout-router.js:228:11)
    at RenderFromTemplateContext (webpack-internal:///(app-pages-browser)/../../node_modules/.pnpm/next@14.2.18_react-dom@18.3.1_react@18.2.0__react@18.2.0/node_modules/next/dist/client/components/render-from-template-context.js:16:44)
    at OuterLayoutRouter (webpack-internal:///(app-pages-browser)/../../node_modules/.pnpm/next@14.2.18_react-dom@18.3.1_react@18.2.0__react@18.2.0/node_modules/next/dist/client/components/layout-router.js:370:11)
    at InnerLayoutRouter (webpack-internal:///(app-pages-browser)/../../node_modules/.pnpm/next@14.2.18_react-dom@18.3.1_react@18.2.0__react@18.2.0/node_modules/next/dist/client/components/layout-router.js:243:11)
    at RedirectErrorBoundary (webpack-internal:///(app-pages-browser)/../../node_modules/.pnpm/next@14.2.18_react-dom@18.3.1_react@18.2.0__react@18.2.0/node_modules/next/dist/client/components/redirect-boundary.js:74:9)
    at RedirectBoundary (webpack-internal:///(app-pages-browser)/../../node_modules/.pnpm/next@14.2.18_react-dom@18.3.1_react@18.2.0__react@18.2.0/node_modules/next/dist/client/components/redirect-boundary.js:82:11)
    at NotFoundBoundary (webpack-internal:///(app-pages-browser)/../../node_modules/.pnpm/next@14.2.18_react-dom@18.3.1_react@18.2.0__react@18.2.0/node_modules/next/dist/client/components/not-found-boundary.js:84:11)
    at LoadingBoundary (webpack-internal:///(app-pages-browser)/../../node_modules/.pnpm/next@14.2.18_react-dom@18.3.1_react@18.2.0__react@18.2.0/node_modules/next/dist/client/components/layout-router.js:349:11)
    at ErrorBoundary (webpack-internal:///(app-pages-browser)/../../node_modules/.pnpm/next@14.2.18_react-dom@18.3.1_react@18.2.0__react@18.2.0/node_modules/next/dist/client/components/error-boundary.js:160:11)
    at InnerScrollAndFocusHandler (webpack-internal:///(app-pages-browser)/../../node_modules/.pnpm/next@14.2.18_react-dom@18.3.1_react@18.2.0__react@18.2.0/node_modules/next/dist/client/components/layout-router.js:153:9)
    at ScrollAndFocusHandler (webpack-internal:///(app-pages-browser)/../../node_modules/.pnpm/next@14.2.18_react-dom@18.3.1_react@18.2.0__react@18.2.0/node_modules/next/dist/client/components/layout-router.js:228:11)
    at RenderFromTemplateContext (webpack-internal:///(app-pages-browser)/../../node_modules/.pnpm/next@14.2.18_react-dom@18.3.1_react@18.2.0__react@18.2.0/node_modules/next/dist/client/components/render-from-template-context.js:16:44)
    at OuterLayoutRouter (webpack-internal:///(app-pages-browser)/../../node_modules/.pnpm/next@14.2.18_react-dom@18.3.1_react@18.2.0__react@18.2.0/node_modules/next/dist/client/components/layout-router.js:370:11)
    at InnerLayoutRouter (webpack-internal:///(app-pages-browser)/../../node_modules/.pnpm/next@14.2.18_react-dom@18.3.1_react@18.2.0__react@18.2.0/node_modules/next/dist/client/components/layout-router.js:243:11)
    at RedirectErrorBoundary (webpack-internal:///(app-pages-browser)/../../node_modules/.pnpm/next@14.2.18_react-dom@18.3.1_react@18.2.0__react@18.2.0/node_modules/next/dist/client/components/redirect-boundary.js:74:9)
    at RedirectBoundary (webpack-internal:///(app-pages-browser)/../../node_modules/.pnpm/next@14.2.18_react-dom@18.3.1_react@18.2.0__react@18.2.0/node_modules/next/dist/client/components/redirect-boundary.js:82:11)
    at NotFoundErrorBoundary (webpack-internal:///(app-pages-browser)/../../node_modules/.pnpm/next@14.2.18_react-dom@18.3.1_react@18.2.0__react@18.2.0/node_modules/next/dist/client/components/not-found-boundary.js:76:9)
    at NotFoundBoundary (webpack-internal:///(app-pages-browser)/../../node_modules/.pnpm/next@14.2.18_react-dom@18.3.1_react@18.2.0__react@18.2.0/node_modules/next/dist/client/components/not-found-boundary.js:84:11)
    at LoadingBoundary (webpack-internal:///(app-pages-browser)/../../node_modules/.pnpm/next@14.2.18_react-dom@18.3.1_react@18.2.0__react@18.2.0/node_modules/next/dist/client/components/layout-router.js:349:11)
    at ErrorBoundary (webpack-internal:///(app-pages-browser)/../../node_modules/.pnpm/next@14.2.18_react-dom@18.3.1_react@18.2.0__react@18.2.0/node_modules/next/dist/client/components/error-boundary.js:160:11)
    at InnerScrollAndFocusHandler (webpack-internal:///(app-pages-browser)/../../node_modules/.pnpm/next@14.2.18_react-dom@18.3.1_react@18.2.0__react@18.2.0/node_modules/next/dist/client/components/layout-router.js:153:9)
    at ScrollAndFocusHandler (webpack-internal:///(app-pages-browser)/../../node_modules/.pnpm/next@14.2.18_react-dom@18.3.1_react@18.2.0__react@18.2.0/node_modules/next/dist/client/components/layout-router.js:228:11)
    at RenderFromTemplateContext (webpack-internal:///(app-pages-browser)/../../node_modules/.pnpm/next@14.2.18_react-dom@18.3.1_react@18.2.0__react@18.2.0/node_modules/next/dist/client/components/render-from-template-context.js:16:44)
    at OuterLayoutRouter (webpack-internal:///(app-pages-browser)/../../node_modules/.pnpm/next@14.2.18_react-dom@18.3.1_react@18.2.0__react@18.2.0/node_modules/next/dist/client/components/layout-router.js:370:11)
    at main
    at div
    at MainLayout (webpack-internal:///(app-pages-browser)/./components/layout/MainLayout.tsx:18:11)
    at MainLayoutWrapper (Server)
    at InnerLayoutRouter (webpack-internal:///(app-pages-browser)/../../node_modules/.pnpm/next@14.2.18_react-dom@18.3.1_react@18.2.0__react@18.2.0/node_modules/next/dist/client/components/layout-router.js:243:11)
    at RedirectErrorBoundary (webpack-internal:///(app-pages-browser)/../../node_modules/.pnpm/next@14.2.18_react-dom@18.3.1_react@18.2.0__react@18.2.0/node_modules/next/dist/client/components/redirect-boundary.js:74:9)
    at RedirectBoundary (webpack-internal:///(app-pages-browser)/../../node_modules/.pnpm/next@14.2.18_react-dom@18.3.1_react@18.2.0__react@18.2.0/node_modules/next/dist/client/components/redirect-boundary.js:82:11)
    at NotFoundErrorBoundary (webpack-internal:///(app-pages-browser)/../../node_modules/.pnpm/next@14.2.18_react-dom@18.3.1_react@18.2.0__react@18.2.0/node_modules/next/dist/client/components/not-found-boundary.js:76:9)
    at NotFoundBoundary (webpack-internal:///(app-pages-browser)/../../node_modules/.pnpm/next@14.2.18_react-dom@18.3.1_react@18.2.0__react@18.2.0/node_modules/next/dist/client/components/not-found-boundary.js:84:11)
    at LoadingBoundary (webpack-internal:///(app-pages-browser)/../../node_modules/.pnpm/next@14.2.18_react-dom@18.3.1_react@18.2.0__react@18.2.0/node_modules/next/dist/client/components/layout-router.js:349:11)
    at ErrorBoundary (webpack-internal:///(app-pages-browser)/../../node_modules/.pnpm/next@14.2.18_react-dom@18.3.1_react@18.2.0__react@18.2.0/node_modules/next/dist/client/components/error-boundary.js:160:11)
    at InnerScrollAndFocusHandler (webpack-internal:///(app-pages-browser)/../../node_modules/.pnpm/next@14.2.18_react-dom@18.3.1_react@18.2.0__react@18.2.0/node_modules/next/dist/client/components/layout-router.js:153:9)
    at ScrollAndFocusHandler (webpack-internal:///(app-pages-browser)/../../node_modules/.pnpm/next@14.2.18_react-dom@18.3.1_react@18.2.0__react@18.2.0/node_modules/next/dist/client/components/layout-router.js:228:11)
    at RenderFromTemplateContext (webpack-internal:///(app-pages-browser)/../../node_modules/.pnpm/next@14.2.18_react-dom@18.3.1_react@18.2.0__react@18.2.0/node_modules/next/dist/client/components/render-from-template-context.js:16:44)
    at OuterLayoutRouter (webpack-internal:///(app-pages-browser)/../../node_modules/.pnpm/next@14.2.18_react-dom@18.3.1_react@18.2.0__react@18.2.0/node_modules/next/dist/client/components/layout-router.js:370:11)
    at UTMProvider (webpack-internal:///(app-pages-browser)/./components/providers/UTMProvider.tsx:20:11)
    at V (webpack-internal:///(app-pages-browser)/../../node_modules/.pnpm/next-themes@0.4.6_react-dom@18.3.1_react@18.2.0__react@18.2.0/node_modules/next-themes/dist/index.mjs:54:24)
    at J (webpack-internal:///(app-pages-browser)/../../node_modules/.pnpm/next-themes@0.4.6_react-dom@18.3.1_react@18.2.0__react@18.2.0/node_modules/next-themes/dist/index.mjs:47:47)
    at ThemeProvider (webpack-internal:///(app-pages-browser)/./components/providers/ThemeProvider.tsx:10:11)
    at body
    at html
    at RootLayout (Server)
    at RedirectErrorBoundary (webpack-internal:///(app-pages-browser)/../../node_modules/.pnpm/next@14.2.18_react-dom@18.3.1_react@18.2.0__react@18.2.0/node_modules/next/dist/client/components/redirect-boundary.js:74:9)
    at RedirectBoundary (webpack-internal:///(app-pages-browser)/../../node_modules/.pnpm/next@14.2.18_react-dom@18.3.1_react@18.2.0__react@18.2.0/node_modules/next/dist/client/components/redirect-boundary.js:82:11)
    at NotFoundErrorBoundary (webpack-internal:///(app-pages-browser)/../../node_modules/.pnpm/next@14.2.18_react-dom@18.3.1_react@18.2.0__react@18.2.0/node_modules/next/dist/client/components/not-found-boundary.js:76:9)
    at NotFoundBoundary (webpack-internal:///(app-pages-browser)/../../node_modules/.pnpm/next@14.2.18_react-dom@18.3.1_react@18.2.0__react@18.2.0/node_modules/next/dist/client/components/not-found-boundary.js:84:11)
    at DevRootNotFoundBoundary (webpack-internal:///(app-pages-browser)/../../node_modules/.pnpm/next@14.2.18_react-dom@18.3.1_react@18.2.0__react@18.2.0/node_modules/next/dist/client/components/dev-root-not-found-boundary.js:33:11)
    at ReactDevOverlay (webpack-internal:///(app-pages-browser)/../../node_modules/.pnpm/next@14.2.18_react-dom@18.3.1_react@18.2.0__react@18.2.0/node_modules/next/dist/client/components/react-dev-overlay/app/ReactDevOverlay.js:87:9)
    at HotReload (webpack-internal:///(app-pages-browser)/../../node_modules/.pnpm/next@14.2.18_react-dom@18.3.1_react@18.2.0__react@18.2.0/node_modules/next/dist/client/components/react-dev-overlay/app/hot-reloader-client.js:321:11)
    at Router (webpack-internal:///(app-pages-browser)/../../node_modules/.pnpm/next@14.2.18_react-dom@18.3.1_react@18.2.0__react@18.2.0/node_modules/next/dist/client/components/app-router.js:207:11)
    at ErrorBoundaryHandler (webpack-internal:///(app-pages-browser)/../../node_modules/.pnpm/next@14.2.18_react-dom@18.3.1_react@18.2.0__react@18.2.0/node_modules/next/dist/client/components/error-boundary.js:113:9)
    at ErrorBoundary (webpack-internal:///(app-pages-browser)/../../node_modules/.pnpm/next@14.2.18_react-dom@18.3.1_react@18.2.0__react@18.2.0/node_modules/next/dist/client/components/error-boundary.js:160:11)
    at AppRouter (webpack-internal:///(app-pages-browser)/../../node_modules/.pnpm/next@14.2.18_react-dom@18.3.1_react@18.2.0__react@18.2.0/node_modules/next/dist/client/components/app-router.js:585:13)
    at ServerRoot (webpack-internal:///(app-pages-browser)/../../node_modules/.pnpm/next@14.2.18_react-dom@18.3.1_react@18.2.0__react@18.2.0/node_modules/next/dist/client/app-index.js:112:27)
    at Root (webpack-internal:///(app-pages-browser)/../../node_modules/.pnpm/next@14.2.18_react-dom@18.3.1_react@18.2.0__react@18.2.0/node_modules/next/dist/client/app-index.js:117:11)

React will try to recreate this component tree from scratch using the error boundary you provided, ReactDevOverlay. @ webpack-internal:///(app-pages-browser)/../../node_modules/.pnpm/next@14.2.18_react-dom@18.3.1_react@18.2.0__react@18.2.0/node_modules/next/dist/client/app-index.js:32
[   47982ms] [WARNING] [Fast Refresh] performing full reload because your application had an unrecoverable error @ webpack-internal:///(app-pages-browser)/../../node_modules/.pnpm/next@14.2.18_react-dom@18.3.1_react@18.2.0__react@18.2.0/node_modules/next/dist/client/components/react-dev-overlay/app/hot-reloader-client.js:114
