[     262ms] [LOG] [PostHog.js] send "$pageleave" {uuid: 019d8936-1d7e-7edb-8dfc-323821a4c640, event: $pageleave, properties: Object, timestamp: Tue Apr 14 2026 05:08:38 GMT+0530 (India Standard Time)} @ webpack-internal:///(app-pages-browser)/../../node_modules/.pnpm/posthog-js@1.364.7/node_modules/posthog-js/dist/module.js:22
[     572ms] [INFO] %cDownload the React DevTools for a better development experience: https://react.dev/link/react-devtools font-weight:bold @ webpack-internal:///(app-pages-browser)/../../node_modules/.pnpm/next@15.5.14_@opentelemetry+api@1.9.1_react-dom@18.3.1_react@18.2.0__react@18.2.0/node_modules/next/dist/compiled/react-dom/cjs/react-dom-client.development.js:25630
[     858ms] [LOG] [GTM Event] clear_ecommerce {ecommerce: null} @ webpack-internal:///(app-pages-browser)/./lib/hooks/useGTM.ts:16
[     858ms] [LOG] [GTM Event] view_item {ecommerce: Object} @ webpack-internal:///(app-pages-browser)/./lib/hooks/useGTM.ts:16
[     860ms] [LOG] [AuthProvider] Mounting, starting hydration @ webpack-internal:///(app-pages-browser)/./components/providers/AuthProvider.tsx:35
[     861ms] [LOG] [auth-store] isFreshLogin: false URL: http://localhost:3000/services/gst-registration @ webpack-internal:///(app-pages-browser)/./lib/stores/auth-store.ts:205
[     861ms] [LOG] [auth-store] refreshSession starting @ webpack-internal:///(app-pages-browser)/./lib/stores/auth-store.ts:209
[     984ms] [LOG] [auth-store] getSession result: no session @ webpack-internal:///(app-pages-browser)/./lib/stores/auth-store.ts:213
[     993ms] [LOG] [AuthProvider] Initial hydration complete @ webpack-internal:///(app-pages-browser)/./components/providers/AuthProvider.tsx:40
[     996ms] [LOG] [AuthProvider] Auth event: INITIAL_SESSION @ webpack-internal:///(app-pages-browser)/./components/providers/AuthProvider.tsx:46
[    1070ms] [LOG] [PostHog.js] set_config {config: Object, oldConfig: Object, newConfig: Object} @ webpack-internal:///(app-pages-browser)/../../node_modules/.pnpm/posthog-js@1.364.7/node_modules/posthog-js/dist/module.js:22
[    1070ms] [LOG] [PostHog.js] Persistence loaded localStorage+cookie {$device_id: 019d5401-510f-7d21-a410-204e78f58700, distinct_id: 019d5401-510f-7d21-a410-204e78f58700, $sesid: Array(3), $initial_person_info: Object, $user_state: anonymous} @ webpack-internal:///(app-pages-browser)/../../node_modules/.pnpm/posthog-js@1.364.7/node_modules/posthog-js/dist/module.js:22
[    1071ms] [LOG] [PostHog.js] Persistence loaded sessionStorage {$sdk_debug_extensions_init_method: synchronous, $sdk_debug_extensions_init_time_ms: 2, $sdk_debug_replay_remote_trigger_matching_config: null, $sdk_debug_replay_event_trigger_status: trigger_disabled, $sdk_debug_replay_url_trigger_status: trigger_disabled} @ webpack-internal:///(app-pages-browser)/../../node_modules/.pnpm/posthog-js@1.364.7/node_modules/posthog-js/dist/module.js:22
[    1071ms] [LOG] [PostHog.js] Initializing extensions synchronously @ webpack-internal:///(app-pages-browser)/../../node_modules/.pnpm/posthog-js@1.364.7/node_modules/posthog-js/dist/module.js:22
[    1071ms] [LOG] [PostHog.js] [Web Vitals] enabled, starting... @ webpack-internal:///(app-pages-browser)/../../node_modules/.pnpm/posthog-js@1.364.7/node_modules/posthog-js/dist/module.js:22
[    1072ms] [LOG] [PostHog.js] [SessionRecording] starting @ webpack-internal:///(app-pages-browser)/../../node_modules/.pnpm/posthog-js@1.364.7/node_modules/posthog-js/dist/module.js:22
[    1073ms] [LOG] [PostHog.js] [Heatmaps] starting... @ webpack-internal:///(app-pages-browser)/../../node_modules/.pnpm/posthog-js@1.364.7/node_modules/posthog-js/dist/module.js:22
[    1073ms] [LOG] [PostHog.js] Starting in debug mode {this: _n, config: Object, thisC: Object, p: Object, s: Object} @ webpack-internal:///(app-pages-browser)/../../node_modules/.pnpm/posthog-js@1.364.7/node_modules/posthog-js/dist/module.js:22
[    1073ms] [LOG] You're now in debug mode. All calls to PostHog will be logged in your console.
You can disable this with `posthog.debug(false)`. @ webpack-internal:///(app-pages-browser)/../../node_modules/.pnpm/posthog-js@1.364.7/node_modules/posthog-js/dist/module.js:22
[    1073ms] [LOG] [PostHog.js] Persistence loaded sessionStorage {$sdk_debug_extensions_init_method: synchronous, $sdk_debug_extensions_init_time_ms: 2, $sdk_debug_replay_remote_trigger_matching_config: null, $sdk_debug_replay_event_trigger_status: trigger_disabled, $sdk_debug_replay_url_trigger_status: trigger_disabled} @ webpack-internal:///(app-pages-browser)/../../node_modules/.pnpm/posthog-js@1.364.7/node_modules/posthog-js/dist/module.js:22
[    1073ms] [LOG] [PostHog.js] set_config {config: Object, oldConfig: Object, newConfig: Object} @ webpack-internal:///(app-pages-browser)/../../node_modules/.pnpm/posthog-js@1.364.7/node_modules/posthog-js/dist/module.js:22
[    1074ms] [LOG] [PostHog.js] [SessionRecording] starting @ webpack-internal:///(app-pages-browser)/../../node_modules/.pnpm/posthog-js@1.364.7/node_modules/posthog-js/dist/module.js:22
[    1108ms] [LOG] [PostHog.js] [Dead Clicks] starting... @ webpack-internal:///(app-pages-browser)/../../node_modules/.pnpm/posthog-js@1.364.7/node_modules/posthog-js/dist/module.js:22
[    1108ms] [LOG] [PostHog.js] Persistence loaded sessionStorage {$sdk_debug_extensions_init_method: synchronous, $sdk_debug_extensions_init_time_ms: 2, $sdk_debug_replay_remote_trigger_matching_config: null, $sdk_debug_replay_event_trigger_status: trigger_disabled, $sdk_debug_replay_url_trigger_status: trigger_disabled} @ webpack-internal:///(app-pages-browser)/../../node_modules/.pnpm/posthog-js@1.364.7/node_modules/posthog-js/dist/module.js:22
[    1108ms] [LOG] [PostHog.js] set_config {config: Object, oldConfig: Object, newConfig: Object} @ webpack-internal:///(app-pages-browser)/../../node_modules/.pnpm/posthog-js@1.364.7/node_modules/posthog-js/dist/module.js:22
[    1109ms] [LOG] [PostHog.js] [Surveys] flags response received, isSurveysEnabled: false @ webpack-internal:///(app-pages-browser)/../../node_modules/.pnpm/posthog-js@1.364.7/node_modules/posthog-js/dist/module.js:22
[    1112ms] [LOG] [PostHog.js] [Surveys] Surveys loaded successfully @ webpack-internal:///(app-pages-browser)/../../node_modules/.pnpm/posthog-js@1.364.7/node_modules/posthog-js/dist/module.js:22
[    6079ms] [LOG] [PostHog.js] send "$web_vitals" {uuid: 019d8936-3436-71a2-a0eb-60581b9d5291, event: $web_vitals, properties: Object, timestamp: Tue Apr 14 2026 05:08:44 GMT+0530 (India Standard Time)} @ webpack-internal:///(app-pages-browser)/../../node_modules/.pnpm/posthog-js@1.364.7/node_modules/posthog-js/dist/module.js:22
[   13483ms] [LOG] [PostHog.js] send "$snapshot" {uuid: 019d8936-5123-7f3f-9e2a-a279caca01bf, event: $snapshot, properties: Object, timestamp: Tue Apr 14 2026 05:08:51 GMT+0530 (India Standard Time)} @ webpack-internal:///(app-pages-browser)/../../node_modules/.pnpm/posthog-js@1.364.7/node_modules/posthog-js/dist/module.js:22
[   35065ms] [LOG] [PostHog.js] send "$snapshot" {uuid: 019d8936-a571-7ee1-ae3e-b5162f96de54, event: $snapshot, properties: Object, timestamp: Tue Apr 14 2026 05:09:13 GMT+0530 (India Standard Time)} @ webpack-internal:///(app-pages-browser)/../../node_modules/.pnpm/posthog-js@1.364.7/node_modules/posthog-js/dist/module.js:22
[  102259ms] [LOG] [PostHog.js] send "$snapshot" {uuid: 019d8937-abeb-744c-bf07-318a5443437a, event: $snapshot, properties: Object, timestamp: Tue Apr 14 2026 05:10:20 GMT+0530 (India Standard Time)} @ webpack-internal:///(app-pages-browser)/../../node_modules/.pnpm/posthog-js@1.364.7/node_modules/posthog-js/dist/module.js:22
[  114475ms] [LOG] [PostHog.js] send "$snapshot" {uuid: 019d8937-dba3-7d83-86ba-c0a0da494404, event: $snapshot, properties: Object, timestamp: Tue Apr 14 2026 05:10:32 GMT+0530 (India Standard Time)} @ webpack-internal:///(app-pages-browser)/../../node_modules/.pnpm/posthog-js@1.364.7/node_modules/posthog-js/dist/module.js:22
[  123271ms] [LOG] [PostHog.js] send "$web_vitals" {uuid: 019d8937-fdfd-7b56-bf15-3b79878bebe2, event: $web_vitals, properties: Object, timestamp: Tue Apr 14 2026 05:10:41 GMT+0530 (India Standard Time)} @ webpack-internal:///(app-pages-browser)/../../node_modules/.pnpm/posthog-js@1.364.7/node_modules/posthog-js/dist/module.js:22
[  127706ms] [LOG] [PostHog.js] send "$snapshot" {uuid: 019d8938-0f52-760e-8753-a2e39833c990, event: $snapshot, properties: Object, timestamp: Tue Apr 14 2026 05:10:45 GMT+0530 (India Standard Time)} @ webpack-internal:///(app-pages-browser)/../../node_modules/.pnpm/posthog-js@1.364.7/node_modules/posthog-js/dist/module.js:22
[  128634ms] [LOG] [PostHog.js] send "$autocapture" {uuid: 019d8938-12f3-7b71-8133-291a65550e18, event: $autocapture, properties: Object, timestamp: Tue Apr 14 2026 05:10:46 GMT+0530 (India Standard Time)} @ webpack-internal:///(app-pages-browser)/../../node_modules/.pnpm/posthog-js@1.364.7/node_modules/posthog-js/dist/module.js:22
[  129342ms] [LOG] [PostHog.js] send "$autocapture" {uuid: 019d8938-15b6-7425-bae2-77eb956c6440, event: $autocapture, properties: Object, timestamp: Tue Apr 14 2026 05:10:47 GMT+0530 (India Standard Time)} @ webpack-internal:///(app-pages-browser)/../../node_modules/.pnpm/posthog-js@1.364.7/node_modules/posthog-js/dist/module.js:22
[  129832ms] [LOG] [PostHog.js] send "$snapshot" {uuid: 019d8938-17a1-707b-80de-0d0e1d7ea6b7, event: $snapshot, properties: Object, timestamp: Tue Apr 14 2026 05:10:47 GMT+0530 (India Standard Time)} @ webpack-internal:///(app-pages-browser)/../../node_modules/.pnpm/posthog-js@1.364.7/node_modules/posthog-js/dist/module.js:22
[  129834ms] [LOG] [PostHog.js] send "$rageclick" {uuid: 019d8938-17a2-7ef6-a97c-6aaffbb8e871, event: $rageclick, properties: Object, timestamp: Tue Apr 14 2026 05:10:47 GMT+0530 (India Standard Time)} @ webpack-internal:///(app-pages-browser)/../../node_modules/.pnpm/posthog-js@1.364.7/node_modules/posthog-js/dist/module.js:22
[  129834ms] [LOG] [PostHog.js] send "$autocapture" {uuid: 019d8938-17a3-7b4c-a82d-e4b7753ffc4c, event: $autocapture, properties: Object, timestamp: Tue Apr 14 2026 05:10:47 GMT+0530 (India Standard Time)} @ webpack-internal:///(app-pages-browser)/../../node_modules/.pnpm/posthog-js@1.364.7/node_modules/posthog-js/dist/module.js:22
[  130558ms] [LOG] [PostHog.js] send "$autocapture" {uuid: 019d8938-1a76-7001-bdc9-77cd8de42aae, event: $autocapture, properties: Object, timestamp: Tue Apr 14 2026 05:10:48 GMT+0530 (India Standard Time)} @ webpack-internal:///(app-pages-browser)/../../node_modules/.pnpm/posthog-js@1.364.7/node_modules/posthog-js/dist/module.js:22
[  131075ms] [LOG] [PostHog.js] send "$$heatmap" {uuid: 019d8938-1c7b-707f-aafd-d9b2c6cbb9a9, event: $$heatmap, properties: Object, timestamp: Tue Apr 14 2026 05:10:49 GMT+0530 (India Standard Time)} @ webpack-internal:///(app-pages-browser)/../../node_modules/.pnpm/posthog-js@1.364.7/node_modules/posthog-js/dist/module.js:22
[  131325ms] [LOG] [PostHog.js] send "$autocapture" {uuid: 019d8938-1d75-7968-9fb5-c734d0f1cfe7, event: $autocapture, properties: Object, timestamp: Tue Apr 14 2026 05:10:49 GMT+0530 (India Standard Time)} @ webpack-internal:///(app-pages-browser)/../../node_modules/.pnpm/posthog-js@1.364.7/node_modules/posthog-js/dist/module.js:22
[  131836ms] [LOG] [PostHog.js] send "$snapshot" {uuid: 019d8938-1f74-7680-b667-a9a61533cba4, event: $snapshot, properties: Object, timestamp: Tue Apr 14 2026 05:10:49 GMT+0530 (India Standard Time)} @ webpack-internal:///(app-pages-browser)/../../node_modules/.pnpm/posthog-js@1.364.7/node_modules/posthog-js/dist/module.js:22
[  133383ms] [LOG] [PostHog.js] send "$autocapture" {uuid: 019d8938-257f-7fdb-8492-7a9a9f5388f3, event: $autocapture, properties: Object, timestamp: Tue Apr 14 2026 05:10:51 GMT+0530 (India Standard Time)} @ webpack-internal:///(app-pages-browser)/../../node_modules/.pnpm/posthog-js@1.364.7/node_modules/posthog-js/dist/module.js:22
[  134229ms] [LOG] [Fast Refresh] rebuilding @ https://us-assets.i.posthog.com/static/posthog-recorder.js?v=1.364.7:0
[  134814ms] [LOG] [Fast Refresh] done in 584ms @ https://us-assets.i.posthog.com/static/posthog-recorder.js?v=1.364.7:0
[  135284ms] [LOG] [PostHog.js] send "$snapshot" {uuid: 019d8938-2cec-7fbd-ae0b-c81ebc51403d, event: $snapshot, properties: Object, timestamp: Tue Apr 14 2026 05:10:53 GMT+0530 (India Standard Time)} @ webpack-internal:///(app-pages-browser)/../../node_modules/.pnpm/posthog-js@1.364.7/node_modules/posthog-js/dist/module.js:22
[  136075ms] [LOG] [PostHog.js] send "$$heatmap" {uuid: 019d8938-3003-7050-b7e5-ab9f21d3f5fc, event: $$heatmap, properties: Object, timestamp: Tue Apr 14 2026 05:10:54 GMT+0530 (India Standard Time)} @ webpack-internal:///(app-pages-browser)/../../node_modules/.pnpm/posthog-js@1.364.7/node_modules/posthog-js/dist/module.js:22
[  138590ms] [LOG] [PostHog.js] send "$snapshot" {uuid: 019d8938-39d7-7bc8-8142-df7bc141c261, event: $snapshot, properties: Object, timestamp: Tue Apr 14 2026 05:10:56 GMT+0530 (India Standard Time)} @ webpack-internal:///(app-pages-browser)/../../node_modules/.pnpm/posthog-js@1.364.7/node_modules/posthog-js/dist/module.js:22
[  141851ms] [LOG] [PostHog.js] send "$snapshot" {uuid: 019d8938-4693-7aa8-ae46-af441483a394, event: $snapshot, properties: Object, timestamp: Tue Apr 14 2026 05:10:59 GMT+0530 (India Standard Time)} @ webpack-internal:///(app-pages-browser)/../../node_modules/.pnpm/posthog-js@1.364.7/node_modules/posthog-js/dist/module.js:22
[  144711ms] [LOG] [PostHog.js] send "$snapshot" {uuid: 019d8938-51bf-759f-95e0-d4bf896c2d58, event: $snapshot, properties: Object, timestamp: Tue Apr 14 2026 05:11:02 GMT+0530 (India Standard Time)} @ webpack-internal:///(app-pages-browser)/../../node_modules/.pnpm/posthog-js@1.364.7/node_modules/posthog-js/dist/module.js:22
[  146753ms] [LOG] [PostHog.js] send "$snapshot" {uuid: 019d8938-59b9-78e1-9134-5b85c73e109c, event: $snapshot, properties: Object, timestamp: Tue Apr 14 2026 05:11:04 GMT+0530 (India Standard Time)} @ webpack-internal:///(app-pages-browser)/../../node_modules/.pnpm/posthog-js@1.364.7/node_modules/posthog-js/dist/module.js:22
[  149417ms] [LOG] [PostHog.js] send "$snapshot" {uuid: 019d8938-6422-78be-a333-23c8b67c11f5, event: $snapshot, properties: Object, timestamp: Tue Apr 14 2026 05:11:07 GMT+0530 (India Standard Time)} @ webpack-internal:///(app-pages-browser)/../../node_modules/.pnpm/posthog-js@1.364.7/node_modules/posthog-js/dist/module.js:22
[  151510ms] [LOG] [PostHog.js] send "$snapshot" {uuid: 019d8938-6c4f-7c6a-b35f-ad815af1a46f, event: $snapshot, properties: Object, timestamp: Tue Apr 14 2026 05:11:09 GMT+0530 (India Standard Time)} @ webpack-internal:///(app-pages-browser)/../../node_modules/.pnpm/posthog-js@1.364.7/node_modules/posthog-js/dist/module.js:22
[  153511ms] [LOG] [PostHog.js] send "$snapshot" {uuid: 019d8938-7420-72fe-b3bb-efcfd1ac37e0, event: $snapshot, properties: Object, timestamp: Tue Apr 14 2026 05:11:11 GMT+0530 (India Standard Time)} @ webpack-internal:///(app-pages-browser)/../../node_modules/.pnpm/posthog-js@1.364.7/node_modules/posthog-js/dist/module.js:22
[  155602ms] [LOG] [PostHog.js] send "$snapshot" {uuid: 019d8938-7c4b-7476-bf37-71aaedf8b3e8, event: $snapshot, properties: Object, timestamp: Tue Apr 14 2026 05:11:13 GMT+0530 (India Standard Time)} @ webpack-internal:///(app-pages-browser)/../../node_modules/.pnpm/posthog-js@1.364.7/node_modules/posthog-js/dist/module.js:22
[  160853ms] [LOG] [PostHog.js] send "$snapshot" {uuid: 019d8938-90cd-7344-90b8-4839d95cc586, event: $snapshot, properties: Object, timestamp: Tue Apr 14 2026 05:11:18 GMT+0530 (India Standard Time)} @ webpack-internal:///(app-pages-browser)/../../node_modules/.pnpm/posthog-js@1.364.7/node_modules/posthog-js/dist/module.js:22
[  169868ms] [LOG] [PostHog.js] send "$snapshot" {uuid: 019d8938-b404-7430-b425-491ce4baebaa, event: $snapshot, properties: Object, timestamp: Tue Apr 14 2026 05:11:27 GMT+0530 (India Standard Time)} @ webpack-internal:///(app-pages-browser)/../../node_modules/.pnpm/posthog-js@1.364.7/node_modules/posthog-js/dist/module.js:22
[  172695ms] [LOG] [PostHog.js] send "$snapshot" {uuid: 019d8938-bf0f-72e5-8b1b-d5dab2c53655, event: $snapshot, properties: Object, timestamp: Tue Apr 14 2026 05:11:30 GMT+0530 (India Standard Time)} @ webpack-internal:///(app-pages-browser)/../../node_modules/.pnpm/posthog-js@1.364.7/node_modules/posthog-js/dist/module.js:22
[  180998ms] [LOG] [PostHog.js] send "$snapshot" {uuid: 019d8938-df7f-72d9-a7ba-138db79a2587, event: $snapshot, properties: Object, timestamp: Tue Apr 14 2026 05:11:39 GMT+0530 (India Standard Time)} @ webpack-internal:///(app-pages-browser)/../../node_modules/.pnpm/posthog-js@1.364.7/node_modules/posthog-js/dist/module.js:22
[  183082ms] [LOG] [PostHog.js] send "$snapshot" {uuid: 019d8938-e7a2-7232-bc8e-13a2a77c16f1, event: $snapshot, properties: Object, timestamp: Tue Apr 14 2026 05:11:41 GMT+0530 (India Standard Time)} @ webpack-internal:///(app-pages-browser)/../../node_modules/.pnpm/posthog-js@1.364.7/node_modules/posthog-js/dist/module.js:22
[  189737ms] [LOG] [PostHog.js] send "$snapshot" {uuid: 019d8939-01a1-7cc2-ad35-398be81fcaab, event: $snapshot, properties: Object, timestamp: Tue Apr 14 2026 05:11:47 GMT+0530 (India Standard Time)} @ webpack-internal:///(app-pages-browser)/../../node_modules/.pnpm/posthog-js@1.364.7/node_modules/posthog-js/dist/module.js:22
[  191801ms] [LOG] [PostHog.js] send "$snapshot" {uuid: 019d8939-09b1-7cc0-8dcc-e2c9397568f9, event: $snapshot, properties: Object, timestamp: Tue Apr 14 2026 05:11:49 GMT+0530 (India Standard Time)} @ webpack-internal:///(app-pages-browser)/../../node_modules/.pnpm/posthog-js@1.364.7/node_modules/posthog-js/dist/module.js:22
[  195086ms] [LOG] [PostHog.js] send "$snapshot" {uuid: 019d8939-1686-7b62-8c89-95f34d597003, event: $snapshot, properties: Object, timestamp: Tue Apr 14 2026 05:11:53 GMT+0530 (India Standard Time)} @ webpack-internal:///(app-pages-browser)/../../node_modules/.pnpm/posthog-js@1.364.7/node_modules/posthog-js/dist/module.js:22
[  197091ms] [LOG] [PostHog.js] send "$snapshot" {uuid: 019d8939-1e5c-7567-abdd-e2dc9b35e15c, event: $snapshot, properties: Object, timestamp: Tue Apr 14 2026 05:11:55 GMT+0530 (India Standard Time)} @ webpack-internal:///(app-pages-browser)/../../node_modules/.pnpm/posthog-js@1.364.7/node_modules/posthog-js/dist/module.js:22
[  199177ms] [LOG] [PostHog.js] send "$snapshot" {uuid: 019d8939-2682-7c07-8a16-aba5fcd6fa63, event: $snapshot, properties: Object, timestamp: Tue Apr 14 2026 05:11:57 GMT+0530 (India Standard Time)} @ webpack-internal:///(app-pages-browser)/../../node_modules/.pnpm/posthog-js@1.364.7/node_modules/posthog-js/dist/module.js:22
[  208907ms] [LOG] [PostHog.js] send "$snapshot" {uuid: 019d8939-4c83-76c5-9192-87b3272ec2cb, event: $snapshot, properties: Object, timestamp: Tue Apr 14 2026 05:12:06 GMT+0530 (India Standard Time)} @ webpack-internal:///(app-pages-browser)/../../node_modules/.pnpm/posthog-js@1.364.7/node_modules/posthog-js/dist/module.js:22
[  211369ms] [LOG] [PostHog.js] send "$snapshot" {uuid: 019d8939-5621-7dea-b3ea-e929a237325c, event: $snapshot, properties: Object, timestamp: Tue Apr 14 2026 05:12:09 GMT+0530 (India Standard Time)} @ webpack-internal:///(app-pages-browser)/../../node_modules/.pnpm/posthog-js@1.364.7/node_modules/posthog-js/dist/module.js:22
[  213507ms] [LOG] [PostHog.js] send "$snapshot" {uuid: 019d8939-5e7c-7629-9c36-7a3de42f9be6, event: $snapshot, properties: Object, timestamp: Tue Apr 14 2026 05:12:11 GMT+0530 (India Standard Time)} @ webpack-internal:///(app-pages-browser)/../../node_modules/.pnpm/posthog-js@1.364.7/node_modules/posthog-js/dist/module.js:22
[  215533ms] [LOG] [PostHog.js] send "$snapshot" {uuid: 019d8939-6665-7fc3-99fb-3d615ac8d144, event: $snapshot, properties: Object, timestamp: Tue Apr 14 2026 05:12:13 GMT+0530 (India Standard Time)} @ webpack-internal:///(app-pages-browser)/../../node_modules/.pnpm/posthog-js@1.364.7/node_modules/posthog-js/dist/module.js:22
[  218427ms] [LOG] [PostHog.js] send "$snapshot" {uuid: 019d8939-71b3-76dc-84d4-d0dd19c6b522, event: $snapshot, properties: Object, timestamp: Tue Apr 14 2026 05:12:16 GMT+0530 (India Standard Time)} @ webpack-internal:///(app-pages-browser)/../../node_modules/.pnpm/posthog-js@1.364.7/node_modules/posthog-js/dist/module.js:22
[  232971ms] [LOG] [PostHog.js] send "$snapshot" {uuid: 019d8939-aa84-7356-80f2-806df4927f36, event: $snapshot, properties: Object, timestamp: Tue Apr 14 2026 05:12:31 GMT+0530 (India Standard Time)} @ webpack-internal:///(app-pages-browser)/../../node_modules/.pnpm/posthog-js@1.364.7/node_modules/posthog-js/dist/module.js:22
[  235041ms] [LOG] [PostHog.js] send "$snapshot" {uuid: 019d8939-b299-7705-9599-8a8139fd7d32, event: $snapshot, properties: Object, timestamp: Tue Apr 14 2026 05:12:33 GMT+0530 (India Standard Time)} @ webpack-internal:///(app-pages-browser)/../../node_modules/.pnpm/posthog-js@1.364.7/node_modules/posthog-js/dist/module.js:22
[  237970ms] [LOG] [PostHog.js] send "$snapshot" {uuid: 019d8939-be0a-7514-a0fc-7fc1357023b8, event: $snapshot, properties: Object, timestamp: Tue Apr 14 2026 05:12:36 GMT+0530 (India Standard Time)} @ webpack-internal:///(app-pages-browser)/../../node_modules/.pnpm/posthog-js@1.364.7/node_modules/posthog-js/dist/module.js:22
[  240149ms] [LOG] [Fast Refresh] rebuilding @ https://us-assets.i.posthog.com/static/posthog-recorder.js?v=1.364.7:0
[  240275ms] [LOG] [PostHog.js] send "$snapshot" {uuid: 019d8939-c70b-76cb-acfe-277a14289a31, event: $snapshot, properties: Object, timestamp: Tue Apr 14 2026 05:12:38 GMT+0530 (India Standard Time)} @ webpack-internal:///(app-pages-browser)/../../node_modules/.pnpm/posthog-js@1.364.7/node_modules/posthog-js/dist/module.js:22
[  240464ms] [LOG] [Fast Refresh] done in 315ms @ https://us-assets.i.posthog.com/static/posthog-recorder.js?v=1.364.7:0
[  241180ms] [LOG] [PostHog.js] send "$autocapture" {uuid: 019d8939-ca94-7c23-b7b8-05c07ddc9535, event: $autocapture, properties: Object, timestamp: Tue Apr 14 2026 05:12:39 GMT+0530 (India Standard Time)} @ webpack-internal:///(app-pages-browser)/../../node_modules/.pnpm/posthog-js@1.364.7/node_modules/posthog-js/dist/module.js:22
[  242064ms] [LOG] [PostHog.js] send "$autocapture" {uuid: 019d8939-ce08-7229-9475-efedd09fe7b3, event: $autocapture, properties: Object, timestamp: Tue Apr 14 2026 05:12:40 GMT+0530 (India Standard Time)} @ webpack-internal:///(app-pages-browser)/../../node_modules/.pnpm/posthog-js@1.364.7/node_modules/posthog-js/dist/module.js:22
[  242401ms] [LOG] [PostHog.js] send "$snapshot" {uuid: 019d8939-cf59-7a99-b9ff-c97fbd829791, event: $snapshot, properties: Object, timestamp: Tue Apr 14 2026 05:12:40 GMT+0530 (India Standard Time)} @ webpack-internal:///(app-pages-browser)/../../node_modules/.pnpm/posthog-js@1.364.7/node_modules/posthog-js/dist/module.js:22
[  246076ms] [LOG] [PostHog.js] send "$$heatmap" {uuid: 019d8939-ddb4-728f-9256-1ae3e74d87db, event: $$heatmap, properties: Object, timestamp: Tue Apr 14 2026 05:12:44 GMT+0530 (India Standard Time)} @ webpack-internal:///(app-pages-browser)/../../node_modules/.pnpm/posthog-js@1.364.7/node_modules/posthog-js/dist/module.js:22
[  247691ms] [LOG] [PostHog.js] send "$snapshot" {uuid: 019d8939-e403-79cc-a8d0-ca88d1cb0fe9, event: $snapshot, properties: Object, timestamp: Tue Apr 14 2026 05:12:45 GMT+0530 (India Standard Time)} @ webpack-internal:///(app-pages-browser)/../../node_modules/.pnpm/posthog-js@1.364.7/node_modules/posthog-js/dist/module.js:22
[  265178ms] [LOG] [PostHog.js] send "$autocapture" {uuid: 019d893a-2853-7c37-898e-03cf07748c0f, event: $autocapture, properties: Object, timestamp: Tue Apr 14 2026 05:13:03 GMT+0530 (India Standard Time)} @ webpack-internal:///(app-pages-browser)/../../node_modules/.pnpm/posthog-js@1.364.7/node_modules/posthog-js/dist/module.js:22
[  266076ms] [LOG] [PostHog.js] send "$$heatmap" {uuid: 019d893a-2bd4-7056-ace6-51e84fa7b957, event: $$heatmap, properties: Object, timestamp: Tue Apr 14 2026 05:13:04 GMT+0530 (India Standard Time)} @ webpack-internal:///(app-pages-browser)/../../node_modules/.pnpm/posthog-js@1.364.7/node_modules/posthog-js/dist/module.js:22
[  267120ms] [LOG] [PostHog.js] send "$snapshot" {uuid: 019d893a-2fe9-769d-8169-66af187b30a7, event: $snapshot, properties: Object, timestamp: Tue Apr 14 2026 05:13:05 GMT+0530 (India Standard Time)} @ webpack-internal:///(app-pages-browser)/../../node_modules/.pnpm/posthog-js@1.364.7/node_modules/posthog-js/dist/module.js:22
[  270566ms] [LOG] [PostHog.js] send "$autocapture" {uuid: 019d893a-3d5e-7268-bbd3-f78c22cb7813, event: $autocapture, properties: Object, timestamp: Tue Apr 14 2026 05:13:08 GMT+0530 (India Standard Time)} @ webpack-internal:///(app-pages-browser)/../../node_modules/.pnpm/posthog-js@1.364.7/node_modules/posthog-js/dist/module.js:22
[  271076ms] [LOG] [PostHog.js] send "$$heatmap" {uuid: 019d893a-3f5c-7225-8ab2-eed508d43308, event: $$heatmap, properties: Object, timestamp: Tue Apr 14 2026 05:13:09 GMT+0530 (India Standard Time)} @ webpack-internal:///(app-pages-browser)/../../node_modules/.pnpm/posthog-js@1.364.7/node_modules/posthog-js/dist/module.js:22
[  272398ms] [LOG] [PostHog.js] send "$snapshot" {uuid: 019d893a-4486-7421-a278-a2f10dbf07f6, event: $snapshot, properties: Object, timestamp: Tue Apr 14 2026 05:13:10 GMT+0530 (India Standard Time)} @ webpack-internal:///(app-pages-browser)/../../node_modules/.pnpm/posthog-js@1.364.7/node_modules/posthog-js/dist/module.js:22
[  280271ms] [LOG] [PostHog.js] send "$snapshot" {uuid: 019d893a-6347-73e1-80c6-6552bd64cd80, event: $snapshot, properties: Object, timestamp: Tue Apr 14 2026 05:13:18 GMT+0530 (India Standard Time)} @ webpack-internal:///(app-pages-browser)/../../node_modules/.pnpm/posthog-js@1.364.7/node_modules/posthog-js/dist/module.js:22
[  282284ms] [LOG] [PostHog.js] send "$snapshot" {uuid: 019d893a-6b24-709b-b644-f2e40975b4a1, event: $snapshot, properties: Object, timestamp: Tue Apr 14 2026 05:13:20 GMT+0530 (India Standard Time)} @ webpack-internal:///(app-pages-browser)/../../node_modules/.pnpm/posthog-js@1.364.7/node_modules/posthog-js/dist/module.js:22
[  284340ms] [LOG] [PostHog.js] send "$snapshot" {uuid: 019d893a-732c-7c55-bbcf-68cdbe1c26f0, event: $snapshot, properties: Object, timestamp: Tue Apr 14 2026 05:13:22 GMT+0530 (India Standard Time)} @ webpack-internal:///(app-pages-browser)/../../node_modules/.pnpm/posthog-js@1.364.7/node_modules/posthog-js/dist/module.js:22
[  287558ms] [LOG] [Fast Refresh] rebuilding @ https://us-assets.i.posthog.com/static/posthog-recorder.js?v=1.364.7:0
[  287822ms] [LOG] [Fast Refresh] done in 263ms @ https://us-assets.i.posthog.com/static/posthog-recorder.js?v=1.364.7:0
[  289560ms] [LOG] [PostHog.js] send "$snapshot" {uuid: 019d893a-8791-7dae-bfba-baa799435425, event: $snapshot, properties: Object, timestamp: Tue Apr 14 2026 05:13:27 GMT+0530 (India Standard Time)} @ webpack-internal:///(app-pages-browser)/../../node_modules/.pnpm/posthog-js@1.364.7/node_modules/posthog-js/dist/module.js:22
[  292112ms] [LOG] [PostHog.js] send "$snapshot" {uuid: 019d893a-9188-71f3-946e-98148ba00fad, event: $snapshot, properties: Object, timestamp: Tue Apr 14 2026 05:13:30 GMT+0530 (India Standard Time)} @ webpack-internal:///(app-pages-browser)/../../node_modules/.pnpm/posthog-js@1.364.7/node_modules/posthog-js/dist/module.js:22
[  292488ms] [LOG] [PostHog.js] send "$autocapture" {uuid: 019d893a-9300-751e-be57-74020fa30d47, event: $autocapture, properties: Object, timestamp: Tue Apr 14 2026 05:13:30 GMT+0530 (India Standard Time)} @ webpack-internal:///(app-pages-browser)/../../node_modules/.pnpm/posthog-js@1.364.7/node_modules/posthog-js/dist/module.js:22
[  293248ms] [LOG] [PostHog.js] send "$autocapture" {uuid: 019d893a-95f8-7487-b231-ef0fed791449, event: $autocapture, properties: Object, timestamp: Tue Apr 14 2026 05:13:31 GMT+0530 (India Standard Time)} @ webpack-internal:///(app-pages-browser)/../../node_modules/.pnpm/posthog-js@1.364.7/node_modules/posthog-js/dist/module.js:22
[  293863ms] [LOG] [PostHog.js] send "$rageclick" {uuid: 019d893a-985f-7ff3-9110-f2f95070c165, event: $rageclick, properties: Object, timestamp: Tue Apr 14 2026 05:13:31 GMT+0530 (India Standard Time)} @ webpack-internal:///(app-pages-browser)/../../node_modules/.pnpm/posthog-js@1.364.7/node_modules/posthog-js/dist/module.js:22
[  293863ms] [LOG] [PostHog.js] send "$autocapture" {uuid: 019d893a-9860-76c0-862c-ea16a3098c8e, event: $autocapture, properties: Object, timestamp: Tue Apr 14 2026 05:13:31 GMT+0530 (India Standard Time)} @ webpack-internal:///(app-pages-browser)/../../node_modules/.pnpm/posthog-js@1.364.7/node_modules/posthog-js/dist/module.js:22
[  294370ms] [LOG] [PostHog.js] send "$snapshot" {uuid: 019d893a-9a5b-76ad-9ed2-5d89801c20a0, event: $snapshot, properties: Object, timestamp: Tue Apr 14 2026 05:13:32 GMT+0530 (India Standard Time)} @ webpack-internal:///(app-pages-browser)/../../node_modules/.pnpm/posthog-js@1.364.7/node_modules/posthog-js/dist/module.js:22
[  294521ms] [LOG] [PostHog.js] send "$autocapture" {uuid: 019d893a-9af1-7cd0-8d71-c4c6513080bc, event: $autocapture, properties: Object, timestamp: Tue Apr 14 2026 05:13:32 GMT+0530 (India Standard Time)} @ webpack-internal:///(app-pages-browser)/../../node_modules/.pnpm/posthog-js@1.364.7/node_modules/posthog-js/dist/module.js:22
[  295804ms] [LOG] [PostHog.js] send "$autocapture" {uuid: 019d893a-9ff5-7edc-8c7c-7224ea616f49, event: $autocapture, properties: Object, timestamp: Tue Apr 14 2026 05:13:33 GMT+0530 (India Standard Time)} @ webpack-internal:///(app-pages-browser)/../../node_modules/.pnpm/posthog-js@1.364.7/node_modules/posthog-js/dist/module.js:22
[  296076ms] [LOG] [PostHog.js] send "$$heatmap" {uuid: 019d893a-a104-7f8d-9eb3-5c8962109912, event: $$heatmap, properties: Object, timestamp: Tue Apr 14 2026 05:13:34 GMT+0530 (India Standard Time)} @ webpack-internal:///(app-pages-browser)/../../node_modules/.pnpm/posthog-js@1.364.7/node_modules/posthog-js/dist/module.js:22
[  296256ms] [ERROR] [PostHog.js] TypeError: Failed to fetch
    at method (webpack-internal:///(app-pages-browser)/../../node_modules/.pnpm/posthog-js@1.364.7/node_modules/posthog-js/dist/module.js:23:53844)
    at eval (webpack-internal:///(app-pages-browser)/../../node_modules/.pnpm/posthog-js@1.364.7/node_modules/posthog-js/dist/module.js:23:81998) @ webpack-internal:///(app-pages-browser)/../../node_modules/.pnpm/next@15.5.14_@opentelemetry+api@1.9.1_react-dom@18.3.1_react@18.2.0__react@18.2.0/node_modules/next/dist/next-devtools/userspace/app/errors/intercept-console-error.js:56
[  296256ms] [WARNING] [PostHog.js] Enqueued failed request for retry in 3225 @ webpack-internal:///(app-pages-browser)/../../node_modules/.pnpm/posthog-js@1.364.7/node_modules/posthog-js/dist/module.js:22
[  296405ms] [LOG] [PostHog.js] send "$snapshot" {uuid: 019d893a-a24d-718f-92a1-4cadfb541b80, event: $snapshot, properties: Object, timestamp: Tue Apr 14 2026 05:13:34 GMT+0530 (India Standard Time)} @ webpack-internal:///(app-pages-browser)/../../node_modules/.pnpm/posthog-js@1.364.7/node_modules/posthog-js/dist/module.js:22
[  297317ms] [LOG] [Fast Refresh] rebuilding @ https://us-assets.i.posthog.com/static/posthog-recorder.js?v=1.364.7:0
[  297510ms] [WARNING] [Fast Refresh] performing full reload

Fast Refresh will perform a full reload when you edit a file that's imported by modules outside of the React rendering tree.
You might have a file which exports a React component but also exports a value that is imported by a non-React component file.
Consider migrating the non-React component export to a separate file and importing it into both files.

It is also possible the parent component of the component you edited is a class component, which disables Fast Refresh.
Fast Refresh requires at least one parent function component in your React tree. @ https://us-assets.i.posthog.com/static/posthog-recorder.js?v=1.364.7:0
[  297511ms] [LOG] [PostHog.js] send "$$heatmap" {uuid: 019d893a-a69f-7c6b-8400-bca4cc3026c2, event: $$heatmap, properties: Object, timestamp: Tue Apr 14 2026 05:13:35 GMT+0530 (India Standard Time)} @ webpack-internal:///(app-pages-browser)/../../node_modules/.pnpm/posthog-js@1.364.7/node_modules/posthog-js/dist/module.js:22
[  297511ms] [LOG] [PostHog.js] send "$snapshot" {uuid: 019d893a-a69f-7c6b-8400-bca574889dc7, event: $snapshot, properties: Object, timestamp: Tue Apr 14 2026 05:13:35 GMT+0530 (India Standard Time)} @ webpack-internal:///(app-pages-browser)/../../node_modules/.pnpm/posthog-js@1.364.7/node_modules/posthog-js/dist/module.js:22
[  297905ms] [LOG] [PostHog.js] send "$pageleave" {uuid: 019d893a-a829-7633-ada5-66c7f5bedf0b, event: $pageleave, properties: Object, timestamp: Tue Apr 14 2026 05:13:35 GMT+0530 (India Standard Time)} @ webpack-internal:///(app-pages-browser)/../../node_modules/.pnpm/posthog-js@1.364.7/node_modules/posthog-js/dist/module.js:22
[  297914ms] [ERROR] [PostHog.js] TypeError: Failed to fetch
    at method (webpack-internal:///(app-pages-browser)/../../node_modules/.pnpm/posthog-js@1.364.7/node_modules/posthog-js/dist/module.js:23:53844)
    at eval (webpack-internal:///(app-pages-browser)/../../node_modules/.pnpm/posthog-js@1.364.7/node_modules/posthog-js/dist/module.js:23:81998) @ webpack-internal:///(app-pages-browser)/../../node_modules/.pnpm/next@15.5.14_@opentelemetry+api@1.9.1_react-dom@18.3.1_react@18.2.0__react@18.2.0/node_modules/next/dist/next-devtools/userspace/app/errors/intercept-console-error.js:56
[  297914ms] [WARNING] [PostHog.js] Enqueued failed request for retry in 2501 @ webpack-internal:///(app-pages-browser)/../../node_modules/.pnpm/posthog-js@1.364.7/node_modules/posthog-js/dist/module.js:22
[  297914ms] [ERROR] [PostHog.js] TypeError: Failed to fetch
    at method (webpack-internal:///(app-pages-browser)/../../node_modules/.pnpm/posthog-js@1.364.7/node_modules/posthog-js/dist/module.js:23:53844)
    at eval (webpack-internal:///(app-pages-browser)/../../node_modules/.pnpm/posthog-js@1.364.7/node_modules/posthog-js/dist/module.js:23:81998) @ webpack-internal:///(app-pages-browser)/../../node_modules/.pnpm/next@15.5.14_@opentelemetry+api@1.9.1_react-dom@18.3.1_react@18.2.0__react@18.2.0/node_modules/next/dist/next-devtools/userspace/app/errors/intercept-console-error.js:56
[  297914ms] [WARNING] [PostHog.js] Enqueued failed request for retry in 2828 @ webpack-internal:///(app-pages-browser)/../../node_modules/.pnpm/posthog-js@1.364.7/node_modules/posthog-js/dist/module.js:22
[  298489ms] [LOG] [GTM Event] clear_ecommerce {ecommerce: null} @ webpack-internal:///(app-pages-browser)/./lib/hooks/useGTM.ts:16
[  298490ms] [LOG] [GTM Event] view_item {ecommerce: Object} @ webpack-internal:///(app-pages-browser)/./lib/hooks/useGTM.ts:16
[  298492ms] [LOG] [AuthProvider] Mounting, starting hydration @ webpack-internal:///(app-pages-browser)/./components/providers/AuthProvider.tsx:35
[  298492ms] [LOG] [auth-store] isFreshLogin: false URL: http://localhost:3000/services/gst-registration @ webpack-internal:///(app-pages-browser)/./lib/stores/auth-store.ts:205
[  298492ms] [LOG] [auth-store] refreshSession starting @ webpack-internal:///(app-pages-browser)/./lib/stores/auth-store.ts:209
[  298751ms] [LOG] [auth-store] getSession result: no session @ webpack-internal:///(app-pages-browser)/./lib/stores/auth-store.ts:213
[  298760ms] [LOG] [AuthProvider] Initial hydration complete @ webpack-internal:///(app-pages-browser)/./components/providers/AuthProvider.tsx:40
[  298764ms] [LOG] [AuthProvider] Auth event: INITIAL_SESSION @ webpack-internal:///(app-pages-browser)/./components/providers/AuthProvider.tsx:46
[  298766ms] [LOG] [PostHog.js] set_config {config: Object, oldConfig: Object, newConfig: Object} @ webpack-internal:///(app-pages-browser)/../../node_modules/.pnpm/posthog-js@1.364.7/node_modules/posthog-js/dist/module.js:22
[  298766ms] [LOG] [PostHog.js] Persistence loaded localStorage+cookie {$device_id: 019d5401-510f-7d21-a410-204e78f58700, distinct_id: 019d5401-510f-7d21-a410-204e78f58700, $sesid: Array(3), $initial_person_info: Object, $user_state: anonymous} @ webpack-internal:///(app-pages-browser)/../../node_modules/.pnpm/posthog-js@1.364.7/node_modules/posthog-js/dist/module.js:22
[  298767ms] [LOG] [PostHog.js] Persistence loaded sessionStorage {$sdk_debug_extensions_init_method: synchronous, $sdk_debug_extensions_init_time_ms: 2, $sdk_debug_replay_remote_trigger_matching_config: null, $sdk_debug_replay_event_trigger_status: trigger_disabled, $sdk_debug_replay_url_trigger_status: trigger_disabled} @ webpack-internal:///(app-pages-browser)/../../node_modules/.pnpm/posthog-js@1.364.7/node_modules/posthog-js/dist/module.js:22
[  298767ms] [LOG] [PostHog.js] Initializing extensions synchronously @ webpack-internal:///(app-pages-browser)/../../node_modules/.pnpm/posthog-js@1.364.7/node_modules/posthog-js/dist/module.js:22
[  298767ms] [LOG] [PostHog.js] [Web Vitals] enabled, starting... @ webpack-internal:///(app-pages-browser)/../../node_modules/.pnpm/posthog-js@1.364.7/node_modules/posthog-js/dist/module.js:22
[  298768ms] [LOG] [PostHog.js] [SessionRecording] starting @ webpack-internal:///(app-pages-browser)/../../node_modules/.pnpm/posthog-js@1.364.7/node_modules/posthog-js/dist/module.js:22
[  298768ms] [LOG] [PostHog.js] [Heatmaps] starting... @ webpack-internal:///(app-pages-browser)/../../node_modules/.pnpm/posthog-js@1.364.7/node_modules/posthog-js/dist/module.js:22
[  298769ms] [LOG] [PostHog.js] Starting in debug mode {this: _n, config: Object, thisC: Object, p: Object, s: Object} @ webpack-internal:///(app-pages-browser)/../../node_modules/.pnpm/posthog-js@1.364.7/node_modules/posthog-js/dist/module.js:22
[  298769ms] [LOG] You're now in debug mode. All calls to PostHog will be logged in your console.
You can disable this with `posthog.debug(false)`. @ webpack-internal:///(app-pages-browser)/../../node_modules/.pnpm/posthog-js@1.364.7/node_modules/posthog-js/dist/module.js:22
[  298769ms] [LOG] [PostHog.js] Persistence loaded sessionStorage {$sdk_debug_extensions_init_method: synchronous, $sdk_debug_extensions_init_time_ms: 1, $sdk_debug_replay_remote_trigger_matching_config: null, $sdk_debug_replay_event_trigger_status: trigger_disabled, $sdk_debug_replay_url_trigger_status: trigger_disabled} @ webpack-internal:///(app-pages-browser)/../../node_modules/.pnpm/posthog-js@1.364.7/node_modules/posthog-js/dist/module.js:22
[  298769ms] [LOG] [PostHog.js] set_config {config: Object, oldConfig: Object, newConfig: Object} @ webpack-internal:///(app-pages-browser)/../../node_modules/.pnpm/posthog-js@1.364.7/node_modules/posthog-js/dist/module.js:22
[  298769ms] [LOG] [PostHog.js] [SessionRecording] starting @ webpack-internal:///(app-pages-browser)/../../node_modules/.pnpm/posthog-js@1.364.7/node_modules/posthog-js/dist/module.js:22
[  298802ms] [LOG] [PostHog.js] [Dead Clicks] starting... @ webpack-internal:///(app-pages-browser)/../../node_modules/.pnpm/posthog-js@1.364.7/node_modules/posthog-js/dist/module.js:22
[  300402ms] [LOG] [PostHog.js] Persistence loaded sessionStorage {$sdk_debug_extensions_init_method: synchronous, $sdk_debug_extensions_init_time_ms: 1, $sdk_debug_replay_remote_trigger_matching_config: null, $sdk_debug_replay_event_trigger_status: trigger_disabled, $sdk_debug_replay_url_trigger_status: trigger_disabled} @ webpack-internal:///(app-pages-browser)/../../node_modules/.pnpm/posthog-js@1.364.7/node_modules/posthog-js/dist/module.js:22
[  300402ms] [LOG] [PostHog.js] set_config {config: Object, oldConfig: Object, newConfig: Object} @ webpack-internal:///(app-pages-browser)/../../node_modules/.pnpm/posthog-js@1.364.7/node_modules/posthog-js/dist/module.js:22
[  300402ms] [LOG] [PostHog.js] [Surveys] flags response received, isSurveysEnabled: false @ webpack-internal:///(app-pages-browser)/../../node_modules/.pnpm/posthog-js@1.364.7/node_modules/posthog-js/dist/module.js:22
[  300421ms] [LOG] [PostHog.js] [Surveys] Surveys loaded successfully @ webpack-internal:///(app-pages-browser)/../../node_modules/.pnpm/posthog-js@1.364.7/node_modules/posthog-js/dist/module.js:22
[  301128ms] [LOG] [PostHog.js] send "$snapshot" {uuid: 019d893a-b4c0-7fcf-8382-f9bfaa4c4882, event: $snapshot, properties: Object, timestamp: Tue Apr 14 2026 05:13:39 GMT+0530 (India Standard Time)} @ webpack-internal:///(app-pages-browser)/../../node_modules/.pnpm/posthog-js@1.364.7/node_modules/posthog-js/dist/module.js:22
[  303175ms] [LOG] [PostHog.js] send "$snapshot" {uuid: 019d893a-bcc0-7d34-8b1a-c92053792aec, event: $snapshot, properties: Object, timestamp: Tue Apr 14 2026 05:13:41 GMT+0530 (India Standard Time)} @ webpack-internal:///(app-pages-browser)/../../node_modules/.pnpm/posthog-js@1.364.7/node_modules/posthog-js/dist/module.js:22
[  303807ms] [LOG] [PostHog.js] send "$web_vitals" {uuid: 019d893a-bf37-778a-bec2-4900b062658a, event: $web_vitals, properties: Object, timestamp: Tue Apr 14 2026 05:13:41 GMT+0530 (India Standard Time)} @ webpack-internal:///(app-pages-browser)/../../node_modules/.pnpm/posthog-js@1.364.7/node_modules/posthog-js/dist/module.js:22
[  305246ms] [LOG] [PostHog.js] send "$snapshot" {uuid: 019d893a-c4d6-7199-becd-75e0a7fd222b, event: $snapshot, properties: Object, timestamp: Tue Apr 14 2026 05:13:43 GMT+0530 (India Standard Time)} @ webpack-internal:///(app-pages-browser)/../../node_modules/.pnpm/posthog-js@1.364.7/node_modules/posthog-js/dist/module.js:22
[  315241ms] [LOG] [PostHog.js] send "$snapshot" {uuid: 019d893a-ebe2-7414-a454-776b127c7e95, event: $snapshot, properties: Object, timestamp: Tue Apr 14 2026 05:13:53 GMT+0530 (India Standard Time)} @ webpack-internal:///(app-pages-browser)/../../node_modules/.pnpm/posthog-js@1.364.7/node_modules/posthog-js/dist/module.js:22
[  317845ms] [LOG] [PostHog.js] send "$snapshot" {uuid: 019d893a-f60e-7103-aa13-2f9974325b47, event: $snapshot, properties: Object, timestamp: Tue Apr 14 2026 05:13:55 GMT+0530 (India Standard Time)} @ webpack-internal:///(app-pages-browser)/../../node_modules/.pnpm/posthog-js@1.364.7/node_modules/posthog-js/dist/module.js:22
[  321190ms] [LOG] [PostHog.js] send "$snapshot" {uuid: 019d893b-031f-7b22-858e-a5b182f44fad, event: $snapshot, properties: Object, timestamp: Tue Apr 14 2026 05:13:59 GMT+0530 (India Standard Time)} @ webpack-internal:///(app-pages-browser)/../../node_modules/.pnpm/posthog-js@1.364.7/node_modules/posthog-js/dist/module.js:22
[  323218ms] [LOG] [PostHog.js] send "$snapshot" {uuid: 019d893b-0b0a-7f6e-9428-ede4bf6465e0, event: $snapshot, properties: Object, timestamp: Tue Apr 14 2026 05:14:01 GMT+0530 (India Standard Time)} @ webpack-internal:///(app-pages-browser)/../../node_modules/.pnpm/posthog-js@1.364.7/node_modules/posthog-js/dist/module.js:22
[  325280ms] [LOG] [PostHog.js] send "$snapshot" {uuid: 019d893b-1318-7d32-bce6-19a9f88cd1ba, event: $snapshot, properties: Object, timestamp: Tue Apr 14 2026 05:14:03 GMT+0530 (India Standard Time)} @ webpack-internal:///(app-pages-browser)/../../node_modules/.pnpm/posthog-js@1.364.7/node_modules/posthog-js/dist/module.js:22
[  327303ms] [LOG] [PostHog.js] send "$snapshot" {uuid: 019d893b-1aff-7959-aeba-8cb708bdd577, event: $snapshot, properties: Object, timestamp: Tue Apr 14 2026 05:14:05 GMT+0530 (India Standard Time)} @ webpack-internal:///(app-pages-browser)/../../node_modules/.pnpm/posthog-js@1.364.7/node_modules/posthog-js/dist/module.js:22
[  329316ms] [LOG] [PostHog.js] send "$snapshot" {uuid: 019d893b-22dc-7858-acc9-cbff300f772e, event: $snapshot, properties: Object, timestamp: Tue Apr 14 2026 05:14:07 GMT+0530 (India Standard Time)} @ webpack-internal:///(app-pages-browser)/../../node_modules/.pnpm/posthog-js@1.364.7/node_modules/posthog-js/dist/module.js:22
[  372438ms] [LOG] [PostHog.js] send "$snapshot" {uuid: 019d893b-cb4e-75c9-8bbd-17b79e357953, event: $snapshot, properties: Object, timestamp: Tue Apr 14 2026 05:14:50 GMT+0530 (India Standard Time)} @ webpack-internal:///(app-pages-browser)/../../node_modules/.pnpm/posthog-js@1.364.7/node_modules/posthog-js/dist/module.js:22
[  374481ms] [LOG] [PostHog.js] send "$snapshot" {uuid: 019d893b-d34a-7267-8459-05ae6fae1bb7, event: $snapshot, properties: Object, timestamp: Tue Apr 14 2026 05:14:52 GMT+0530 (India Standard Time)} @ webpack-internal:///(app-pages-browser)/../../node_modules/.pnpm/posthog-js@1.364.7/node_modules/posthog-js/dist/module.js:22
[  396067ms] [LOG] [Fast Refresh] rebuilding @ https://us-assets.i.posthog.com/static/posthog-recorder.js?v=1.364.7:0
[  396437ms] [LOG] [Fast Refresh] done in 369ms @ https://us-assets.i.posthog.com/static/posthog-recorder.js?v=1.364.7:0
[  398070ms] [LOG] [PostHog.js] send "$snapshot" {uuid: 019d893c-2f6e-7645-8662-bb1e0304397f, event: $snapshot, properties: Object, timestamp: Tue Apr 14 2026 05:15:16 GMT+0530 (India Standard Time)} @ webpack-internal:///(app-pages-browser)/../../node_modules/.pnpm/posthog-js@1.364.7/node_modules/posthog-js/dist/module.js:22
[  403638ms] [LOG] [PostHog.js] send "$snapshot" {uuid: 019d893c-452e-740d-8d07-5584c013878a, event: $snapshot, properties: Object, timestamp: Tue Apr 14 2026 05:15:21 GMT+0530 (India Standard Time)} @ webpack-internal:///(app-pages-browser)/../../node_modules/.pnpm/posthog-js@1.364.7/node_modules/posthog-js/dist/module.js:22
[  532429ms] [LOG] [Fast Refresh] rebuilding @ https://us-assets.i.posthog.com/static/posthog-recorder.js?v=1.364.7:0
[  532673ms] [LOG] [Fast Refresh] done in 244ms @ https://us-assets.i.posthog.com/static/posthog-recorder.js?v=1.364.7:0
[  534432ms] [LOG] [PostHog.js] send "$snapshot" {uuid: 019d893e-4419-7f5a-ad56-33615778eeca, event: $snapshot, properties: Object, timestamp: Tue Apr 14 2026 05:17:32 GMT+0530 (India Standard Time)} @ webpack-internal:///(app-pages-browser)/../../node_modules/.pnpm/posthog-js@1.364.7/node_modules/posthog-js/dist/module.js:22
[  539763ms] [LOG] [Fast Refresh] rebuilding @ https://us-assets.i.posthog.com/static/posthog-recorder.js?v=1.364.7:0
[  539943ms] [LOG] [Fast Refresh] done in 180ms @ https://us-assets.i.posthog.com/static/posthog-recorder.js?v=1.364.7:0
[  539948ms] [LOG] [PostHog.js] send "$snapshot" {uuid: 019d893e-59a4-7b6b-b2fa-dc73fd776dbc, event: $snapshot, properties: Object, timestamp: Tue Apr 14 2026 05:17:38 GMT+0530 (India Standard Time)} @ webpack-internal:///(app-pages-browser)/../../node_modules/.pnpm/posthog-js@1.364.7/node_modules/posthog-js/dist/module.js:22
[  542116ms] [LOG] [PostHog.js] send "$snapshot" {uuid: 019d893e-621c-793a-b6ed-d1d83da4c7db, event: $snapshot, properties: Object, timestamp: Tue Apr 14 2026 05:17:40 GMT+0530 (India Standard Time)} @ webpack-internal:///(app-pages-browser)/../../node_modules/.pnpm/posthog-js@1.364.7/node_modules/posthog-js/dist/module.js:22
[  547135ms] [LOG] [PostHog.js] send "$snapshot" {uuid: 019d893e-75b7-729b-bb57-551485e48a48, event: $snapshot, properties: Object, timestamp: Tue Apr 14 2026 05:17:45 GMT+0530 (India Standard Time)} @ webpack-internal:///(app-pages-browser)/../../node_modules/.pnpm/posthog-js@1.364.7/node_modules/posthog-js/dist/module.js:22
[  548895ms] [LOG] [Fast Refresh] rebuilding @ https://us-assets.i.posthog.com/static/posthog-recorder.js?v=1.364.7:0
[  549078ms] [LOG] [Fast Refresh] done in 184ms @ https://us-assets.i.posthog.com/static/posthog-recorder.js?v=1.364.7:0
[  550898ms] [LOG] [PostHog.js] send "$snapshot" {uuid: 019d893e-846a-75a2-b3f1-2e01572bcf5d, event: $snapshot, properties: Object, timestamp: Tue Apr 14 2026 05:17:48 GMT+0530 (India Standard Time)} @ webpack-internal:///(app-pages-browser)/../../node_modules/.pnpm/posthog-js@1.364.7/node_modules/posthog-js/dist/module.js:22
[  556417ms] [LOG] [PostHog.js] send "$snapshot" {uuid: 019d893e-99fa-760d-85b8-cc2c5d4ed21d, event: $snapshot, properties: Object, timestamp: Tue Apr 14 2026 05:17:54 GMT+0530 (India Standard Time)} @ webpack-internal:///(app-pages-browser)/../../node_modules/.pnpm/posthog-js@1.364.7/node_modules/posthog-js/dist/module.js:22
[  556711ms] [LOG] [Fast Refresh] rebuilding @ https://us-assets.i.posthog.com/static/posthog-recorder.js?v=1.364.7:0
[  556897ms] [LOG] [Fast Refresh] done in 185ms @ https://us-assets.i.posthog.com/static/posthog-recorder.js?v=1.364.7:0
[  558713ms] [LOG] [PostHog.js] send "$snapshot" {uuid: 019d893e-a2f1-742c-a144-eb0c760c26d5, event: $snapshot, properties: Object, timestamp: Tue Apr 14 2026 05:17:56 GMT+0530 (India Standard Time)} @ webpack-internal:///(app-pages-browser)/../../node_modules/.pnpm/posthog-js@1.364.7/node_modules/posthog-js/dist/module.js:22
[  564085ms] [LOG] [PostHog.js] send "$snapshot" {uuid: 019d893e-b7ee-7106-9fe3-bcb1da31c4af, event: $snapshot, properties: Object, timestamp: Tue Apr 14 2026 05:18:02 GMT+0530 (India Standard Time)} @ webpack-internal:///(app-pages-browser)/../../node_modules/.pnpm/posthog-js@1.364.7/node_modules/posthog-js/dist/module.js:22
[  581159ms] [LOG] [Fast Refresh] rebuilding @ https://us-assets.i.posthog.com/static/posthog-recorder.js?v=1.364.7:0
[  581395ms] [WARNING] [Fast Refresh] performing full reload

Fast Refresh will perform a full reload when you edit a file that's imported by modules outside of the React rendering tree.
You might have a file which exports a React component but also exports a value that is imported by a non-React component file.
Consider migrating the non-React component export to a separate file and importing it into both files.

It is also possible the parent component of the component you edited is a class component, which disables Fast Refresh.
Fast Refresh requires at least one parent function component in your React tree. @ https://us-assets.i.posthog.com/static/posthog-recorder.js?v=1.364.7:0
[  581396ms] [LOG] [PostHog.js] send "$snapshot" {uuid: 019d893e-fb8c-7f3a-beb3-35e7e4d3da37, event: $snapshot, properties: Object, timestamp: Tue Apr 14 2026 05:18:19 GMT+0530 (India Standard Time)} @ webpack-internal:///(app-pages-browser)/../../node_modules/.pnpm/posthog-js@1.364.7/node_modules/posthog-js/dist/module.js:22
[  581829ms] [LOG] [PostHog.js] send "$pageleave" {uuid: 019d893e-fd3d-7523-9eb0-ae74599ef851, event: $pageleave, properties: Object, timestamp: Tue Apr 14 2026 05:18:19 GMT+0530 (India Standard Time)} @ webpack-internal:///(app-pages-browser)/../../node_modules/.pnpm/posthog-js@1.364.7/node_modules/posthog-js/dist/module.js:22
[  582416ms] [LOG] [GTM Event] clear_ecommerce {ecommerce: null} @ webpack-internal:///(app-pages-browser)/./lib/hooks/useGTM.ts:16
[  582417ms] [LOG] [GTM Event] view_item {ecommerce: Object} @ webpack-internal:///(app-pages-browser)/./lib/hooks/useGTM.ts:16
[  582419ms] [LOG] [AuthProvider] Mounting, starting hydration @ webpack-internal:///(app-pages-browser)/./components/providers/AuthProvider.tsx:35
[  582419ms] [LOG] [auth-store] isFreshLogin: false URL: http://localhost:3000/services/gst-registration @ webpack-internal:///(app-pages-browser)/./lib/stores/auth-store.ts:205
[  582419ms] [LOG] [auth-store] refreshSession starting @ webpack-internal:///(app-pages-browser)/./lib/stores/auth-store.ts:209
[  582618ms] [LOG] [auth-store] getSession result: no session @ webpack-internal:///(app-pages-browser)/./lib/stores/auth-store.ts:213
[  582628ms] [LOG] [AuthProvider] Initial hydration complete @ webpack-internal:///(app-pages-browser)/./components/providers/AuthProvider.tsx:40
[  582631ms] [LOG] [AuthProvider] Auth event: INITIAL_SESSION @ webpack-internal:///(app-pages-browser)/./components/providers/AuthProvider.tsx:46
[  582634ms] [LOG] [PostHog.js] set_config {config: Object, oldConfig: Object, newConfig: Object} @ webpack-internal:///(app-pages-browser)/../../node_modules/.pnpm/posthog-js@1.364.7/node_modules/posthog-js/dist/module.js:22
[  582634ms] [LOG] [PostHog.js] Persistence loaded localStorage+cookie {$device_id: 019d5401-510f-7d21-a410-204e78f58700, distinct_id: 019d5401-510f-7d21-a410-204e78f58700, $sesid: Array(3), $initial_person_info: Object, $user_state: anonymous} @ webpack-internal:///(app-pages-browser)/../../node_modules/.pnpm/posthog-js@1.364.7/node_modules/posthog-js/dist/module.js:22
[  582635ms] [LOG] [PostHog.js] Persistence loaded sessionStorage {$sdk_debug_extensions_init_method: synchronous, $sdk_debug_extensions_init_time_ms: 1, $sdk_debug_replay_remote_trigger_matching_config: null, $sdk_debug_replay_event_trigger_status: trigger_disabled, $sdk_debug_replay_url_trigger_status: trigger_disabled} @ webpack-internal:///(app-pages-browser)/../../node_modules/.pnpm/posthog-js@1.364.7/node_modules/posthog-js/dist/module.js:22
[  582635ms] [LOG] [PostHog.js] Initializing extensions synchronously @ webpack-internal:///(app-pages-browser)/../../node_modules/.pnpm/posthog-js@1.364.7/node_modules/posthog-js/dist/module.js:22
[  582636ms] [LOG] [PostHog.js] [Web Vitals] enabled, starting... @ webpack-internal:///(app-pages-browser)/../../node_modules/.pnpm/posthog-js@1.364.7/node_modules/posthog-js/dist/module.js:22
[  582636ms] [LOG] [PostHog.js] [SessionRecording] starting @ webpack-internal:///(app-pages-browser)/../../node_modules/.pnpm/posthog-js@1.364.7/node_modules/posthog-js/dist/module.js:22
[  582637ms] [LOG] [PostHog.js] [Heatmaps] starting... @ webpack-internal:///(app-pages-browser)/../../node_modules/.pnpm/posthog-js@1.364.7/node_modules/posthog-js/dist/module.js:22
[  582637ms] [LOG] [PostHog.js] Starting in debug mode {this: _n, config: Object, thisC: Object, p: Object, s: Object} @ webpack-internal:///(app-pages-browser)/../../node_modules/.pnpm/posthog-js@1.364.7/node_modules/posthog-js/dist/module.js:22
[  582637ms] [LOG] You're now in debug mode. All calls to PostHog will be logged in your console.
You can disable this with `posthog.debug(false)`. @ webpack-internal:///(app-pages-browser)/../../node_modules/.pnpm/posthog-js@1.364.7/node_modules/posthog-js/dist/module.js:22
[  582637ms] [LOG] [PostHog.js] Persistence loaded sessionStorage {$sdk_debug_extensions_init_method: synchronous, $sdk_debug_extensions_init_time_ms: 1, $sdk_debug_replay_remote_trigger_matching_config: null, $sdk_debug_replay_event_trigger_status: trigger_disabled, $sdk_debug_replay_url_trigger_status: trigger_disabled} @ webpack-internal:///(app-pages-browser)/../../node_modules/.pnpm/posthog-js@1.364.7/node_modules/posthog-js/dist/module.js:22
[  582637ms] [LOG] [PostHog.js] set_config {config: Object, oldConfig: Object, newConfig: Object} @ webpack-internal:///(app-pages-browser)/../../node_modules/.pnpm/posthog-js@1.364.7/node_modules/posthog-js/dist/module.js:22
[  582637ms] [LOG] [PostHog.js] [SessionRecording] starting @ webpack-internal:///(app-pages-browser)/../../node_modules/.pnpm/posthog-js@1.364.7/node_modules/posthog-js/dist/module.js:22
[  582670ms] [LOG] [PostHog.js] [Dead Clicks] starting... @ webpack-internal:///(app-pages-browser)/../../node_modules/.pnpm/posthog-js@1.364.7/node_modules/posthog-js/dist/module.js:22
[  582671ms] [LOG] [PostHog.js] Persistence loaded sessionStorage {$sdk_debug_extensions_init_method: synchronous, $sdk_debug_extensions_init_time_ms: 1, $sdk_debug_replay_remote_trigger_matching_config: null, $sdk_debug_replay_event_trigger_status: trigger_disabled, $sdk_debug_replay_url_trigger_status: trigger_disabled} @ webpack-internal:///(app-pages-browser)/../../node_modules/.pnpm/posthog-js@1.364.7/node_modules/posthog-js/dist/module.js:22
[  582671ms] [LOG] [PostHog.js] set_config {config: Object, oldConfig: Object, newConfig: Object} @ webpack-internal:///(app-pages-browser)/../../node_modules/.pnpm/posthog-js@1.364.7/node_modules/posthog-js/dist/module.js:22
[  582671ms] [LOG] [PostHog.js] [Surveys] flags response received, isSurveysEnabled: false @ webpack-internal:///(app-pages-browser)/../../node_modules/.pnpm/posthog-js@1.364.7/node_modules/posthog-js/dist/module.js:22
[  582671ms] [LOG] [PostHog.js] [Web Vitals] enabled, starting... @ webpack-internal:///(app-pages-browser)/../../node_modules/.pnpm/posthog-js@1.364.7/node_modules/posthog-js/dist/module.js:22
[  583841ms] [LOG] [PostHog.js] [Surveys] Surveys loaded successfully @ webpack-internal:///(app-pages-browser)/../../node_modules/.pnpm/posthog-js@1.364.7/node_modules/posthog-js/dist/module.js:22
[  587974ms] [LOG] [PostHog.js] send "$web_vitals" {uuid: 019d893f-153d-773e-958d-7a50a351a635, event: $web_vitals, properties: Object, timestamp: Tue Apr 14 2026 05:18:26 GMT+0530 (India Standard Time)} @ webpack-internal:///(app-pages-browser)/../../node_modules/.pnpm/posthog-js@1.364.7/node_modules/posthog-js/dist/module.js:22
[  588693ms] [LOG] [PostHog.js] send "$snapshot" {uuid: 019d893f-180e-74b5-8a7c-5410b33c83e8, event: $snapshot, properties: Object, timestamp: Tue Apr 14 2026 05:18:26 GMT+0530 (India Standard Time)} @ webpack-internal:///(app-pages-browser)/../../node_modules/.pnpm/posthog-js@1.364.7/node_modules/posthog-js/dist/module.js:22
[  597639ms] [LOG] [PostHog.js] send "$$heatmap" {uuid: 019d893f-3aff-7e2d-adc8-ad6a56717414, event: $$heatmap, properties: Object, timestamp: Tue Apr 14 2026 05:18:35 GMT+0530 (India Standard Time)} @ webpack-internal:///(app-pages-browser)/../../node_modules/.pnpm/posthog-js@1.364.7/node_modules/posthog-js/dist/module.js:22
[  598472ms] [LOG] [PostHog.js] send "$snapshot" {uuid: 019d893f-3e40-7f56-b49b-ebbf760164de, event: $snapshot, properties: Object, timestamp: Tue Apr 14 2026 05:18:36 GMT+0530 (India Standard Time)} @ webpack-internal:///(app-pages-browser)/../../node_modules/.pnpm/posthog-js@1.364.7/node_modules/posthog-js/dist/module.js:22
[  600168ms] [LOG] [Fast Refresh] rebuilding @ https://us-assets.i.posthog.com/static/posthog-recorder.js?v=1.364.7:0
[  600461ms] [LOG] [Fast Refresh] done in 294ms @ https://us-assets.i.posthog.com/static/posthog-recorder.js?v=1.364.7:0
[  600481ms] [LOG] [PostHog.js] send "$snapshot" {uuid: 019d893f-461a-774b-956a-b285a31ac8b2, event: $snapshot, properties: Object, timestamp: Tue Apr 14 2026 05:18:38 GMT+0530 (India Standard Time)} @ webpack-internal:///(app-pages-browser)/../../node_modules/.pnpm/posthog-js@1.364.7/node_modules/posthog-js/dist/module.js:22
[  602400ms] [LOG] [PostHog.js] send "$web_vitals" {uuid: 019d893f-4d98-7f82-947b-fc4f2ecc486e, event: $web_vitals, properties: Object, timestamp: Tue Apr 14 2026 05:18:40 GMT+0530 (India Standard Time)} @ webpack-internal:///(app-pages-browser)/../../node_modules/.pnpm/posthog-js@1.364.7/node_modules/posthog-js/dist/module.js:22
[  602500ms] [LOG] [PostHog.js] send "$snapshot" {uuid: 019d893f-4dfc-788b-be37-d96a627fdbb1, event: $snapshot, properties: Object, timestamp: Tue Apr 14 2026 05:18:40 GMT+0530 (India Standard Time)} @ webpack-internal:///(app-pages-browser)/../../node_modules/.pnpm/posthog-js@1.364.7/node_modules/posthog-js/dist/module.js:22
[  603162ms] [LOG] [PostHog.js] send "$autocapture" {uuid: 019d893f-5092-76ba-b6e9-bee39db1b798, event: $autocapture, properties: Object, timestamp: Tue Apr 14 2026 05:18:41 GMT+0530 (India Standard Time)} @ webpack-internal:///(app-pages-browser)/../../node_modules/.pnpm/posthog-js@1.364.7/node_modules/posthog-js/dist/module.js:22
[  604128ms] [LOG] [PostHog.js] send "$autocapture" {uuid: 019d893f-5458-7c9e-b009-e5c9920d94d6, event: $autocapture, properties: Object, timestamp: Tue Apr 14 2026 05:18:42 GMT+0530 (India Standard Time)} @ webpack-internal:///(app-pages-browser)/../../node_modules/.pnpm/posthog-js@1.364.7/node_modules/posthog-js/dist/module.js:22
[  604831ms] [LOG] [PostHog.js] send "$snapshot" {uuid: 019d893f-5718-7837-aaa2-b00f620621a4, event: $snapshot, properties: Object, timestamp: Tue Apr 14 2026 05:18:42 GMT+0530 (India Standard Time)} @ webpack-internal:///(app-pages-browser)/../../node_modules/.pnpm/posthog-js@1.364.7/node_modules/posthog-js/dist/module.js:22
[  606988ms] [LOG] [PostHog.js] send "$snapshot" {uuid: 019d893f-5f85-72b7-b278-e93fd75f7c94, event: $snapshot, properties: Object, timestamp: Tue Apr 14 2026 05:18:45 GMT+0530 (India Standard Time)} @ webpack-internal:///(app-pages-browser)/../../node_modules/.pnpm/posthog-js@1.364.7/node_modules/posthog-js/dist/module.js:22
[  607639ms] [LOG] [PostHog.js] send "$$heatmap" {uuid: 019d893f-620f-7309-b2f2-a7c1c07fa469, event: $$heatmap, properties: Object, timestamp: Tue Apr 14 2026 05:18:45 GMT+0530 (India Standard Time)} @ webpack-internal:///(app-pages-browser)/../../node_modules/.pnpm/posthog-js@1.364.7/node_modules/posthog-js/dist/module.js:22
[  612019ms] [LOG] [PostHog.js] send "$snapshot" {uuid: 019d893f-732c-7600-ac20-4fdf17106eb1, event: $snapshot, properties: Object, timestamp: Tue Apr 14 2026 05:18:50 GMT+0530 (India Standard Time)} @ webpack-internal:///(app-pages-browser)/../../node_modules/.pnpm/posthog-js@1.364.7/node_modules/posthog-js/dist/module.js:22
[  612639ms] [LOG] [PostHog.js] send "$$heatmap" {uuid: 019d893f-7597-7e73-bedc-237d605ebad1, event: $$heatmap, properties: Object, timestamp: Tue Apr 14 2026 05:18:50 GMT+0530 (India Standard Time)} @ webpack-internal:///(app-pages-browser)/../../node_modules/.pnpm/posthog-js@1.364.7/node_modules/posthog-js/dist/module.js:22
[  614099ms] [LOG] [PostHog.js] send "$snapshot" {uuid: 019d893f-7b4b-79a2-b6fc-487daa896ff2, event: $snapshot, properties: Object, timestamp: Tue Apr 14 2026 05:18:52 GMT+0530 (India Standard Time)} @ webpack-internal:///(app-pages-browser)/../../node_modules/.pnpm/posthog-js@1.364.7/node_modules/posthog-js/dist/module.js:22
[  616152ms] [LOG] [PostHog.js] send "$snapshot" {uuid: 019d893f-8350-772e-b40f-e3747892ad47, event: $snapshot, properties: Object, timestamp: Tue Apr 14 2026 05:18:54 GMT+0530 (India Standard Time)} @ webpack-internal:///(app-pages-browser)/../../node_modules/.pnpm/posthog-js@1.364.7/node_modules/posthog-js/dist/module.js:22
[  618234ms] [LOG] [PostHog.js] send "$snapshot" {uuid: 019d893f-8b72-7bc2-bf6e-f631662a9d13, event: $snapshot, properties: Object, timestamp: Tue Apr 14 2026 05:18:56 GMT+0530 (India Standard Time)} @ webpack-internal:///(app-pages-browser)/../../node_modules/.pnpm/posthog-js@1.364.7/node_modules/posthog-js/dist/module.js:22
[  621468ms] [LOG] [PostHog.js] send "$snapshot" {uuid: 019d893f-9815-7a50-ab11-8f061f009ac9, event: $snapshot, properties: Object, timestamp: Tue Apr 14 2026 05:18:59 GMT+0530 (India Standard Time)} @ webpack-internal:///(app-pages-browser)/../../node_modules/.pnpm/posthog-js@1.364.7/node_modules/posthog-js/dist/module.js:22
[  622639ms] [LOG] [PostHog.js] send "$$heatmap" {uuid: 019d893f-9ca7-7650-8d9a-45907aae2a2a, event: $$heatmap, properties: Object, timestamp: Tue Apr 14 2026 05:19:00 GMT+0530 (India Standard Time)} @ webpack-internal:///(app-pages-browser)/../../node_modules/.pnpm/posthog-js@1.364.7/node_modules/posthog-js/dist/module.js:22
[  626261ms] [LOG] [PostHog.js] send "$snapshot" {uuid: 019d893f-aacd-703d-8a90-d6e0a1c597f6, event: $snapshot, properties: Object, timestamp: Tue Apr 14 2026 05:19:04 GMT+0530 (India Standard Time)} @ webpack-internal:///(app-pages-browser)/../../node_modules/.pnpm/posthog-js@1.364.7/node_modules/posthog-js/dist/module.js:22
[  629585ms] [LOG] [PostHog.js] send "$snapshot" {uuid: 019d893f-b7c9-72ee-ab9f-4419f9d20691, event: $snapshot, properties: Object, timestamp: Tue Apr 14 2026 05:19:07 GMT+0530 (India Standard Time)} @ webpack-internal:///(app-pages-browser)/../../node_modules/.pnpm/posthog-js@1.364.7/node_modules/posthog-js/dist/module.js:22
[  631675ms] [LOG] [PostHog.js] send "$snapshot" {uuid: 019d893f-bff3-7782-abb1-131dc89ea706, event: $snapshot, properties: Object, timestamp: Tue Apr 14 2026 05:19:09 GMT+0530 (India Standard Time)} @ webpack-internal:///(app-pages-browser)/../../node_modules/.pnpm/posthog-js@1.364.7/node_modules/posthog-js/dist/module.js:22
[  633089ms] [LOG] [PostHog.js] send "$autocapture" {uuid: 019d893f-c578-7d25-8ee1-9c2a6db8cdb4, event: $autocapture, properties: Object, timestamp: Tue Apr 14 2026 05:19:11 GMT+0530 (India Standard Time)} @ webpack-internal:///(app-pages-browser)/../../node_modules/.pnpm/posthog-js@1.364.7/node_modules/posthog-js/dist/module.js:22
[  633976ms] [LOG] [PostHog.js] send "$snapshot" {uuid: 019d893f-c8f0-7f5a-8d8b-a31ae111adc3, event: $snapshot, properties: Object, timestamp: Tue Apr 14 2026 05:19:12 GMT+0530 (India Standard Time)} @ webpack-internal:///(app-pages-browser)/../../node_modules/.pnpm/posthog-js@1.364.7/node_modules/posthog-js/dist/module.js:22
[  634321ms] [LOG] [PostHog.js] send "$rageclick" {uuid: 019d893f-ca49-7f66-b784-c34c6017b5fb, event: $rageclick, properties: Object, timestamp: Tue Apr 14 2026 05:19:12 GMT+0530 (India Standard Time)} @ webpack-internal:///(app-pages-browser)/../../node_modules/.pnpm/posthog-js@1.364.7/node_modules/posthog-js/dist/module.js:22
[  634322ms] [LOG] [PostHog.js] send "$autocapture" {uuid: 019d893f-ca4b-76f3-9336-a6102802bb2f, event: $autocapture, properties: Object, timestamp: Tue Apr 14 2026 05:19:12 GMT+0530 (India Standard Time)} @ webpack-internal:///(app-pages-browser)/../../node_modules/.pnpm/posthog-js@1.364.7/node_modules/posthog-js/dist/module.js:22
[  636236ms] [LOG] [PostHog.js] send "$snapshot" {uuid: 019d893f-d1c5-7dfb-a0b8-eaf181069642, event: $snapshot, properties: Object, timestamp: Tue Apr 14 2026 05:19:14 GMT+0530 (India Standard Time)} @ webpack-internal:///(app-pages-browser)/../../node_modules/.pnpm/posthog-js@1.364.7/node_modules/posthog-js/dist/module.js:22
[  637640ms] [LOG] [PostHog.js] send "$$heatmap" {uuid: 019d893f-d73f-7d4c-911a-4fa38aed8f3d, event: $$heatmap, properties: Object, timestamp: Tue Apr 14 2026 05:19:15 GMT+0530 (India Standard Time)} @ webpack-internal:///(app-pages-browser)/../../node_modules/.pnpm/posthog-js@1.364.7/node_modules/posthog-js/dist/module.js:22
[  638266ms] [LOG] [PostHog.js] send "$snapshot" {uuid: 019d893f-d9b3-7464-826b-c81fa81eb8f0, event: $snapshot, properties: Object, timestamp: Tue Apr 14 2026 05:19:16 GMT+0530 (India Standard Time)} @ webpack-internal:///(app-pages-browser)/../../node_modules/.pnpm/posthog-js@1.364.7/node_modules/posthog-js/dist/module.js:22
[  639679ms] [LOG] [PostHog.js] send "$autocapture" {uuid: 019d893f-df37-7426-a7ff-196d1d7747a6, event: $autocapture, properties: Object, timestamp: Tue Apr 14 2026 05:19:17 GMT+0530 (India Standard Time)} @ webpack-internal:///(app-pages-browser)/../../node_modules/.pnpm/posthog-js@1.364.7/node_modules/posthog-js/dist/module.js:22
[  640039ms] [LOG] [PostHog.js] send "$autocapture" {uuid: 019d893f-e09f-7d78-9415-cde8827b094e, event: $autocapture, properties: Object, timestamp: Tue Apr 14 2026 05:19:18 GMT+0530 (India Standard Time)} @ webpack-internal:///(app-pages-browser)/../../node_modules/.pnpm/posthog-js@1.364.7/node_modules/posthog-js/dist/module.js:22
[  640690ms] [LOG] [PostHog.js] send "$snapshot" {uuid: 019d893f-e32a-7de2-87ef-9f3504b7dce4, event: $snapshot, properties: Object, timestamp: Tue Apr 14 2026 05:19:18 GMT+0530 (India Standard Time)} @ webpack-internal:///(app-pages-browser)/../../node_modules/.pnpm/posthog-js@1.364.7/node_modules/posthog-js/dist/module.js:22
[  642640ms] [LOG] [PostHog.js] send "$$heatmap" {uuid: 019d893f-eac7-7666-b770-d7627c8c7e4b, event: $$heatmap, properties: Object, timestamp: Tue Apr 14 2026 05:19:20 GMT+0530 (India Standard Time)} @ webpack-internal:///(app-pages-browser)/../../node_modules/.pnpm/posthog-js@1.364.7/node_modules/posthog-js/dist/module.js:22
[  643001ms] [LOG] [PostHog.js] send "$snapshot" {uuid: 019d893f-ec31-7464-b853-2d9932dc9796, event: $snapshot, properties: Object, timestamp: Tue Apr 14 2026 05:19:21 GMT+0530 (India Standard Time)} @ webpack-internal:///(app-pages-browser)/../../node_modules/.pnpm/posthog-js@1.364.7/node_modules/posthog-js/dist/module.js:22
[  645487ms] [LOG] [PostHog.js] send "$snapshot" {uuid: 019d893f-f5e7-7a6b-9bee-c89a95c48eca, event: $snapshot, properties: Object, timestamp: Tue Apr 14 2026 05:19:23 GMT+0530 (India Standard Time)} @ webpack-internal:///(app-pages-browser)/../../node_modules/.pnpm/posthog-js@1.364.7/node_modules/posthog-js/dist/module.js:22
[  647639ms] [LOG] [PostHog.js] send "$$heatmap" {uuid: 019d893f-fe4f-7827-af54-750911bfc7ef, event: $$heatmap, properties: Object, timestamp: Tue Apr 14 2026 05:19:25 GMT+0530 (India Standard Time)} @ webpack-internal:///(app-pages-browser)/../../node_modules/.pnpm/posthog-js@1.364.7/node_modules/posthog-js/dist/module.js:22
[  665708ms] [LOG] [PostHog.js] send "$snapshot" {uuid: 019d8940-44e5-77f1-a3a2-d5c0334966ec, event: $snapshot, properties: Object, timestamp: Tue Apr 14 2026 05:19:43 GMT+0530 (India Standard Time)} @ webpack-internal:///(app-pages-browser)/../../node_modules/.pnpm/posthog-js@1.364.7/node_modules/posthog-js/dist/module.js:22
[  667642ms] [LOG] [PostHog.js] send "$$heatmap" {uuid: 019d8940-4c70-7eee-afca-00b0b5fc73fc, event: $$heatmap, properties: Object, timestamp: Tue Apr 14 2026 05:19:45 GMT+0530 (India Standard Time)} @ webpack-internal:///(app-pages-browser)/../../node_modules/.pnpm/posthog-js@1.364.7/node_modules/posthog-js/dist/module.js:22
[  667729ms] [LOG] [PostHog.js] send "$snapshot" {uuid: 019d8940-4cc9-71e0-8251-d745dc120b91, event: $snapshot, properties: Object, timestamp: Tue Apr 14 2026 05:19:45 GMT+0530 (India Standard Time)} @ webpack-internal:///(app-pages-browser)/../../node_modules/.pnpm/posthog-js@1.364.7/node_modules/posthog-js/dist/module.js:22
[  674775ms] [LOG] [PostHog.js] send "$snapshot" {uuid: 019d8940-684f-73bc-b623-07682ae467d4, event: $snapshot, properties: Object, timestamp: Tue Apr 14 2026 05:19:52 GMT+0530 (India Standard Time)} @ webpack-internal:///(app-pages-browser)/../../node_modules/.pnpm/posthog-js@1.364.7/node_modules/posthog-js/dist/module.js:22
[  677563ms] [LOG] [PostHog.js] send "$snapshot" {uuid: 019d8940-7334-7e38-963f-1dc6c5f52763, event: $snapshot, properties: Object, timestamp: Tue Apr 14 2026 05:19:55 GMT+0530 (India Standard Time)} @ webpack-internal:///(app-pages-browser)/../../node_modules/.pnpm/posthog-js@1.364.7/node_modules/posthog-js/dist/module.js:22
[  677640ms] [LOG] [PostHog.js] send "$$heatmap" {uuid: 019d8940-737f-7ea6-81c8-c362fdb1655a, event: $$heatmap, properties: Object, timestamp: Tue Apr 14 2026 05:19:55 GMT+0530 (India Standard Time)} @ webpack-internal:///(app-pages-browser)/../../node_modules/.pnpm/posthog-js@1.364.7/node_modules/posthog-js/dist/module.js:22
[  678165ms] [LOG] [PostHog.js] send "$autocapture" {uuid: 019d8940-758d-7df7-933d-574dbe08e8cb, event: $autocapture, properties: Object, timestamp: Tue Apr 14 2026 05:19:56 GMT+0530 (India Standard Time)} @ webpack-internal:///(app-pages-browser)/../../node_modules/.pnpm/posthog-js@1.364.7/node_modules/posthog-js/dist/module.js:22
[  678724ms] [LOG] [PostHog.js] send "$autocapture" {uuid: 019d8940-77bc-7ae0-acf3-4b3815c3d70b, event: $autocapture, properties: Object, timestamp: Tue Apr 14 2026 05:19:56 GMT+0530 (India Standard Time)} @ webpack-internal:///(app-pages-browser)/../../node_modules/.pnpm/posthog-js@1.364.7/node_modules/posthog-js/dist/module.js:22
[  679030ms] [LOG] [Fast Refresh] rebuilding @ https://us-assets.i.posthog.com/static/posthog-recorder.js?v=1.364.7:0
[  679732ms] [LOG] [Fast Refresh] done in 701ms @ https://us-assets.i.posthog.com/static/posthog-recorder.js?v=1.364.7:0
[  679877ms] [LOG] [PostHog.js] send "$pageview" {uuid: 019d8940-7c3e-74a8-8940-2ddb7d0a6288, event: $pageview, properties: Object, timestamp: Tue Apr 14 2026 05:19:57 GMT+0530 (India Standard Time)} @ webpack-internal:///(app-pages-browser)/../../node_modules/.pnpm/posthog-js@1.364.7/node_modules/posthog-js/dist/module.js:22
[  680115ms] [LOG] [PostHog.js] send "$snapshot" {uuid: 019d8940-7d2c-7456-bff2-4dfea40c4254, event: $snapshot, properties: Object, timestamp: Tue Apr 14 2026 05:19:58 GMT+0530 (India Standard Time)} @ webpack-internal:///(app-pages-browser)/../../node_modules/.pnpm/posthog-js@1.364.7/node_modules/posthog-js/dist/module.js:22
[  680741ms] [LOG] [PostHog.js] send "$autocapture" {uuid: 019d8940-7f9d-7bef-ab68-6c0a47726d55, event: $autocapture, properties: Object, timestamp: Tue Apr 14 2026 05:19:58 GMT+0530 (India Standard Time)} @ webpack-internal:///(app-pages-browser)/../../node_modules/.pnpm/posthog-js@1.364.7/node_modules/posthog-js/dist/module.js:22
[  681340ms] [LOG] [PostHog.js] send "$autocapture" {uuid: 019d8940-81f4-7a3e-8707-8029d75b533e, event: $autocapture, properties: Object, timestamp: Tue Apr 14 2026 05:19:59 GMT+0530 (India Standard Time)} @ webpack-internal:///(app-pages-browser)/../../node_modules/.pnpm/posthog-js@1.364.7/node_modules/posthog-js/dist/module.js:22
[  681438ms] [LOG] [Fast Refresh] rebuilding @ https://us-assets.i.posthog.com/static/posthog-recorder.js?v=1.364.7:0
[  681861ms] [LOG] [Fast Refresh] done in 423ms @ https://us-assets.i.posthog.com/static/posthog-recorder.js?v=1.364.7:0
[  682007ms] [LOG] [PostHog.js] send "$pageview" {uuid: 019d8940-848f-7fe1-b5bf-801b05ddac3f, event: $pageview, properties: Object, timestamp: Tue Apr 14 2026 05:20:00 GMT+0530 (India Standard Time)} @ webpack-internal:///(app-pages-browser)/../../node_modules/.pnpm/posthog-js@1.364.7/node_modules/posthog-js/dist/module.js:22
[  682052ms] [LOG] [PostHog.js] send "$pageview" {uuid: 019d8940-84bc-7786-858f-b981b0c58dce, event: $pageview, properties: Object, timestamp: Tue Apr 14 2026 05:20:00 GMT+0530 (India Standard Time)} @ webpack-internal:///(app-pages-browser)/../../node_modules/.pnpm/posthog-js@1.364.7/node_modules/posthog-js/dist/module.js:22
[  682164ms] [LOG] [PostHog.js] send "$snapshot" {uuid: 019d8940-852d-7867-a0d2-5f456dba8833, event: $snapshot, properties: Object, timestamp: Tue Apr 14 2026 05:20:00 GMT+0530 (India Standard Time)} @ webpack-internal:///(app-pages-browser)/../../node_modules/.pnpm/posthog-js@1.364.7/node_modules/posthog-js/dist/module.js:22
[  682640ms] [LOG] [PostHog.js] send "$$heatmap" {uuid: 019d8940-8708-7e78-8f68-f050a7bec829, event: $$heatmap, properties: Object, timestamp: Tue Apr 14 2026 05:20:00 GMT+0530 (India Standard Time)} @ webpack-internal:///(app-pages-browser)/../../node_modules/.pnpm/posthog-js@1.364.7/node_modules/posthog-js/dist/module.js:22
[  684751ms] [LOG] [PostHog.js] send "$snapshot" {uuid: 019d8940-8f48-7c24-b6b5-35e9c294cbc3, event: $snapshot, properties: Object, timestamp: Tue Apr 14 2026 05:20:02 GMT+0530 (India Standard Time)} @ webpack-internal:///(app-pages-browser)/../../node_modules/.pnpm/posthog-js@1.364.7/node_modules/posthog-js/dist/module.js:22
[  687641ms] [LOG] [PostHog.js] send "$$heatmap" {uuid: 019d8940-9a90-718f-babc-d507b3cc1543, event: $$heatmap, properties: Object, timestamp: Tue Apr 14 2026 05:20:05 GMT+0530 (India Standard Time)} @ webpack-internal:///(app-pages-browser)/../../node_modules/.pnpm/posthog-js@1.364.7/node_modules/posthog-js/dist/module.js:22
[  687869ms] [LOG] [PostHog.js] send "$snapshot" {uuid: 019d8940-9b75-7772-a2e9-9c72f101ebb8, event: $snapshot, properties: Object, timestamp: Tue Apr 14 2026 05:20:05 GMT+0530 (India Standard Time)} @ webpack-internal:///(app-pages-browser)/../../node_modules/.pnpm/posthog-js@1.364.7/node_modules/posthog-js/dist/module.js:22
[  694932ms] [LOG] [PostHog.js] send "$autocapture" {uuid: 019d8940-b70c-7626-9d0f-d55c9741dfae, event: $autocapture, properties: Object, timestamp: Tue Apr 14 2026 05:20:13 GMT+0530 (India Standard Time)} @ webpack-internal:///(app-pages-browser)/../../node_modules/.pnpm/posthog-js@1.364.7/node_modules/posthog-js/dist/module.js:22
[  695345ms] [LOG] [Fast Refresh] rebuilding @ https://us-assets.i.posthog.com/static/posthog-recorder.js?v=1.364.7:0
[  695609ms] [LOG] [Fast Refresh] done in 264ms @ https://us-assets.i.posthog.com/static/posthog-recorder.js?v=1.364.7:0
[  695983ms] [LOG] [PostHog.js] send "$pageview" {uuid: 019d8940-bb27-7dce-953f-e63d82cea072, event: $pageview, properties: Object, timestamp: Tue Apr 14 2026 05:20:14 GMT+0530 (India Standard Time)} @ webpack-internal:///(app-pages-browser)/../../node_modules/.pnpm/posthog-js@1.364.7/node_modules/posthog-js/dist/module.js:22
[  696109ms] [LOG] [PostHog.js] send "$snapshot" {uuid: 019d8940-bba5-7a96-b2d1-75604bbe4dbd, event: $snapshot, properties: Object, timestamp: Tue Apr 14 2026 05:20:14 GMT+0530 (India Standard Time)} @ webpack-internal:///(app-pages-browser)/../../node_modules/.pnpm/posthog-js@1.364.7/node_modules/posthog-js/dist/module.js:22
[  696796ms] [LOG] [PostHog.js] send "$pageview" {uuid: 019d8940-be54-78e5-9b3c-81039b17a4da, event: $pageview, properties: Object, timestamp: Tue Apr 14 2026 05:20:14 GMT+0530 (India Standard Time)} @ webpack-internal:///(app-pages-browser)/../../node_modules/.pnpm/posthog-js@1.364.7/node_modules/posthog-js/dist/module.js:22
[  696797ms] [LOG] [GTM Event] clear_ecommerce {ecommerce: null} @ https://us-assets.i.posthog.com/static/posthog-recorder.js?v=1.364.7:0
[  696797ms] [LOG] [GTM Event] view_item {ecommerce: Object} @ https://us-assets.i.posthog.com/static/posthog-recorder.js?v=1.364.7:0
[  696799ms] [LOG] [GTM Event] clear_ecommerce {ecommerce: null} @ https://us-assets.i.posthog.com/static/posthog-recorder.js?v=1.364.7:0
[  696799ms] [LOG] [GTM Event] view_item {ecommerce: Object} @ https://us-assets.i.posthog.com/static/posthog-recorder.js?v=1.364.7:0
[  697640ms] [LOG] [PostHog.js] send "$$heatmap" {uuid: 019d8940-c1a0-7e05-b112-946ab3448681, event: $$heatmap, properties: Object, timestamp: Tue Apr 14 2026 05:20:15 GMT+0530 (India Standard Time)} @ webpack-internal:///(app-pages-browser)/../../node_modules/.pnpm/posthog-js@1.364.7/node_modules/posthog-js/dist/module.js:22
[  698438ms] [LOG] [PostHog.js] send "$snapshot" {uuid: 019d8940-c4bf-7b01-b37d-447dd00bfcb1, event: $snapshot, properties: Object, timestamp: Tue Apr 14 2026 05:20:16 GMT+0530 (India Standard Time)} @ webpack-internal:///(app-pages-browser)/../../node_modules/.pnpm/posthog-js@1.364.7/node_modules/posthog-js/dist/module.js:22
[  700470ms] [LOG] [PostHog.js] send "$snapshot" {uuid: 019d8940-ccae-7648-be22-9f371b6396dc, event: $snapshot, properties: Object, timestamp: Tue Apr 14 2026 05:20:18 GMT+0530 (India Standard Time)} @ webpack-internal:///(app-pages-browser)/../../node_modules/.pnpm/posthog-js@1.364.7/node_modules/posthog-js/dist/module.js:22
[  702548ms] [LOG] [PostHog.js] send "$snapshot" {uuid: 019d8940-d4cd-7e6a-aaec-dc2eeaec7c36, event: $snapshot, properties: Object, timestamp: Tue Apr 14 2026 05:20:20 GMT+0530 (India Standard Time)} @ webpack-internal:///(app-pages-browser)/../../node_modules/.pnpm/posthog-js@1.364.7/node_modules/posthog-js/dist/module.js:22
[  702641ms] [LOG] [PostHog.js] send "$$heatmap" {uuid: 019d8940-d528-7102-87ea-1de29ea06f4a, event: $$heatmap, properties: Object, timestamp: Tue Apr 14 2026 05:20:20 GMT+0530 (India Standard Time)} @ webpack-internal:///(app-pages-browser)/../../node_modules/.pnpm/posthog-js@1.364.7/node_modules/posthog-js/dist/module.js:22
[  707640ms] [LOG] [PostHog.js] send "$$heatmap" {uuid: 019d8940-e8b0-7b61-9d60-7e3da31569e6, event: $$heatmap, properties: Object, timestamp: Tue Apr 14 2026 05:20:25 GMT+0530 (India Standard Time)} @ webpack-internal:///(app-pages-browser)/../../node_modules/.pnpm/posthog-js@1.364.7/node_modules/posthog-js/dist/module.js:22
[  708527ms] [LOG] [PostHog.js] send "$snapshot" {uuid: 019d8940-ec27-7c68-9679-f257f7d63545, event: $snapshot, properties: Object, timestamp: Tue Apr 14 2026 05:20:26 GMT+0530 (India Standard Time)} @ webpack-internal:///(app-pages-browser)/../../node_modules/.pnpm/posthog-js@1.364.7/node_modules/posthog-js/dist/module.js:22
[  712640ms] [LOG] [PostHog.js] send "$$heatmap" {uuid: 019d8940-fc38-71d9-b4c2-4c53e4960d27, event: $$heatmap, properties: Object, timestamp: Tue Apr 14 2026 05:20:30 GMT+0530 (India Standard Time)} @ webpack-internal:///(app-pages-browser)/../../node_modules/.pnpm/posthog-js@1.364.7/node_modules/posthog-js/dist/module.js:22
[  713620ms] [LOG] [PostHog.js] send "$snapshot" {uuid: 019d8941-000d-7632-bef0-324121ee69ac, event: $snapshot, properties: Object, timestamp: Tue Apr 14 2026 05:20:31 GMT+0530 (India Standard Time)} @ webpack-internal:///(app-pages-browser)/../../node_modules/.pnpm/posthog-js@1.364.7/node_modules/posthog-js/dist/module.js:22
[  713794ms] [LOG] [PostHog.js] send "$autocapture" {uuid: 019d8941-00ba-7d64-b78d-f2f2a0732540, event: $autocapture, properties: Object, timestamp: Tue Apr 14 2026 05:20:31 GMT+0530 (India Standard Time)} @ webpack-internal:///(app-pages-browser)/../../node_modules/.pnpm/posthog-js@1.364.7/node_modules/posthog-js/dist/module.js:22
[  715514ms] [LOG] [PostHog.js] send "$autocapture" {uuid: 019d8941-0772-7931-af54-a1032d4a82df, event: $autocapture, properties: Object, timestamp: Tue Apr 14 2026 05:20:33 GMT+0530 (India Standard Time)} @ webpack-internal:///(app-pages-browser)/../../node_modules/.pnpm/posthog-js@1.364.7/node_modules/posthog-js/dist/module.js:22
[  715714ms] [LOG] [PostHog.js] send "$snapshot" {uuid: 019d8941-083a-7e2f-a1cd-80e16b8e90ca, event: $snapshot, properties: Object, timestamp: Tue Apr 14 2026 05:20:33 GMT+0530 (India Standard Time)} @ webpack-internal:///(app-pages-browser)/../../node_modules/.pnpm/posthog-js@1.364.7/node_modules/posthog-js/dist/module.js:22
[  716047ms] [LOG] [PostHog.js] send "$autocapture" {uuid: 019d8941-0986-722f-8a8b-5589d0c5b29f, event: $autocapture, properties: Object, timestamp: Tue Apr 14 2026 05:20:34 GMT+0530 (India Standard Time)} @ webpack-internal:///(app-pages-browser)/../../node_modules/.pnpm/posthog-js@1.364.7/node_modules/posthog-js/dist/module.js:22
[  716756ms] [LOG] [PostHog.js] send "$rageclick" {uuid: 019d8941-0c4b-76e3-9c8d-9ba60a0fba00, event: $rageclick, properties: Object, timestamp: Tue Apr 14 2026 05:20:34 GMT+0530 (India Standard Time)} @ webpack-internal:///(app-pages-browser)/../../node_modules/.pnpm/posthog-js@1.364.7/node_modules/posthog-js/dist/module.js:22
[  716757ms] [LOG] [PostHog.js] send "$autocapture" {uuid: 019d8941-0c4d-7d0c-ad1b-3858c89c986a, event: $autocapture, properties: Object, timestamp: Tue Apr 14 2026 05:20:34 GMT+0530 (India Standard Time)} @ webpack-internal:///(app-pages-browser)/../../node_modules/.pnpm/posthog-js@1.364.7/node_modules/posthog-js/dist/module.js:22
[  717640ms] [LOG] [PostHog.js] send "$$heatmap" {uuid: 019d8941-0fbf-7b07-a001-03487570d6b5, event: $$heatmap, properties: Object, timestamp: Tue Apr 14 2026 05:20:35 GMT+0530 (India Standard Time)} @ webpack-internal:///(app-pages-browser)/../../node_modules/.pnpm/posthog-js@1.364.7/node_modules/posthog-js/dist/module.js:22
[  717962ms] [LOG] [PostHog.js] send "$snapshot" {uuid: 019d8941-1103-7f60-b01e-eb3247161028, event: $snapshot, properties: Object, timestamp: Tue Apr 14 2026 05:20:36 GMT+0530 (India Standard Time)} @ webpack-internal:///(app-pages-browser)/../../node_modules/.pnpm/posthog-js@1.364.7/node_modules/posthog-js/dist/module.js:22
[  720045ms] [LOG] [PostHog.js] send "$snapshot" {uuid: 019d8941-1925-70b5-948d-fd389525872d, event: $snapshot, properties: Object, timestamp: Tue Apr 14 2026 05:20:38 GMT+0530 (India Standard Time)} @ webpack-internal:///(app-pages-browser)/../../node_modules/.pnpm/posthog-js@1.364.7/node_modules/posthog-js/dist/module.js:22
[  722252ms] [LOG] [PostHog.js] send "$snapshot" {uuid: 019d8941-21c4-70f0-91e4-6b5d4c350702, event: $snapshot, properties: Object, timestamp: Tue Apr 14 2026 05:20:40 GMT+0530 (India Standard Time)} @ webpack-internal:///(app-pages-browser)/../../node_modules/.pnpm/posthog-js@1.364.7/node_modules/posthog-js/dist/module.js:22
[  722640ms] [LOG] [PostHog.js] send "$$heatmap" {uuid: 019d8941-2348-7fc7-a5cf-b7a5d1992a53, event: $$heatmap, properties: Object, timestamp: Tue Apr 14 2026 05:20:40 GMT+0530 (India Standard Time)} @ webpack-internal:///(app-pages-browser)/../../node_modules/.pnpm/posthog-js@1.364.7/node_modules/posthog-js/dist/module.js:22
[  724550ms] [LOG] [PostHog.js] send "$snapshot" {uuid: 019d8941-2abe-74fb-975f-8ae6e18bbfd2, event: $snapshot, properties: Object, timestamp: Tue Apr 14 2026 05:20:42 GMT+0530 (India Standard Time)} @ webpack-internal:///(app-pages-browser)/../../node_modules/.pnpm/posthog-js@1.364.7/node_modules/posthog-js/dist/module.js:22
[  727370ms] [LOG] [PostHog.js] send "$snapshot" {uuid: 019d8941-35c2-78f1-aed6-34c1aa635788, event: $snapshot, properties: Object, timestamp: Tue Apr 14 2026 05:20:45 GMT+0530 (India Standard Time)} @ webpack-internal:///(app-pages-browser)/../../node_modules/.pnpm/posthog-js@1.364.7/node_modules/posthog-js/dist/module.js:22
[  731218ms] [LOG] [PostHog.js] send "$snapshot" {uuid: 019d8941-44ca-7f19-8711-a0fc9ce25049, event: $snapshot, properties: Object, timestamp: Tue Apr 14 2026 05:20:49 GMT+0530 (India Standard Time)} @ webpack-internal:///(app-pages-browser)/../../node_modules/.pnpm/posthog-js@1.364.7/node_modules/posthog-js/dist/module.js:22
[  733317ms] [LOG] [PostHog.js] send "$snapshot" {uuid: 019d8941-4cfd-7260-85ff-4124cdfbbf50, event: $snapshot, properties: Object, timestamp: Tue Apr 14 2026 05:20:51 GMT+0530 (India Standard Time)} @ webpack-internal:///(app-pages-browser)/../../node_modules/.pnpm/posthog-js@1.364.7/node_modules/posthog-js/dist/module.js:22
[  737562ms] [LOG] [PostHog.js] send "$snapshot" {uuid: 019d8941-5d92-7ca1-bdab-9fc69aee56f9, event: $snapshot, properties: Object, timestamp: Tue Apr 14 2026 05:20:55 GMT+0530 (India Standard Time)} @ webpack-internal:///(app-pages-browser)/../../node_modules/.pnpm/posthog-js@1.364.7/node_modules/posthog-js/dist/module.js:22
[  737640ms] [LOG] [PostHog.js] send "$$heatmap" {uuid: 019d8941-5de0-76b7-bc07-3f995b1cfe61, event: $$heatmap, properties: Object, timestamp: Tue Apr 14 2026 05:20:55 GMT+0530 (India Standard Time)} @ webpack-internal:///(app-pages-browser)/../../node_modules/.pnpm/posthog-js@1.364.7/node_modules/posthog-js/dist/module.js:22
[  740155ms] [LOG] [PostHog.js] send "$snapshot" {uuid: 019d8941-67b4-79ce-9783-0add2a14bdee, event: $snapshot, properties: Object, timestamp: Tue Apr 14 2026 05:20:58 GMT+0530 (India Standard Time)} @ webpack-internal:///(app-pages-browser)/../../node_modules/.pnpm/posthog-js@1.364.7/node_modules/posthog-js/dist/module.js:22
[  742639ms] [LOG] [PostHog.js] send "$$heatmap" {uuid: 019d8941-7167-76ea-8de3-ce6bfb83caf9, event: $$heatmap, properties: Object, timestamp: Tue Apr 14 2026 05:21:00 GMT+0530 (India Standard Time)} @ webpack-internal:///(app-pages-browser)/../../node_modules/.pnpm/posthog-js@1.364.7/node_modules/posthog-js/dist/module.js:22
[  742819ms] [LOG] [PostHog.js] send "$snapshot" {uuid: 019d8941-721c-7483-8f59-6c34c239118f, event: $snapshot, properties: Object, timestamp: Tue Apr 14 2026 05:21:00 GMT+0530 (India Standard Time)} @ webpack-internal:///(app-pages-browser)/../../node_modules/.pnpm/posthog-js@1.364.7/node_modules/posthog-js/dist/module.js:22
[  745213ms] [LOG] [PostHog.js] send "$snapshot" {uuid: 019d8941-7b75-76af-8531-f6d42fe6079a, event: $snapshot, properties: Object, timestamp: Tue Apr 14 2026 05:21:03 GMT+0530 (India Standard Time)} @ webpack-internal:///(app-pages-browser)/../../node_modules/.pnpm/posthog-js@1.364.7/node_modules/posthog-js/dist/module.js:22
[  747639ms] [LOG] [PostHog.js] send "$$heatmap" {uuid: 019d8941-84ef-73f8-b76d-e8c042deb5e7, event: $$heatmap, properties: Object, timestamp: Tue Apr 14 2026 05:21:05 GMT+0530 (India Standard Time)} @ webpack-internal:///(app-pages-browser)/../../node_modules/.pnpm/posthog-js@1.364.7/node_modules/posthog-js/dist/module.js:22
[  749533ms] [LOG] [PostHog.js] send "$snapshot" {uuid: 019d8941-8c55-71b3-aa1f-3d4770eed190, event: $snapshot, properties: Object, timestamp: Tue Apr 14 2026 05:21:07 GMT+0530 (India Standard Time)} @ webpack-internal:///(app-pages-browser)/../../node_modules/.pnpm/posthog-js@1.364.7/node_modules/posthog-js/dist/module.js:22
[  751537ms] [LOG] [PostHog.js] send "$snapshot" {uuid: 019d8941-942a-75c6-930b-414e67dcf381, event: $snapshot, properties: Object, timestamp: Tue Apr 14 2026 05:21:09 GMT+0530 (India Standard Time)} @ webpack-internal:///(app-pages-browser)/../../node_modules/.pnpm/posthog-js@1.364.7/node_modules/posthog-js/dist/module.js:22
[  752642ms] [LOG] [PostHog.js] send "$$heatmap" {uuid: 019d8941-9879-71e8-8e9f-a56f8f74cdd5, event: $$heatmap, properties: Object, timestamp: Tue Apr 14 2026 05:21:10 GMT+0530 (India Standard Time)} @ webpack-internal:///(app-pages-browser)/../../node_modules/.pnpm/posthog-js@1.364.7/node_modules/posthog-js/dist/module.js:22
[  762089ms] [LOG] [PostHog.js] send "$snapshot" {uuid: 019d8941-bd62-74ee-8ede-88a1d3dc4a82, event: $snapshot, properties: Object, timestamp: Tue Apr 14 2026 05:21:20 GMT+0530 (India Standard Time)} @ webpack-internal:///(app-pages-browser)/../../node_modules/.pnpm/posthog-js@1.364.7/node_modules/posthog-js/dist/module.js:22
[  762642ms] [LOG] [PostHog.js] send "$$heatmap" {uuid: 019d8941-bf89-7cf0-9ade-0282baea6df5, event: $$heatmap, properties: Object, timestamp: Tue Apr 14 2026 05:21:20 GMT+0530 (India Standard Time)} @ webpack-internal:///(app-pages-browser)/../../node_modules/.pnpm/posthog-js@1.364.7/node_modules/posthog-js/dist/module.js:22
[  770176ms] [LOG] [PostHog.js] send "$snapshot" {uuid: 019d8941-dcf9-7735-861a-795502b6494e, event: $snapshot, properties: Object, timestamp: Tue Apr 14 2026 05:21:28 GMT+0530 (India Standard Time)} @ webpack-internal:///(app-pages-browser)/../../node_modules/.pnpm/posthog-js@1.364.7/node_modules/posthog-js/dist/module.js:22
[  770659ms] [LOG] [PostHog.js] send "$autocapture" {uuid: 019d8941-deda-708b-9f19-a259c5813ce5, event: $autocapture, properties: Object, timestamp: Tue Apr 14 2026 05:21:28 GMT+0530 (India Standard Time)} @ webpack-internal:///(app-pages-browser)/../../node_modules/.pnpm/posthog-js@1.364.7/node_modules/posthog-js/dist/module.js:22
[  772424ms] [LOG] [PostHog.js] send "$snapshot" {uuid: 019d8941-e5c0-7a1d-bdd9-053d37ccd72c, event: $snapshot, properties: Object, timestamp: Tue Apr 14 2026 05:21:30 GMT+0530 (India Standard Time)} @ webpack-internal:///(app-pages-browser)/../../node_modules/.pnpm/posthog-js@1.364.7/node_modules/posthog-js/dist/module.js:22
[  772509ms] [LOG] [PostHog.js] send "$autocapture" {uuid: 019d8941-e615-75fd-9307-b5820ad81d26, event: $autocapture, properties: Object, timestamp: Tue Apr 14 2026 05:21:30 GMT+0530 (India Standard Time)} @ webpack-internal:///(app-pages-browser)/../../node_modules/.pnpm/posthog-js@1.364.7/node_modules/posthog-js/dist/module.js:22
[  772639ms] [LOG] [PostHog.js] send "$$heatmap" {uuid: 019d8941-e697-7327-a335-8b6e60529287, event: $$heatmap, properties: Object, timestamp: Tue Apr 14 2026 05:21:30 GMT+0530 (India Standard Time)} @ webpack-internal:///(app-pages-browser)/../../node_modules/.pnpm/posthog-js@1.364.7/node_modules/posthog-js/dist/module.js:22
[  774508ms] [LOG] [PostHog.js] send "$snapshot" {uuid: 019d8941-ede4-7b4d-9f48-75b6d4f5b70a, event: $snapshot, properties: Object, timestamp: Tue Apr 14 2026 05:21:32 GMT+0530 (India Standard Time)} @ webpack-internal:///(app-pages-browser)/../../node_modules/.pnpm/posthog-js@1.364.7/node_modules/posthog-js/dist/module.js:22
[  776923ms] [LOG] [PostHog.js] send "$snapshot" {uuid: 019d8941-f753-76e9-bed2-2c53c0719b3f, event: $snapshot, properties: Object, timestamp: Tue Apr 14 2026 05:21:34 GMT+0530 (India Standard Time)} @ webpack-internal:///(app-pages-browser)/../../node_modules/.pnpm/posthog-js@1.364.7/node_modules/posthog-js/dist/module.js:22
[  777640ms] [LOG] [PostHog.js] send "$$heatmap" {uuid: 019d8941-fa20-70fc-848c-760051b709f7, event: $$heatmap, properties: Object, timestamp: Tue Apr 14 2026 05:21:35 GMT+0530 (India Standard Time)} @ webpack-internal:///(app-pages-browser)/../../node_modules/.pnpm/posthog-js@1.364.7/node_modules/posthog-js/dist/module.js:22
[  779565ms] [LOG] [PostHog.js] send "$snapshot" {uuid: 019d8942-01a5-7ca6-b85e-275e890f3dd6, event: $snapshot, properties: Object, timestamp: Tue Apr 14 2026 05:21:37 GMT+0530 (India Standard Time)} @ webpack-internal:///(app-pages-browser)/../../node_modules/.pnpm/posthog-js@1.364.7/node_modules/posthog-js/dist/module.js:22
[  782639ms] [LOG] [PostHog.js] send "$$heatmap" {uuid: 019d8942-0da7-7fbf-91d8-b7ab85db0f91, event: $$heatmap, properties: Object, timestamp: Tue Apr 14 2026 05:21:40 GMT+0530 (India Standard Time)} @ webpack-internal:///(app-pages-browser)/../../node_modules/.pnpm/posthog-js@1.364.7/node_modules/posthog-js/dist/module.js:22
[  791612ms] [LOG] [PostHog.js] send "$snapshot" {uuid: 019d8942-30b4-70be-99ac-d0801a42c22d, event: $snapshot, properties: Object, timestamp: Tue Apr 14 2026 05:21:49 GMT+0530 (India Standard Time)} @ webpack-internal:///(app-pages-browser)/../../node_modules/.pnpm/posthog-js@1.364.7/node_modules/posthog-js/dist/module.js:22
[  792640ms] [LOG] [PostHog.js] send "$$heatmap" {uuid: 019d8942-34b8-7212-809c-1a02c8acee31, event: $$heatmap, properties: Object, timestamp: Tue Apr 14 2026 05:21:50 GMT+0530 (India Standard Time)} @ webpack-internal:///(app-pages-browser)/../../node_modules/.pnpm/posthog-js@1.364.7/node_modules/posthog-js/dist/module.js:22
[  810094ms] [LOG] [PostHog.js] send "$snapshot" {uuid: 019d8942-78e6-79f0-acfc-041265f038cf, event: $snapshot, properties: Object, timestamp: Tue Apr 14 2026 05:22:08 GMT+0530 (India Standard Time)} @ webpack-internal:///(app-pages-browser)/../../node_modules/.pnpm/posthog-js@1.364.7/node_modules/posthog-js/dist/module.js:22
[  812409ms] [LOG] [PostHog.js] send "$snapshot" {uuid: 019d8942-81f2-7298-a6ef-cc314fa87240, event: $snapshot, properties: Object, timestamp: Tue Apr 14 2026 05:22:10 GMT+0530 (India Standard Time)} @ webpack-internal:///(app-pages-browser)/../../node_modules/.pnpm/posthog-js@1.364.7/node_modules/posthog-js/dist/module.js:22
[  812473ms] [LOG] [Fast Refresh] rebuilding @ https://us-assets.i.posthog.com/static/posthog-recorder.js?v=1.364.7:0
[  812639ms] [LOG] [PostHog.js] send "$$heatmap" {uuid: 019d8942-82d8-7d45-b0a8-0bf5a1f05e8e, event: $$heatmap, properties: Object, timestamp: Tue Apr 14 2026 05:22:10 GMT+0530 (India Standard Time)} @ webpack-internal:///(app-pages-browser)/../../node_modules/.pnpm/posthog-js@1.364.7/node_modules/posthog-js/dist/module.js:22
[  812768ms] [LOG] [Fast Refresh] done in 296ms @ https://us-assets.i.posthog.com/static/posthog-recorder.js?v=1.364.7:0
[  814474ms] [LOG] [PostHog.js] send "$snapshot" {uuid: 019d8942-8a03-787d-ae41-1c6ee4cba124, event: $snapshot, properties: Object, timestamp: Tue Apr 14 2026 05:22:12 GMT+0530 (India Standard Time)} @ webpack-internal:///(app-pages-browser)/../../node_modules/.pnpm/posthog-js@1.364.7/node_modules/posthog-js/dist/module.js:22
[  817640ms] [LOG] [PostHog.js] send "$$heatmap" {uuid: 019d8942-9660-7ff0-a145-a992563ef015, event: $$heatmap, properties: Object, timestamp: Tue Apr 14 2026 05:22:15 GMT+0530 (India Standard Time)} @ webpack-internal:///(app-pages-browser)/../../node_modules/.pnpm/posthog-js@1.364.7/node_modules/posthog-js/dist/module.js:22
[  818202ms] [LOG] [PostHog.js] send "$snapshot" {uuid: 019d8942-9892-7348-94ee-56eb6c37bb20, event: $snapshot, properties: Object, timestamp: Tue Apr 14 2026 05:22:16 GMT+0530 (India Standard Time)} @ webpack-internal:///(app-pages-browser)/../../node_modules/.pnpm/posthog-js@1.364.7/node_modules/posthog-js/dist/module.js:22
[  834943ms] [LOG] [Fast Refresh] rebuilding @ https://us-assets.i.posthog.com/static/posthog-recorder.js?v=1.364.7:0
[  835139ms] [WARNING] [Fast Refresh] performing full reload

Fast Refresh will perform a full reload when you edit a file that's imported by modules outside of the React rendering tree.
You might have a file which exports a React component but also exports a value that is imported by a non-React component file.
Consider migrating the non-React component export to a separate file and importing it into both files.

It is also possible the parent component of the component you edited is a class component, which disables Fast Refresh.
Fast Refresh requires at least one parent function component in your React tree. @ https://us-assets.i.posthog.com/static/posthog-recorder.js?v=1.364.7:0
[  835140ms] [LOG] [PostHog.js] send "$snapshot" {uuid: 019d8942-dabc-7b6f-acd0-74530ca8d260, event: $snapshot, properties: Object, timestamp: Tue Apr 14 2026 05:22:33 GMT+0530 (India Standard Time)} @ webpack-internal:///(app-pages-browser)/../../node_modules/.pnpm/posthog-js@1.364.7/node_modules/posthog-js/dist/module.js:22
[  835652ms] [LOG] [PostHog.js] send "$pageleave" {uuid: 019d8942-dcbc-712d-bc02-6f1fb5974208, event: $pageleave, properties: Object, timestamp: Tue Apr 14 2026 05:22:33 GMT+0530 (India Standard Time)} @ webpack-internal:///(app-pages-browser)/../../node_modules/.pnpm/posthog-js@1.364.7/node_modules/posthog-js/dist/module.js:22
[  835883ms] [INFO] %cDownload the React DevTools for a better development experience: https://react.dev/link/react-devtools font-weight:bold @ webpack-internal:///(app-pages-browser)/../../node_modules/.pnpm/next@15.5.14_@opentelemetry+api@1.9.1_react-dom@18.3.1_react@18.2.0__react@18.2.0/node_modules/next/dist/compiled/react-dom/cjs/react-dom-client.development.js:25630
[  836018ms] [LOG] [GTM Event] clear_ecommerce {ecommerce: null} @ webpack-internal:///(app-pages-browser)/./lib/hooks/useGTM.ts:16
[  836019ms] [LOG] [GTM Event] view_item {ecommerce: Object} @ webpack-internal:///(app-pages-browser)/./lib/hooks/useGTM.ts:16
[  836021ms] [LOG] [AuthProvider] Mounting, starting hydration @ webpack-internal:///(app-pages-browser)/./components/providers/AuthProvider.tsx:35
[  836021ms] [LOG] [auth-store] isFreshLogin: false URL: http://localhost:3000/services/gst-registration @ webpack-internal:///(app-pages-browser)/./lib/stores/auth-store.ts:205
[  836021ms] [LOG] [auth-store] refreshSession starting @ webpack-internal:///(app-pages-browser)/./lib/stores/auth-store.ts:209
[  836083ms] [LOG] [auth-store] getSession result: no session @ webpack-internal:///(app-pages-browser)/./lib/stores/auth-store.ts:213
[  836088ms] [LOG] [AuthProvider] Initial hydration complete @ webpack-internal:///(app-pages-browser)/./components/providers/AuthProvider.tsx:40
[  836089ms] [LOG] [AuthProvider] Auth event: INITIAL_SESSION @ webpack-internal:///(app-pages-browser)/./components/providers/AuthProvider.tsx:46
[  836092ms] [LOG] [PostHog.js] set_config {config: Object, oldConfig: Object, newConfig: Object} @ webpack-internal:///(app-pages-browser)/../../node_modules/.pnpm/posthog-js@1.364.7/node_modules/posthog-js/dist/module.js:22
[  836092ms] [LOG] [PostHog.js] Persistence loaded localStorage+cookie {$device_id: 019d5401-510f-7d21-a410-204e78f58700, distinct_id: 019d5401-510f-7d21-a410-204e78f58700, $sesid: Array(3), $initial_person_info: Object, $user_state: anonymous} @ webpack-internal:///(app-pages-browser)/../../node_modules/.pnpm/posthog-js@1.364.7/node_modules/posthog-js/dist/module.js:22
[  836092ms] [LOG] [PostHog.js] Persistence loaded sessionStorage {$sdk_debug_extensions_init_method: synchronous, $sdk_debug_extensions_init_time_ms: 1, $sdk_debug_replay_remote_trigger_matching_config: null, $sdk_debug_replay_event_trigger_status: trigger_disabled, $sdk_debug_replay_url_trigger_status: trigger_disabled} @ webpack-internal:///(app-pages-browser)/../../node_modules/.pnpm/posthog-js@1.364.7/node_modules/posthog-js/dist/module.js:22
[  836093ms] [LOG] [PostHog.js] Initializing extensions synchronously @ webpack-internal:///(app-pages-browser)/../../node_modules/.pnpm/posthog-js@1.364.7/node_modules/posthog-js/dist/module.js:22
[  836093ms] [LOG] [PostHog.js] [Web Vitals] enabled, starting... @ webpack-internal:///(app-pages-browser)/../../node_modules/.pnpm/posthog-js@1.364.7/node_modules/posthog-js/dist/module.js:22
[  836094ms] [LOG] [PostHog.js] [SessionRecording] starting @ webpack-internal:///(app-pages-browser)/../../node_modules/.pnpm/posthog-js@1.364.7/node_modules/posthog-js/dist/module.js:22
[  836094ms] [LOG] [PostHog.js] [Heatmaps] starting... @ webpack-internal:///(app-pages-browser)/../../node_modules/.pnpm/posthog-js@1.364.7/node_modules/posthog-js/dist/module.js:22
[  836094ms] [LOG] [PostHog.js] Starting in debug mode {this: _n, config: Object, thisC: Object, p: Object, s: Object} @ webpack-internal:///(app-pages-browser)/../../node_modules/.pnpm/posthog-js@1.364.7/node_modules/posthog-js/dist/module.js:22
[  836094ms] [LOG] You're now in debug mode. All calls to PostHog will be logged in your console.
You can disable this with `posthog.debug(false)`. @ webpack-internal:///(app-pages-browser)/../../node_modules/.pnpm/posthog-js@1.364.7/node_modules/posthog-js/dist/module.js:22
[  836094ms] [LOG] [PostHog.js] Persistence loaded sessionStorage {$sdk_debug_extensions_init_method: synchronous, $sdk_debug_extensions_init_time_ms: 1, $sdk_debug_replay_remote_trigger_matching_config: null, $sdk_debug_replay_event_trigger_status: trigger_disabled, $sdk_debug_replay_url_trigger_status: trigger_disabled} @ webpack-internal:///(app-pages-browser)/../../node_modules/.pnpm/posthog-js@1.364.7/node_modules/posthog-js/dist/module.js:22
[  836094ms] [LOG] [PostHog.js] set_config {config: Object, oldConfig: Object, newConfig: Object} @ webpack-internal:///(app-pages-browser)/../../node_modules/.pnpm/posthog-js@1.364.7/node_modules/posthog-js/dist/module.js:22
[  836094ms] [LOG] [PostHog.js] [SessionRecording] starting @ webpack-internal:///(app-pages-browser)/../../node_modules/.pnpm/posthog-js@1.364.7/node_modules/posthog-js/dist/module.js:22
[  836096ms] [LOG] [PostHog.js] [Dead Clicks] starting... @ webpack-internal:///(app-pages-browser)/../../node_modules/.pnpm/posthog-js@1.364.7/node_modules/posthog-js/dist/module.js:22
[  837069ms] [LOG] [PostHog.js] Persistence loaded sessionStorage {$sdk_debug_extensions_init_method: synchronous, $sdk_debug_extensions_init_time_ms: 1, $sdk_debug_replay_remote_trigger_matching_config: null, $sdk_debug_replay_event_trigger_status: trigger_disabled, $sdk_debug_replay_url_trigger_status: trigger_disabled} @ webpack-internal:///(app-pages-browser)/../../node_modules/.pnpm/posthog-js@1.364.7/node_modules/posthog-js/dist/module.js:22
[  837069ms] [LOG] [PostHog.js] set_config {config: Object, oldConfig: Object, newConfig: Object} @ webpack-internal:///(app-pages-browser)/../../node_modules/.pnpm/posthog-js@1.364.7/node_modules/posthog-js/dist/module.js:22
[  837069ms] [LOG] [PostHog.js] [Surveys] flags response received, isSurveysEnabled: false @ webpack-internal:///(app-pages-browser)/../../node_modules/.pnpm/posthog-js@1.364.7/node_modules/posthog-js/dist/module.js:22
[  837072ms] [LOG] [PostHog.js] [Surveys] Surveys loaded successfully @ webpack-internal:///(app-pages-browser)/../../node_modules/.pnpm/posthog-js@1.364.7/node_modules/posthog-js/dist/module.js:22
[  841124ms] [LOG] [PostHog.js] send "$web_vitals" {uuid: 019d8942-f21b-7a92-8958-63c2c4b840d9, event: $web_vitals, properties: Object, timestamp: Tue Apr 14 2026 05:22:39 GMT+0530 (India Standard Time)} @ webpack-internal:///(app-pages-browser)/../../node_modules/.pnpm/posthog-js@1.364.7/node_modules/posthog-js/dist/module.js:22
[  845095ms] [LOG] [Fast Refresh] rebuilding @ https://us-assets.i.posthog.com/static/posthog-recorder.js?v=1.364.7:0
[  845289ms] [WARNING] [Fast Refresh] performing full reload

Fast Refresh will perform a full reload when you edit a file that's imported by modules outside of the React rendering tree.
You might have a file which exports a React component but also exports a value that is imported by a non-React component file.
Consider migrating the non-React component export to a separate file and importing it into both files.

It is also possible the parent component of the component you edited is a class component, which disables Fast Refresh.
Fast Refresh requires at least one parent function component in your React tree. @ https://us-assets.i.posthog.com/static/posthog-recorder.js?v=1.364.7:0
[  845289ms] [LOG] [PostHog.js] send "$snapshot" {uuid: 019d8943-0262-7bc9-ab58-d147b1f343e9, event: $snapshot, properties: Object, timestamp: Tue Apr 14 2026 05:22:43 GMT+0530 (India Standard Time)} @ webpack-internal:///(app-pages-browser)/../../node_modules/.pnpm/posthog-js@1.364.7/node_modules/posthog-js/dist/module.js:22
[  845652ms] [LOG] [PostHog.js] send "$pageleave" {uuid: 019d8943-03cd-72ea-9fcd-ee24995cc897, event: $pageleave, properties: Object, timestamp: Tue Apr 14 2026 05:22:43 GMT+0530 (India Standard Time)} @ webpack-internal:///(app-pages-browser)/../../node_modules/.pnpm/posthog-js@1.364.7/node_modules/posthog-js/dist/module.js:22
[  845886ms] [INFO] %cDownload the React DevTools for a better development experience: https://react.dev/link/react-devtools font-weight:bold @ webpack-internal:///(app-pages-browser)/../../node_modules/.pnpm/next@15.5.14_@opentelemetry+api@1.9.1_react-dom@18.3.1_react@18.2.0__react@18.2.0/node_modules/next/dist/compiled/react-dom/cjs/react-dom-client.development.js:25630
[  845980ms] [LOG] [GTM Event] clear_ecommerce {ecommerce: null} @ webpack-internal:///(app-pages-browser)/./lib/hooks/useGTM.ts:16
[  845980ms] [LOG] [GTM Event] view_item {ecommerce: Object} @ webpack-internal:///(app-pages-browser)/./lib/hooks/useGTM.ts:16
[  845981ms] [LOG] [AuthProvider] Mounting, starting hydration @ webpack-internal:///(app-pages-browser)/./components/providers/AuthProvider.tsx:35
[  845981ms] [LOG] [auth-store] isFreshLogin: false URL: http://localhost:3000/services/gst-registration @ webpack-internal:///(app-pages-browser)/./lib/stores/auth-store.ts:205
[  845981ms] [LOG] [auth-store] refreshSession starting @ webpack-internal:///(app-pages-browser)/./lib/stores/auth-store.ts:209
[  846042ms] [LOG] [auth-store] getSession result: no session @ webpack-internal:///(app-pages-browser)/./lib/stores/auth-store.ts:213
[  846047ms] [LOG] [AuthProvider] Initial hydration complete @ webpack-internal:///(app-pages-browser)/./components/providers/AuthProvider.tsx:40
[  846048ms] [LOG] [AuthProvider] Auth event: INITIAL_SESSION @ webpack-internal:///(app-pages-browser)/./components/providers/AuthProvider.tsx:46
[  846049ms] [LOG] [PostHog.js] set_config {config: Object, oldConfig: Object, newConfig: Object} @ webpack-internal:///(app-pages-browser)/../../node_modules/.pnpm/posthog-js@1.364.7/node_modules/posthog-js/dist/module.js:22
[  846049ms] [LOG] [PostHog.js] Persistence loaded localStorage+cookie {$device_id: 019d5401-510f-7d21-a410-204e78f58700, distinct_id: 019d5401-510f-7d21-a410-204e78f58700, $sesid: Array(3), $initial_person_info: Object, $user_state: anonymous} @ webpack-internal:///(app-pages-browser)/../../node_modules/.pnpm/posthog-js@1.364.7/node_modules/posthog-js/dist/module.js:22
[  846050ms] [LOG] [PostHog.js] Persistence loaded sessionStorage {$sdk_debug_extensions_init_method: synchronous, $sdk_debug_extensions_init_time_ms: 1, $sdk_debug_replay_remote_trigger_matching_config: null, $sdk_debug_replay_event_trigger_status: trigger_disabled, $sdk_debug_replay_url_trigger_status: trigger_disabled} @ webpack-internal:///(app-pages-browser)/../../node_modules/.pnpm/posthog-js@1.364.7/node_modules/posthog-js/dist/module.js:22
[  846050ms] [LOG] [PostHog.js] Initializing extensions synchronously @ webpack-internal:///(app-pages-browser)/../../node_modules/.pnpm/posthog-js@1.364.7/node_modules/posthog-js/dist/module.js:22
[  846050ms] [LOG] [PostHog.js] [Web Vitals] enabled, starting... @ webpack-internal:///(app-pages-browser)/../../node_modules/.pnpm/posthog-js@1.364.7/node_modules/posthog-js/dist/module.js:22
[  846051ms] [LOG] [PostHog.js] [SessionRecording] starting @ webpack-internal:///(app-pages-browser)/../../node_modules/.pnpm/posthog-js@1.364.7/node_modules/posthog-js/dist/module.js:22
[  846051ms] [LOG] [PostHog.js] [Heatmaps] starting... @ webpack-internal:///(app-pages-browser)/../../node_modules/.pnpm/posthog-js@1.364.7/node_modules/posthog-js/dist/module.js:22
[  846051ms] [LOG] [PostHog.js] Starting in debug mode {this: _n, config: Object, thisC: Object, p: Object, s: Object} @ webpack-internal:///(app-pages-browser)/../../node_modules/.pnpm/posthog-js@1.364.7/node_modules/posthog-js/dist/module.js:22
[  846051ms] [LOG] You're now in debug mode. All calls to PostHog will be logged in your console.
You can disable this with `posthog.debug(false)`. @ webpack-internal:///(app-pages-browser)/../../node_modules/.pnpm/posthog-js@1.364.7/node_modules/posthog-js/dist/module.js:22
[  846051ms] [LOG] [PostHog.js] Persistence loaded sessionStorage {$sdk_debug_extensions_init_method: synchronous, $sdk_debug_extensions_init_time_ms: 1, $sdk_debug_replay_remote_trigger_matching_config: null, $sdk_debug_replay_event_trigger_status: trigger_disabled, $sdk_debug_replay_url_trigger_status: trigger_disabled} @ webpack-internal:///(app-pages-browser)/../../node_modules/.pnpm/posthog-js@1.364.7/node_modules/posthog-js/dist/module.js:22
[  846051ms] [LOG] [PostHog.js] set_config {config: Object, oldConfig: Object, newConfig: Object} @ webpack-internal:///(app-pages-browser)/../../node_modules/.pnpm/posthog-js@1.364.7/node_modules/posthog-js/dist/module.js:22
[  846051ms] [LOG] [PostHog.js] [SessionRecording] starting @ webpack-internal:///(app-pages-browser)/../../node_modules/.pnpm/posthog-js@1.364.7/node_modules/posthog-js/dist/module.js:22
[  846074ms] [LOG] [PostHog.js] [Dead Clicks] starting... @ webpack-internal:///(app-pages-browser)/../../node_modules/.pnpm/posthog-js@1.364.7/node_modules/posthog-js/dist/module.js:22
[  846075ms] [LOG] [PostHog.js] Persistence loaded sessionStorage {$sdk_debug_extensions_init_method: synchronous, $sdk_debug_extensions_init_time_ms: 1, $sdk_debug_replay_remote_trigger_matching_config: null, $sdk_debug_replay_event_trigger_status: trigger_disabled, $sdk_debug_replay_url_trigger_status: trigger_disabled} @ webpack-internal:///(app-pages-browser)/../../node_modules/.pnpm/posthog-js@1.364.7/node_modules/posthog-js/dist/module.js:22
[  846075ms] [LOG] [PostHog.js] set_config {config: Object, oldConfig: Object, newConfig: Object} @ webpack-internal:///(app-pages-browser)/../../node_modules/.pnpm/posthog-js@1.364.7/node_modules/posthog-js/dist/module.js:22
[  846075ms] [LOG] [PostHog.js] [Surveys] flags response received, isSurveysEnabled: false @ webpack-internal:///(app-pages-browser)/../../node_modules/.pnpm/posthog-js@1.364.7/node_modules/posthog-js/dist/module.js:22
[  846076ms] [LOG] [PostHog.js] [Surveys] Surveys loaded successfully @ webpack-internal:///(app-pages-browser)/../../node_modules/.pnpm/posthog-js@1.364.7/node_modules/posthog-js/dist/module.js:22
[  851079ms] [LOG] [PostHog.js] send "$web_vitals" {uuid: 019d8943-18ff-7b67-ae54-bd828c5149ce, event: $web_vitals, properties: Object, timestamp: Tue Apr 14 2026 05:22:49 GMT+0530 (India Standard Time)} @ webpack-internal:///(app-pages-browser)/../../node_modules/.pnpm/posthog-js@1.364.7/node_modules/posthog-js/dist/module.js:22
[  869624ms] [LOG] [Fast Refresh] rebuilding @ https://us-assets.i.posthog.com/static/posthog-recorder.js?v=1.364.7:0
[  869925ms] [LOG] [Fast Refresh] done in 301ms @ https://us-assets.i.posthog.com/static/posthog-recorder.js?v=1.364.7:0
[  879074ms] [LOG] [PostHog.js] send "$autocapture" {uuid: 019d8943-865a-7593-8ac1-4d5ba8cb893b, event: $autocapture, properties: Object, timestamp: Tue Apr 14 2026 05:23:17 GMT+0530 (India Standard Time)} @ webpack-internal:///(app-pages-browser)/../../node_modules/.pnpm/posthog-js@1.364.7/node_modules/posthog-js/dist/module.js:22
[  880479ms] [LOG] [PostHog.js] send "$snapshot" {uuid: 019d8943-8bd8-73b5-96b8-b7cb24a3b2a7, event: $snapshot, properties: Object, timestamp: Tue Apr 14 2026 05:23:18 GMT+0530 (India Standard Time)} @ webpack-internal:///(app-pages-browser)/../../node_modules/.pnpm/posthog-js@1.364.7/node_modules/posthog-js/dist/module.js:22
[  881054ms] [LOG] [PostHog.js] send "$$heatmap" {uuid: 019d8943-8e16-7f71-a491-eb8818c57cd5, event: $$heatmap, properties: Object, timestamp: Tue Apr 14 2026 05:23:19 GMT+0530 (India Standard Time)} @ webpack-internal:///(app-pages-browser)/../../node_modules/.pnpm/posthog-js@1.364.7/node_modules/posthog-js/dist/module.js:22
[  881166ms] [LOG] [PostHog.js] send "$autocapture" {uuid: 019d8943-8e86-78dd-bb37-164de1e667a2, event: $autocapture, properties: Object, timestamp: Tue Apr 14 2026 05:23:19 GMT+0530 (India Standard Time)} @ webpack-internal:///(app-pages-browser)/../../node_modules/.pnpm/posthog-js@1.364.7/node_modules/posthog-js/dist/module.js:22
[  881748ms] [LOG] [PostHog.js] send "$autocapture" {uuid: 019d8943-90cc-7679-8619-63609cf6409f, event: $autocapture, properties: Object, timestamp: Tue Apr 14 2026 05:23:19 GMT+0530 (India Standard Time)} @ webpack-internal:///(app-pages-browser)/../../node_modules/.pnpm/posthog-js@1.364.7/node_modules/posthog-js/dist/module.js:22
[  882264ms] [LOG] [PostHog.js] send "$autocapture" {uuid: 019d8943-92d1-7195-b95c-4fd02bf6b964, event: $autocapture, properties: Object, timestamp: Tue Apr 14 2026 05:23:20 GMT+0530 (India Standard Time)} @ webpack-internal:///(app-pages-browser)/../../node_modules/.pnpm/posthog-js@1.364.7/node_modules/posthog-js/dist/module.js:22
[  882603ms] [LOG] [PostHog.js] send "$snapshot" {uuid: 019d8943-9424-7177-b2d5-65cd8c83f437, event: $snapshot, properties: Object, timestamp: Tue Apr 14 2026 05:23:20 GMT+0530 (India Standard Time)} @ webpack-internal:///(app-pages-browser)/../../node_modules/.pnpm/posthog-js@1.364.7/node_modules/posthog-js/dist/module.js:22
[  884082ms] [LOG] [PostHog.js] send "$web_vitals" {uuid: 019d8943-99ea-73e0-a515-1b67c3a49116, event: $web_vitals, properties: Object, timestamp: Tue Apr 14 2026 05:23:22 GMT+0530 (India Standard Time)} @ webpack-internal:///(app-pages-browser)/../../node_modules/.pnpm/posthog-js@1.364.7/node_modules/posthog-js/dist/module.js:22
[  884607ms] [LOG] [PostHog.js] send "$snapshot" {uuid: 019d8943-9bf8-72c6-8a4b-a218b320b7e3, event: $snapshot, properties: Object, timestamp: Tue Apr 14 2026 05:23:22 GMT+0530 (India Standard Time)} @ webpack-internal:///(app-pages-browser)/../../node_modules/.pnpm/posthog-js@1.364.7/node_modules/posthog-js/dist/module.js:22
[  886053ms] [LOG] [PostHog.js] send "$$heatmap" {uuid: 019d8943-a19d-798e-874a-966cb14e4bb7, event: $$heatmap, properties: Object, timestamp: Tue Apr 14 2026 05:23:24 GMT+0530 (India Standard Time)} @ webpack-internal:///(app-pages-browser)/../../node_modules/.pnpm/posthog-js@1.364.7/node_modules/posthog-js/dist/module.js:22
[  886680ms] [LOG] [PostHog.js] send "$snapshot" {uuid: 019d8943-a410-74cd-81dc-72dfb02f121b, event: $snapshot, properties: Object, timestamp: Tue Apr 14 2026 05:23:24 GMT+0530 (India Standard Time)} @ webpack-internal:///(app-pages-browser)/../../node_modules/.pnpm/posthog-js@1.364.7/node_modules/posthog-js/dist/module.js:22
[  888744ms] [LOG] [PostHog.js] send "$snapshot" {uuid: 019d8943-ac20-7191-b64f-8bebd332ba93, event: $snapshot, properties: Object, timestamp: Tue Apr 14 2026 05:23:26 GMT+0530 (India Standard Time)} @ webpack-internal:///(app-pages-browser)/../../node_modules/.pnpm/posthog-js@1.364.7/node_modules/posthog-js/dist/module.js:22
[  889021ms] [LOG] [Fast Refresh] rebuilding @ https://us-assets.i.posthog.com/static/posthog-recorder.js?v=1.364.7:0
[  889271ms] [WARNING] [Fast Refresh] performing full reload

Fast Refresh will perform a full reload when you edit a file that's imported by modules outside of the React rendering tree.
You might have a file which exports a React component but also exports a value that is imported by a non-React component file.
Consider migrating the non-React component export to a separate file and importing it into both files.

It is also possible the parent component of the component you edited is a class component, which disables Fast Refresh.
Fast Refresh requires at least one parent function component in your React tree. @ https://us-assets.i.posthog.com/static/posthog-recorder.js?v=1.364.7:0
[  889272ms] [LOG] [PostHog.js] send "$snapshot" {uuid: 019d8943-ae30-785b-bea4-dfae9df37bfe, event: $snapshot, properties: Object, timestamp: Tue Apr 14 2026 05:23:27 GMT+0530 (India Standard Time)} @ webpack-internal:///(app-pages-browser)/../../node_modules/.pnpm/posthog-js@1.364.7/node_modules/posthog-js/dist/module.js:22
[  889626ms] [LOG] [PostHog.js] send "$pageleave" {uuid: 019d8943-af92-708a-a509-50aeb54034cd, event: $pageleave, properties: Object, timestamp: Tue Apr 14 2026 05:23:27 GMT+0530 (India Standard Time)} @ webpack-internal:///(app-pages-browser)/../../node_modules/.pnpm/posthog-js@1.364.7/node_modules/posthog-js/dist/module.js:22
[  889635ms] [ERROR] [PostHog.js] TypeError: Failed to fetch
    at method (webpack-internal:///(app-pages-browser)/../../node_modules/.pnpm/posthog-js@1.364.7/node_modules/posthog-js/dist/module.js:23:53844)
    at eval (webpack-internal:///(app-pages-browser)/../../node_modules/.pnpm/posthog-js@1.364.7/node_modules/posthog-js/dist/module.js:23:81998) @ webpack-internal:///(app-pages-browser)/../../node_modules/.pnpm/next@15.5.14_@opentelemetry+api@1.9.1_react-dom@18.3.1_react@18.2.0__react@18.2.0/node_modules/next/dist/next-devtools/userspace/app/errors/intercept-console-error.js:56
[  889635ms] [WARNING] [PostHog.js] Enqueued failed request for retry in 3508 @ webpack-internal:///(app-pages-browser)/../../node_modules/.pnpm/posthog-js@1.364.7/node_modules/posthog-js/dist/module.js:22
[  889635ms] [ERROR] [PostHog.js] TypeError: Failed to fetch
    at method (webpack-internal:///(app-pages-browser)/../../node_modules/.pnpm/posthog-js@1.364.7/node_modules/posthog-js/dist/module.js:23:53844)
    at eval (webpack-internal:///(app-pages-browser)/../../node_modules/.pnpm/posthog-js@1.364.7/node_modules/posthog-js/dist/module.js:23:81998) @ webpack-internal:///(app-pages-browser)/../../node_modules/.pnpm/next@15.5.14_@opentelemetry+api@1.9.1_react-dom@18.3.1_react@18.2.0__react@18.2.0/node_modules/next/dist/next-devtools/userspace/app/errors/intercept-console-error.js:56
[  889635ms] [WARNING] [PostHog.js] Enqueued failed request for retry in 3563 @ webpack-internal:///(app-pages-browser)/../../node_modules/.pnpm/posthog-js@1.364.7/node_modules/posthog-js/dist/module.js:22
[  889635ms] [ERROR] [PostHog.js] TypeError: Failed to fetch
    at method (webpack-internal:///(app-pages-browser)/../../node_modules/.pnpm/posthog-js@1.364.7/node_modules/posthog-js/dist/module.js:23:53844)
    at eval (webpack-internal:///(app-pages-browser)/../../node_modules/.pnpm/posthog-js@1.364.7/node_modules/posthog-js/dist/module.js:23:81998) @ webpack-internal:///(app-pages-browser)/../../node_modules/.pnpm/next@15.5.14_@opentelemetry+api@1.9.1_react-dom@18.3.1_react@18.2.0__react@18.2.0/node_modules/next/dist/next-devtools/userspace/app/errors/intercept-console-error.js:56
[  889635ms] [WARNING] [PostHog.js] Enqueued failed request for retry in 3726 @ webpack-internal:///(app-pages-browser)/../../node_modules/.pnpm/posthog-js@1.364.7/node_modules/posthog-js/dist/module.js:22
[  889635ms] [ERROR] [PostHog.js] TypeError: Failed to fetch
    at method (webpack-internal:///(app-pages-browser)/../../node_modules/.pnpm/posthog-js@1.364.7/node_modules/posthog-js/dist/module.js:23:53844)
    at eval (webpack-internal:///(app-pages-browser)/../../node_modules/.pnpm/posthog-js@1.364.7/node_modules/posthog-js/dist/module.js:23:81998) @ webpack-internal:///(app-pages-browser)/../../node_modules/.pnpm/next@15.5.14_@opentelemetry+api@1.9.1_react-dom@18.3.1_react@18.2.0__react@18.2.0/node_modules/next/dist/next-devtools/userspace/app/errors/intercept-console-error.js:56
[  889635ms] [WARNING] [PostHog.js] Enqueued failed request for retry in 2920 @ webpack-internal:///(app-pages-browser)/../../node_modules/.pnpm/posthog-js@1.364.7/node_modules/posthog-js/dist/module.js:22
[  889635ms] [ERROR] [PostHog.js] TypeError: Failed to fetch
    at method (webpack-internal:///(app-pages-browser)/../../node_modules/.pnpm/posthog-js@1.364.7/node_modules/posthog-js/dist/module.js:23:53844)
    at eval (webpack-internal:///(app-pages-browser)/../../node_modules/.pnpm/posthog-js@1.364.7/node_modules/posthog-js/dist/module.js:23:81998) @ webpack-internal:///(app-pages-browser)/../../node_modules/.pnpm/next@15.5.14_@opentelemetry+api@1.9.1_react-dom@18.3.1_react@18.2.0__react@18.2.0/node_modules/next/dist/next-devtools/userspace/app/errors/intercept-console-error.js:56
[  889635ms] [WARNING] [PostHog.js] Enqueued failed request for retry in 2370 @ webpack-internal:///(app-pages-browser)/../../node_modules/.pnpm/posthog-js@1.364.7/node_modules/posthog-js/dist/module.js:22
[  889876ms] [INFO] %cDownload the React DevTools for a better development experience: https://react.dev/link/react-devtools font-weight:bold @ webpack-internal:///(app-pages-browser)/../../node_modules/.pnpm/next@15.5.14_@opentelemetry+api@1.9.1_react-dom@18.3.1_react@18.2.0__react@18.2.0/node_modules/next/dist/compiled/react-dom/cjs/react-dom-client.development.js:25630
[  889997ms] [LOG] [GTM Event] clear_ecommerce {ecommerce: null} @ webpack-internal:///(app-pages-browser)/./lib/hooks/useGTM.ts:16
[  889997ms] [LOG] [GTM Event] view_item {ecommerce: Object} @ webpack-internal:///(app-pages-browser)/./lib/hooks/useGTM.ts:16
[  889999ms] [LOG] [AuthProvider] Mounting, starting hydration @ webpack-internal:///(app-pages-browser)/./components/providers/AuthProvider.tsx:35
[  889999ms] [LOG] [auth-store] isFreshLogin: false URL: http://localhost:3000/services/gst-registration @ webpack-internal:///(app-pages-browser)/./lib/stores/auth-store.ts:205
[  889999ms] [LOG] [auth-store] refreshSession starting @ webpack-internal:///(app-pages-browser)/./lib/stores/auth-store.ts:209
[  890156ms] [LOG] [auth-store] getSession result: no session @ webpack-internal:///(app-pages-browser)/./lib/stores/auth-store.ts:213
[  890161ms] [LOG] [AuthProvider] Initial hydration complete @ webpack-internal:///(app-pages-browser)/./components/providers/AuthProvider.tsx:40
[  890162ms] [LOG] [AuthProvider] Auth event: INITIAL_SESSION @ webpack-internal:///(app-pages-browser)/./components/providers/AuthProvider.tsx:46
[  890166ms] [LOG] [PostHog.js] set_config {config: Object, oldConfig: Object, newConfig: Object} @ webpack-internal:///(app-pages-browser)/../../node_modules/.pnpm/posthog-js@1.364.7/node_modules/posthog-js/dist/module.js:22
[  890167ms] [LOG] [PostHog.js] Persistence loaded localStorage+cookie {$device_id: 019d5401-510f-7d21-a410-204e78f58700, distinct_id: 019d5401-510f-7d21-a410-204e78f58700, $sesid: Array(3), $initial_person_info: Object, $user_state: anonymous} @ webpack-internal:///(app-pages-browser)/../../node_modules/.pnpm/posthog-js@1.364.7/node_modules/posthog-js/dist/module.js:22
[  890167ms] [LOG] [PostHog.js] Persistence loaded sessionStorage {$sdk_debug_extensions_init_method: synchronous, $sdk_debug_extensions_init_time_ms: 1, $sdk_debug_replay_remote_trigger_matching_config: null, $sdk_debug_replay_event_trigger_status: trigger_disabled, $sdk_debug_replay_url_trigger_status: trigger_disabled} @ webpack-internal:///(app-pages-browser)/../../node_modules/.pnpm/posthog-js@1.364.7/node_modules/posthog-js/dist/module.js:22
[  890168ms] [LOG] [PostHog.js] Initializing extensions synchronously @ webpack-internal:///(app-pages-browser)/../../node_modules/.pnpm/posthog-js@1.364.7/node_modules/posthog-js/dist/module.js:22
[  890168ms] [LOG] [PostHog.js] [Web Vitals] enabled, starting... @ webpack-internal:///(app-pages-browser)/../../node_modules/.pnpm/posthog-js@1.364.7/node_modules/posthog-js/dist/module.js:22
[  890169ms] [LOG] [PostHog.js] [SessionRecording] starting @ webpack-internal:///(app-pages-browser)/../../node_modules/.pnpm/posthog-js@1.364.7/node_modules/posthog-js/dist/module.js:22
[  890169ms] [LOG] [PostHog.js] [Heatmaps] starting... @ webpack-internal:///(app-pages-browser)/../../node_modules/.pnpm/posthog-js@1.364.7/node_modules/posthog-js/dist/module.js:22
[  890169ms] [LOG] [PostHog.js] Starting in debug mode {this: _n, config: Object, thisC: Object, p: Object, s: Object} @ webpack-internal:///(app-pages-browser)/../../node_modules/.pnpm/posthog-js@1.364.7/node_modules/posthog-js/dist/module.js:22
[  890169ms] [LOG] You're now in debug mode. All calls to PostHog will be logged in your console.
You can disable this with `posthog.debug(false)`. @ webpack-internal:///(app-pages-browser)/../../node_modules/.pnpm/posthog-js@1.364.7/node_modules/posthog-js/dist/module.js:22
[  890169ms] [LOG] [PostHog.js] Persistence loaded sessionStorage {$sdk_debug_extensions_init_method: synchronous, $sdk_debug_extensions_init_time_ms: 2, $sdk_debug_replay_remote_trigger_matching_config: null, $sdk_debug_replay_event_trigger_status: trigger_disabled, $sdk_debug_replay_url_trigger_status: trigger_disabled} @ webpack-internal:///(app-pages-browser)/../../node_modules/.pnpm/posthog-js@1.364.7/node_modules/posthog-js/dist/module.js:22
[  890169ms] [LOG] [PostHog.js] set_config {config: Object, oldConfig: Object, newConfig: Object} @ webpack-internal:///(app-pages-browser)/../../node_modules/.pnpm/posthog-js@1.364.7/node_modules/posthog-js/dist/module.js:22
[  890169ms] [LOG] [PostHog.js] [SessionRecording] starting @ webpack-internal:///(app-pages-browser)/../../node_modules/.pnpm/posthog-js@1.364.7/node_modules/posthog-js/dist/module.js:22
[  890195ms] [LOG] [PostHog.js] [Dead Clicks] starting... @ webpack-internal:///(app-pages-browser)/../../node_modules/.pnpm/posthog-js@1.364.7/node_modules/posthog-js/dist/module.js:22
[  890195ms] [LOG] [PostHog.js] Persistence loaded sessionStorage {$sdk_debug_extensions_init_method: synchronous, $sdk_debug_extensions_init_time_ms: 2, $sdk_debug_replay_remote_trigger_matching_config: null, $sdk_debug_replay_event_trigger_status: trigger_disabled, $sdk_debug_replay_url_trigger_status: trigger_disabled} @ webpack-internal:///(app-pages-browser)/../../node_modules/.pnpm/posthog-js@1.364.7/node_modules/posthog-js/dist/module.js:22
[  890195ms] [LOG] [PostHog.js] set_config {config: Object, oldConfig: Object, newConfig: Object} @ webpack-internal:///(app-pages-browser)/../../node_modules/.pnpm/posthog-js@1.364.7/node_modules/posthog-js/dist/module.js:22
[  890196ms] [LOG] [PostHog.js] [Surveys] flags response received, isSurveysEnabled: false @ webpack-internal:///(app-pages-browser)/../../node_modules/.pnpm/posthog-js@1.364.7/node_modules/posthog-js/dist/module.js:22
[  890196ms] [LOG] [PostHog.js] [Web Vitals] enabled, starting... @ webpack-internal:///(app-pages-browser)/../../node_modules/.pnpm/posthog-js@1.364.7/node_modules/posthog-js/dist/module.js:22
[  891133ms] [LOG] [PostHog.js] [Surveys] Surveys loaded successfully @ webpack-internal:///(app-pages-browser)/../../node_modules/.pnpm/posthog-js@1.364.7/node_modules/posthog-js/dist/module.js:22
[  892197ms] [LOG] [PostHog.js] send "$snapshot" {uuid: 019d8943-b99d-7c45-905a-0d48fde80f46, event: $snapshot, properties: Object, timestamp: Tue Apr 14 2026 05:23:30 GMT+0530 (India Standard Time)} @ webpack-internal:///(app-pages-browser)/../../node_modules/.pnpm/posthog-js@1.364.7/node_modules/posthog-js/dist/module.js:22
[  895172ms] [LOG] [PostHog.js] send "$$heatmap" {uuid: 019d8943-c53b-7983-a2ad-1b59e2140707, event: $$heatmap, properties: Object, timestamp: Tue Apr 14 2026 05:23:33 GMT+0530 (India Standard Time)} @ webpack-internal:///(app-pages-browser)/../../node_modules/.pnpm/posthog-js@1.364.7/node_modules/posthog-js/dist/module.js:22
[  896104ms] [LOG] [PostHog.js] send "$web_vitals" {uuid: 019d8943-c8df-741e-ba38-b67bbc2a28b9, event: $web_vitals, properties: Object, timestamp: Tue Apr 14 2026 05:23:34 GMT+0530 (India Standard Time)} @ webpack-internal:///(app-pages-browser)/../../node_modules/.pnpm/posthog-js@1.364.7/node_modules/posthog-js/dist/module.js:22
[  950843ms] [LOG] [Fast Refresh] rebuilding @ https://us-assets.i.posthog.com/static/posthog-recorder.js?v=1.364.7:0
[  951103ms] [LOG] [Fast Refresh] done in 261ms @ https://us-assets.i.posthog.com/static/posthog-recorder.js?v=1.364.7:0
[  952846ms] [LOG] [PostHog.js] send "$snapshot" {uuid: 019d8944-a687-7a44-8817-a8e40db99719, event: $snapshot, properties: Object, timestamp: Tue Apr 14 2026 05:24:30 GMT+0530 (India Standard Time)} @ webpack-internal:///(app-pages-browser)/../../node_modules/.pnpm/posthog-js@1.364.7/node_modules/posthog-js/dist/module.js:22
[  958433ms] [LOG] [PostHog.js] send "$snapshot" {uuid: 019d8944-bc59-710b-a836-b0b37adff02e, event: $snapshot, properties: Object, timestamp: Tue Apr 14 2026 05:24:36 GMT+0530 (India Standard Time)} @ webpack-internal:///(app-pages-browser)/../../node_modules/.pnpm/posthog-js@1.364.7/node_modules/posthog-js/dist/module.js:22
[  968926ms] [LOG] [PostHog.js] send "$snapshot" {uuid: 019d8944-e556-7f15-819c-4e5bb678c86f, event: $snapshot, properties: Object, timestamp: Tue Apr 14 2026 05:24:46 GMT+0530 (India Standard Time)} @ webpack-internal:///(app-pages-browser)/../../node_modules/.pnpm/posthog-js@1.364.7/node_modules/posthog-js/dist/module.js:22
[  970171ms] [LOG] [PostHog.js] send "$$heatmap" {uuid: 019d8944-ea33-7ecf-9dbd-9faa06c8016b, event: $$heatmap, properties: Object, timestamp: Tue Apr 14 2026 05:24:48 GMT+0530 (India Standard Time)} @ webpack-internal:///(app-pages-browser)/../../node_modules/.pnpm/posthog-js@1.364.7/node_modules/posthog-js/dist/module.js:22
[  975124ms] [LOG] [PostHog.js] send "$autocapture" {uuid: 019d8944-fd8c-7809-aac5-38bdaf7f112b, event: $autocapture, properties: Object, timestamp: Tue Apr 14 2026 05:24:53 GMT+0530 (India Standard Time)} @ webpack-internal:///(app-pages-browser)/../../node_modules/.pnpm/posthog-js@1.364.7/node_modules/posthog-js/dist/module.js:22
[  975171ms] [LOG] [PostHog.js] send "$$heatmap" {uuid: 019d8944-fdbb-7d0d-bb3a-a8be0cd27053, event: $$heatmap, properties: Object, timestamp: Tue Apr 14 2026 05:24:53 GMT+0530 (India Standard Time)} @ webpack-internal:///(app-pages-browser)/../../node_modules/.pnpm/posthog-js@1.364.7/node_modules/posthog-js/dist/module.js:22
[  975242ms] [LOG] [Fast Refresh] rebuilding @ https://us-assets.i.posthog.com/static/posthog-recorder.js?v=1.364.7:0
[  975816ms] [LOG] [PostHog.js] send "$snapshot" {uuid: 019d8945-0040-7b6e-850e-bd70c86effe2, event: $snapshot, properties: Object, timestamp: Tue Apr 14 2026 05:24:53 GMT+0530 (India Standard Time)} @ webpack-internal:///(app-pages-browser)/../../node_modules/.pnpm/posthog-js@1.364.7/node_modules/posthog-js/dist/module.js:22
[  976311ms] [LOG] [Fast Refresh] done in 1069ms @ https://us-assets.i.posthog.com/static/posthog-recorder.js?v=1.364.7:0
[  976680ms] [LOG] [PostHog.js] send "$pageview" {uuid: 019d8945-03a0-7860-a043-a12c29db415b, event: $pageview, properties: Object, timestamp: Tue Apr 14 2026 05:24:54 GMT+0530 (India Standard Time)} @ webpack-internal:///(app-pages-browser)/../../node_modules/.pnpm/posthog-js@1.364.7/node_modules/posthog-js/dist/module.js:22
[  977505ms] [LOG] [GTM Event] clear_ecommerce {ecommerce: null} @ https://us-assets.i.posthog.com/static/posthog-recorder.js?v=1.364.7:0
[  977506ms] [LOG] [GTM Event] begin_checkout {ecommerce: Object} @ https://us-assets.i.posthog.com/static/posthog-recorder.js?v=1.364.7:0
[  977849ms] [LOG] [PostHog.js] send "$snapshot" {uuid: 019d8945-0831-79bb-8f4a-2371991e39e3, event: $snapshot, properties: Object, timestamp: Tue Apr 14 2026 05:24:55 GMT+0530 (India Standard Time)} @ webpack-internal:///(app-pages-browser)/../../node_modules/.pnpm/posthog-js@1.364.7/node_modules/posthog-js/dist/module.js:22
[  978032ms] [LOG] [PostHog.js] send "$autocapture" {uuid: 019d8945-08e8-7c38-a115-214cce0bfc65, event: $autocapture, properties: Object, timestamp: Tue Apr 14 2026 05:24:56 GMT+0530 (India Standard Time)} @ webpack-internal:///(app-pages-browser)/../../node_modules/.pnpm/posthog-js@1.364.7/node_modules/posthog-js/dist/module.js:22
[  978860ms] [LOG] [PostHog.js] send "$autocapture" {uuid: 019d8945-0c23-73fb-b921-2c39a69565b2, event: $autocapture, properties: Object, timestamp: Tue Apr 14 2026 05:24:56 GMT+0530 (India Standard Time)} @ webpack-internal:///(app-pages-browser)/../../node_modules/.pnpm/posthog-js@1.364.7/node_modules/posthog-js/dist/module.js:22
[  979039ms] [LOG] [PostHog.js] send "$pageview" {uuid: 019d8945-0cd7-7e6c-af93-cf7f1afeaa89, event: $pageview, properties: Object, timestamp: Tue Apr 14 2026 05:24:57 GMT+0530 (India Standard Time)} @ webpack-internal:///(app-pages-browser)/../../node_modules/.pnpm/posthog-js@1.364.7/node_modules/posthog-js/dist/module.js:22
[  979923ms] [LOG] [PostHog.js] send "$snapshot" {uuid: 019d8945-104b-732d-8a47-98cfc02ba825, event: $snapshot, properties: Object, timestamp: Tue Apr 14 2026 05:24:57 GMT+0530 (India Standard Time)} @ webpack-internal:///(app-pages-browser)/../../node_modules/.pnpm/posthog-js@1.364.7/node_modules/posthog-js/dist/module.js:22
[  980171ms] [LOG] [PostHog.js] send "$$heatmap" {uuid: 019d8945-1143-77db-9e53-2baa2ee9f851, event: $$heatmap, properties: Object, timestamp: Tue Apr 14 2026 05:24:58 GMT+0530 (India Standard Time)} @ webpack-internal:///(app-pages-browser)/../../node_modules/.pnpm/posthog-js@1.364.7/node_modules/posthog-js/dist/module.js:22
[  981431ms] [LOG] [PostHog.js] send "$autocapture" {uuid: 019d8945-1630-73f8-8103-2ba2a533a4be, event: $autocapture, properties: Object, timestamp: Tue Apr 14 2026 05:24:59 GMT+0530 (India Standard Time)} @ webpack-internal:///(app-pages-browser)/../../node_modules/.pnpm/posthog-js@1.364.7/node_modules/posthog-js/dist/module.js:22
[  981927ms] [LOG] [PostHog.js] send "$snapshot" {uuid: 019d8945-1820-7a0f-9639-a3893261a103, event: $snapshot, properties: Object, timestamp: Tue Apr 14 2026 05:25:00 GMT+0530 (India Standard Time)} @ webpack-internal:///(app-pages-browser)/../../node_modules/.pnpm/posthog-js@1.364.7/node_modules/posthog-js/dist/module.js:22
[  982402ms] [LOG] [PostHog.js] send "$autocapture" {uuid: 019d8945-19fa-7609-86d5-e64bf5af19dc, event: $autocapture, properties: Object, timestamp: Tue Apr 14 2026 05:25:00 GMT+0530 (India Standard Time)} @ webpack-internal:///(app-pages-browser)/../../node_modules/.pnpm/posthog-js@1.364.7/node_modules/posthog-js/dist/module.js:22
[  982491ms] [WARNING] Skipping auto-scroll behavior due to `position: sticky` or `position: fixed` on element: JSHandle@node @ https://us-assets.i.posthog.com/static/posthog-recorder.js?v=1.364.7:0
[  982493ms] [LOG] [PostHog.js] send "$pageview" {uuid: 019d8945-1a56-7ce7-9d53-74aa1b5bfd63, event: $pageview, properties: Object, timestamp: Tue Apr 14 2026 05:25:00 GMT+0530 (India Standard Time)} @ webpack-internal:///(app-pages-browser)/../../node_modules/.pnpm/posthog-js@1.364.7/node_modules/posthog-js/dist/module.js:22
[  982494ms] [LOG] [GTM Event] clear_ecommerce {ecommerce: null} @ https://us-assets.i.posthog.com/static/posthog-recorder.js?v=1.364.7:0
[  982495ms] [LOG] [GTM Event] view_item {ecommerce: Object} @ https://us-assets.i.posthog.com/static/posthog-recorder.js?v=1.364.7:0
[  982497ms] [LOG] [GTM Event] clear_ecommerce {ecommerce: null} @ https://us-assets.i.posthog.com/static/posthog-recorder.js?v=1.364.7:0
[  982497ms] [LOG] [GTM Event] view_item {ecommerce: Object} @ https://us-assets.i.posthog.com/static/posthog-recorder.js?v=1.364.7:0
[  984235ms] [LOG] [PostHog.js] send "$snapshot" {uuid: 019d8945-2123-7a32-a6bc-fc7262af0a4f, event: $snapshot, properties: Object, timestamp: Tue Apr 14 2026 05:25:02 GMT+0530 (India Standard Time)} @ webpack-internal:///(app-pages-browser)/../../node_modules/.pnpm/posthog-js@1.364.7/node_modules/posthog-js/dist/module.js:22
[  985171ms] [LOG] [PostHog.js] send "$$heatmap" {uuid: 019d8945-24cb-70b2-acc1-2ea6ffcd168b, event: $$heatmap, properties: Object, timestamp: Tue Apr 14 2026 05:25:03 GMT+0530 (India Standard Time)} @ webpack-internal:///(app-pages-browser)/../../node_modules/.pnpm/posthog-js@1.364.7/node_modules/posthog-js/dist/module.js:22
[  986278ms] [LOG] [PostHog.js] send "$snapshot" {uuid: 019d8945-291e-71ad-bd8f-0b2880f73af3, event: $snapshot, properties: Object, timestamp: Tue Apr 14 2026 05:25:04 GMT+0530 (India Standard Time)} @ webpack-internal:///(app-pages-browser)/../../node_modules/.pnpm/posthog-js@1.364.7/node_modules/posthog-js/dist/module.js:22
[  988340ms] [LOG] [PostHog.js] send "$snapshot" {uuid: 019d8945-312c-7c4e-816b-e34549f0dc47, event: $snapshot, properties: Object, timestamp: Tue Apr 14 2026 05:25:06 GMT+0530 (India Standard Time)} @ webpack-internal:///(app-pages-browser)/../../node_modules/.pnpm/posthog-js@1.364.7/node_modules/posthog-js/dist/module.js:22
[  991525ms] [LOG] [PostHog.js] send "$snapshot" {uuid: 019d8945-3d9d-721c-975a-42f36cb948e6, event: $snapshot, properties: Object, timestamp: Tue Apr 14 2026 05:25:09 GMT+0530 (India Standard Time)} @ webpack-internal:///(app-pages-browser)/../../node_modules/.pnpm/posthog-js@1.364.7/node_modules/posthog-js/dist/module.js:22
[  993530ms] [LOG] [PostHog.js] send "$snapshot" {uuid: 019d8945-4572-71cf-855e-9d2f2659d6de, event: $snapshot, properties: Object, timestamp: Tue Apr 14 2026 05:25:11 GMT+0530 (India Standard Time)} @ webpack-internal:///(app-pages-browser)/../../node_modules/.pnpm/posthog-js@1.364.7/node_modules/posthog-js/dist/module.js:22
[  995174ms] [LOG] [PostHog.js] send "$$heatmap" {uuid: 019d8945-4bdd-75fd-9e53-576b1a5d6782, event: $$heatmap, properties: Object, timestamp: Tue Apr 14 2026 05:25:13 GMT+0530 (India Standard Time)} @ webpack-internal:///(app-pages-browser)/../../node_modules/.pnpm/posthog-js@1.364.7/node_modules/posthog-js/dist/module.js:22
[  997844ms] [LOG] [PostHog.js] send "$snapshot" {uuid: 019d8945-564c-73a5-81d0-7a17b6b2877b, event: $snapshot, properties: Object, timestamp: Tue Apr 14 2026 05:25:15 GMT+0530 (India Standard Time)} @ webpack-internal:///(app-pages-browser)/../../node_modules/.pnpm/posthog-js@1.364.7/node_modules/posthog-js/dist/module.js:22
[ 1000171ms] [LOG] [PostHog.js] send "$$heatmap" {uuid: 019d8945-5f64-71f1-852f-217e258c3446, event: $$heatmap, properties: Object, timestamp: Tue Apr 14 2026 05:25:18 GMT+0530 (India Standard Time)} @ webpack-internal:///(app-pages-browser)/../../node_modules/.pnpm/posthog-js@1.364.7/node_modules/posthog-js/dist/module.js:22
[ 1015172ms] [LOG] [PostHog.js] send "$$heatmap" {uuid: 019d8945-99fc-731a-a615-88fb5d66e7ae, event: $$heatmap, properties: Object, timestamp: Tue Apr 14 2026 05:25:33 GMT+0530 (India Standard Time)} @ webpack-internal:///(app-pages-browser)/../../node_modules/.pnpm/posthog-js@1.364.7/node_modules/posthog-js/dist/module.js:22
[ 1015737ms] [LOG] [PostHog.js] send "$snapshot" {uuid: 019d8945-9c32-7321-aca4-481eb65825e8, event: $snapshot, properties: Object, timestamp: Tue Apr 14 2026 05:25:33 GMT+0530 (India Standard Time)} @ webpack-internal:///(app-pages-browser)/../../node_modules/.pnpm/posthog-js@1.364.7/node_modules/posthog-js/dist/module.js:22
[ 1017741ms] [LOG] [PostHog.js] send "$snapshot" {uuid: 019d8945-a406-73a6-a578-1cc69be89e8f, event: $snapshot, properties: Object, timestamp: Tue Apr 14 2026 05:25:35 GMT+0530 (India Standard Time)} @ webpack-internal:///(app-pages-browser)/../../node_modules/.pnpm/posthog-js@1.364.7/node_modules/posthog-js/dist/module.js:22
[ 1019765ms] [LOG] [PostHog.js] send "$snapshot" {uuid: 019d8945-abed-7112-8f11-74127bf95b93, event: $snapshot, properties: Object, timestamp: Tue Apr 14 2026 05:25:37 GMT+0530 (India Standard Time)} @ webpack-internal:///(app-pages-browser)/../../node_modules/.pnpm/posthog-js@1.364.7/node_modules/posthog-js/dist/module.js:22
[ 1020170ms] [LOG] [PostHog.js] send "$$heatmap" {uuid: 019d8945-ad83-73d6-9dbb-87d79cf5dbc4, event: $$heatmap, properties: Object, timestamp: Tue Apr 14 2026 05:25:38 GMT+0530 (India Standard Time)} @ webpack-internal:///(app-pages-browser)/../../node_modules/.pnpm/posthog-js@1.364.7/node_modules/posthog-js/dist/module.js:22
[ 1022019ms] [LOG] [PostHog.js] send "$snapshot" {uuid: 019d8945-b4bb-7a1e-bf46-d75894bfc263, event: $snapshot, properties: Object, timestamp: Tue Apr 14 2026 05:25:40 GMT+0530 (India Standard Time)} @ webpack-internal:///(app-pages-browser)/../../node_modules/.pnpm/posthog-js@1.364.7/node_modules/posthog-js/dist/module.js:22
[ 1025172ms] [LOG] [PostHog.js] send "$$heatmap" {uuid: 019d8945-c10c-7dc8-8785-df645d584b68, event: $$heatmap, properties: Object, timestamp: Tue Apr 14 2026 05:25:43 GMT+0530 (India Standard Time)} @ webpack-internal:///(app-pages-browser)/../../node_modules/.pnpm/posthog-js@1.364.7/node_modules/posthog-js/dist/module.js:22
[ 1031602ms] [LOG] [Fast Refresh] rebuilding @ https://us-assets.i.posthog.com/static/posthog-recorder.js?v=1.364.7:0
[ 1031850ms] [WARNING] [Fast Refresh] performing full reload

Fast Refresh will perform a full reload when you edit a file that's imported by modules outside of the React rendering tree.
You might have a file which exports a React component but also exports a value that is imported by a non-React component file.
Consider migrating the non-React component export to a separate file and importing it into both files.

It is also possible the parent component of the component you edited is a class component, which disables Fast Refresh.
Fast Refresh requires at least one parent function component in your React tree. @ https://us-assets.i.posthog.com/static/posthog-recorder.js?v=1.364.7:0
[ 1031851ms] [LOG] [PostHog.js] send "$$heatmap" {uuid: 019d8945-db23-7024-9f4f-f53354fe8ac9, event: $$heatmap, properties: Object, timestamp: Tue Apr 14 2026 05:25:49 GMT+0530 (India Standard Time)} @ webpack-internal:///(app-pages-browser)/../../node_modules/.pnpm/posthog-js@1.364.7/node_modules/posthog-js/dist/module.js:22
[ 1031851ms] [LOG] [PostHog.js] send "$snapshot" {uuid: 019d8945-db24-7b35-9b2e-c01e01520710, event: $snapshot, properties: Object, timestamp: Tue Apr 14 2026 05:25:49 GMT+0530 (India Standard Time)} @ webpack-internal:///(app-pages-browser)/../../node_modules/.pnpm/posthog-js@1.364.7/node_modules/posthog-js/dist/module.js:22
[ 1032354ms] [LOG] [PostHog.js] send "$pageleave" {uuid: 019d8945-dd1a-78ff-a19d-34620b70c03e, event: $pageleave, properties: Object, timestamp: Tue Apr 14 2026 05:25:50 GMT+0530 (India Standard Time)} @ webpack-internal:///(app-pages-browser)/../../node_modules/.pnpm/posthog-js@1.364.7/node_modules/posthog-js/dist/module.js:22
[ 1032588ms] [INFO] %cDownload the React DevTools for a better development experience: https://react.dev/link/react-devtools font-weight:bold @ webpack-internal:///(app-pages-browser)/../../node_modules/.pnpm/next@15.5.14_@opentelemetry+api@1.9.1_react-dom@18.3.1_react@18.2.0__react@18.2.0/node_modules/next/dist/compiled/react-dom/cjs/react-dom-client.development.js:25630
[ 1032725ms] [LOG] [GTM Event] clear_ecommerce {ecommerce: null} @ webpack-internal:///(app-pages-browser)/./lib/hooks/useGTM.ts:16
[ 1032726ms] [LOG] [GTM Event] view_item {ecommerce: Object} @ webpack-internal:///(app-pages-browser)/./lib/hooks/useGTM.ts:16
[ 1032728ms] [LOG] [AuthProvider] Mounting, starting hydration @ webpack-internal:///(app-pages-browser)/./components/providers/AuthProvider.tsx:35
[ 1032728ms] [LOG] [auth-store] isFreshLogin: false URL: http://localhost:3000/services/gst-registration @ webpack-internal:///(app-pages-browser)/./lib/stores/auth-store.ts:205
[ 1032728ms] [LOG] [auth-store] refreshSession starting @ webpack-internal:///(app-pages-browser)/./lib/stores/auth-store.ts:209
[ 1032839ms] [LOG] [auth-store] getSession result: no session @ webpack-internal:///(app-pages-browser)/./lib/stores/auth-store.ts:213
[ 1032845ms] [LOG] [AuthProvider] Initial hydration complete @ webpack-internal:///(app-pages-browser)/./components/providers/AuthProvider.tsx:40
[ 1032845ms] [LOG] [AuthProvider] Auth event: INITIAL_SESSION @ webpack-internal:///(app-pages-browser)/./components/providers/AuthProvider.tsx:46
[ 1032847ms] [LOG] [PostHog.js] set_config {config: Object, oldConfig: Object, newConfig: Object} @ webpack-internal:///(app-pages-browser)/../../node_modules/.pnpm/posthog-js@1.364.7/node_modules/posthog-js/dist/module.js:22
[ 1032847ms] [LOG] [PostHog.js] Persistence loaded localStorage+cookie {$device_id: 019d5401-510f-7d21-a410-204e78f58700, distinct_id: 019d5401-510f-7d21-a410-204e78f58700, $sesid: Array(3), $initial_person_info: Object, $user_state: anonymous} @ webpack-internal:///(app-pages-browser)/../../node_modules/.pnpm/posthog-js@1.364.7/node_modules/posthog-js/dist/module.js:22
[ 1032848ms] [LOG] [PostHog.js] Persistence loaded sessionStorage {$sdk_debug_extensions_init_method: synchronous, $sdk_debug_extensions_init_time_ms: 2, $sdk_debug_replay_remote_trigger_matching_config: null, $sdk_debug_replay_event_trigger_status: trigger_disabled, $sdk_debug_replay_url_trigger_status: trigger_disabled} @ webpack-internal:///(app-pages-browser)/../../node_modules/.pnpm/posthog-js@1.364.7/node_modules/posthog-js/dist/module.js:22
[ 1032848ms] [LOG] [PostHog.js] Initializing extensions synchronously @ webpack-internal:///(app-pages-browser)/../../node_modules/.pnpm/posthog-js@1.364.7/node_modules/posthog-js/dist/module.js:22
[ 1032848ms] [LOG] [PostHog.js] [Web Vitals] enabled, starting... @ webpack-internal:///(app-pages-browser)/../../node_modules/.pnpm/posthog-js@1.364.7/node_modules/posthog-js/dist/module.js:22
[ 1032849ms] [LOG] [PostHog.js] [SessionRecording] starting @ webpack-internal:///(app-pages-browser)/../../node_modules/.pnpm/posthog-js@1.364.7/node_modules/posthog-js/dist/module.js:22
[ 1032849ms] [LOG] [PostHog.js] [Heatmaps] starting... @ webpack-internal:///(app-pages-browser)/../../node_modules/.pnpm/posthog-js@1.364.7/node_modules/posthog-js/dist/module.js:22
[ 1032849ms] [LOG] [PostHog.js] Starting in debug mode {this: _n, config: Object, thisC: Object, p: Object, s: Object} @ webpack-internal:///(app-pages-browser)/../../node_modules/.pnpm/posthog-js@1.364.7/node_modules/posthog-js/dist/module.js:22
[ 1032849ms] [LOG] You're now in debug mode. All calls to PostHog will be logged in your console.
You can disable this with `posthog.debug(false)`. @ webpack-internal:///(app-pages-browser)/../../node_modules/.pnpm/posthog-js@1.364.7/node_modules/posthog-js/dist/module.js:22
[ 1032850ms] [LOG] [PostHog.js] Persistence loaded sessionStorage {$sdk_debug_extensions_init_method: synchronous, $sdk_debug_extensions_init_time_ms: 1, $sdk_debug_replay_remote_trigger_matching_config: null, $sdk_debug_replay_event_trigger_status: trigger_disabled, $sdk_debug_replay_url_trigger_status: trigger_disabled} @ webpack-internal:///(app-pages-browser)/../../node_modules/.pnpm/posthog-js@1.364.7/node_modules/posthog-js/dist/module.js:22
[ 1032850ms] [LOG] [PostHog.js] set_config {config: Object, oldConfig: Object, newConfig: Object} @ webpack-internal:///(app-pages-browser)/../../node_modules/.pnpm/posthog-js@1.364.7/node_modules/posthog-js/dist/module.js:22
[ 1032850ms] [LOG] [PostHog.js] [SessionRecording] starting @ webpack-internal:///(app-pages-browser)/../../node_modules/.pnpm/posthog-js@1.364.7/node_modules/posthog-js/dist/module.js:22
[ 1032875ms] [LOG] [PostHog.js] [Dead Clicks] starting... @ webpack-internal:///(app-pages-browser)/../../node_modules/.pnpm/posthog-js@1.364.7/node_modules/posthog-js/dist/module.js:22
[ 1032875ms] [LOG] [PostHog.js] Persistence loaded sessionStorage {$sdk_debug_extensions_init_method: synchronous, $sdk_debug_extensions_init_time_ms: 1, $sdk_debug_replay_remote_trigger_matching_config: null, $sdk_debug_replay_event_trigger_status: trigger_disabled, $sdk_debug_replay_url_trigger_status: trigger_disabled} @ webpack-internal:///(app-pages-browser)/../../node_modules/.pnpm/posthog-js@1.364.7/node_modules/posthog-js/dist/module.js:22
[ 1032876ms] [LOG] [PostHog.js] set_config {config: Object, oldConfig: Object, newConfig: Object} @ webpack-internal:///(app-pages-browser)/../../node_modules/.pnpm/posthog-js@1.364.7/node_modules/posthog-js/dist/module.js:22
[ 1032876ms] [LOG] [PostHog.js] [Surveys] flags response received, isSurveysEnabled: false @ webpack-internal:///(app-pages-browser)/../../node_modules/.pnpm/posthog-js@1.364.7/node_modules/posthog-js/dist/module.js:22
[ 1032877ms] [LOG] [PostHog.js] [Surveys] Surveys loaded successfully @ webpack-internal:///(app-pages-browser)/../../node_modules/.pnpm/posthog-js@1.364.7/node_modules/posthog-js/dist/module.js:22
[ 1037880ms] [LOG] [PostHog.js] send "$web_vitals" {uuid: 019d8945-f2af-7f68-8f35-2f97e10d2782, event: $web_vitals, properties: Object, timestamp: Tue Apr 14 2026 05:25:55 GMT+0530 (India Standard Time)} @ webpack-internal:///(app-pages-browser)/../../node_modules/.pnpm/posthog-js@1.364.7/node_modules/posthog-js/dist/module.js:22
[ 1046262ms] [LOG] [PostHog.js] send "$snapshot" {uuid: 019d8946-136e-7062-aa6e-21fc21b80c57, event: $snapshot, properties: Object, timestamp: Tue Apr 14 2026 05:26:04 GMT+0530 (India Standard Time)} @ webpack-internal:///(app-pages-browser)/../../node_modules/.pnpm/posthog-js@1.364.7/node_modules/posthog-js/dist/module.js:22
[ 1047854ms] [LOG] [PostHog.js] send "$$heatmap" {uuid: 019d8946-19a4-76be-b78a-8d10f914db45, event: $$heatmap, properties: Object, timestamp: Tue Apr 14 2026 05:26:05 GMT+0530 (India Standard Time)} @ webpack-internal:///(app-pages-browser)/../../node_modules/.pnpm/posthog-js@1.364.7/node_modules/posthog-js/dist/module.js:22
[ 1049078ms] [LOG] [PostHog.js] send "$snapshot" {uuid: 019d8946-1e6f-7296-b6d0-e9ddd5a0e570, event: $snapshot, properties: Object, timestamp: Tue Apr 14 2026 05:26:07 GMT+0530 (India Standard Time)} @ webpack-internal:///(app-pages-browser)/../../node_modules/.pnpm/posthog-js@1.364.7/node_modules/posthog-js/dist/module.js:22
[ 1052070ms] [LOG] [PostHog.js] send "$web_vitals" {uuid: 019d8946-2a1d-7932-9b37-ee92d04df1a9, event: $web_vitals, properties: Object, timestamp: Tue Apr 14 2026 05:26:10 GMT+0530 (India Standard Time)} @ webpack-internal:///(app-pages-browser)/../../node_modules/.pnpm/posthog-js@1.364.7/node_modules/posthog-js/dist/module.js:22
[ 1052853ms] [LOG] [PostHog.js] send "$$heatmap" {uuid: 019d8946-2d2c-77f2-8e89-4d2b4bbd95b7, event: $$heatmap, properties: Object, timestamp: Tue Apr 14 2026 05:26:10 GMT+0530 (India Standard Time)} @ webpack-internal:///(app-pages-browser)/../../node_modules/.pnpm/posthog-js@1.364.7/node_modules/posthog-js/dist/module.js:22
[ 1052966ms] [LOG] [PostHog.js] send "$snapshot" {uuid: 019d8946-2d9e-764f-bcfb-a5d6a3599543, event: $snapshot, properties: Object, timestamp: Tue Apr 14 2026 05:26:11 GMT+0530 (India Standard Time)} @ webpack-internal:///(app-pages-browser)/../../node_modules/.pnpm/posthog-js@1.364.7/node_modules/posthog-js/dist/module.js:22
[ 1067852ms] [LOG] [PostHog.js] send "$$heatmap" {uuid: 019d8946-67c3-7cf6-ae06-ca27a381bda1, event: $$heatmap, properties: Object, timestamp: Tue Apr 14 2026 05:26:25 GMT+0530 (India Standard Time)} @ webpack-internal:///(app-pages-browser)/../../node_modules/.pnpm/posthog-js@1.364.7/node_modules/posthog-js/dist/module.js:22
[ 1068966ms] [LOG] [PostHog.js] send "$snapshot" {uuid: 019d8946-6c1f-7248-af8a-5a46d42efd64, event: $snapshot, properties: Object, timestamp: Tue Apr 14 2026 05:26:27 GMT+0530 (India Standard Time)} @ webpack-internal:///(app-pages-browser)/../../node_modules/.pnpm/posthog-js@1.364.7/node_modules/posthog-js/dist/module.js:22
[ 1071040ms] [LOG] [PostHog.js] send "$snapshot" {uuid: 019d8946-7439-7d49-851b-f785289c9a4e, event: $snapshot, properties: Object, timestamp: Tue Apr 14 2026 05:26:29 GMT+0530 (India Standard Time)} @ webpack-internal:///(app-pages-browser)/../../node_modules/.pnpm/posthog-js@1.364.7/node_modules/posthog-js/dist/module.js:22
[ 1072851ms] [LOG] [PostHog.js] send "$$heatmap" {uuid: 019d8946-7b4b-7149-80b7-b4d97f52268a, event: $$heatmap, properties: Object, timestamp: Tue Apr 14 2026 05:26:30 GMT+0530 (India Standard Time)} @ webpack-internal:///(app-pages-browser)/../../node_modules/.pnpm/posthog-js@1.364.7/node_modules/posthog-js/dist/module.js:22
[ 1073446ms] [LOG] [PostHog.js] send "$snapshot" {uuid: 019d8946-7d9f-735c-b71d-2aa8f9070067, event: $snapshot, properties: Object, timestamp: Tue Apr 14 2026 05:26:31 GMT+0530 (India Standard Time)} @ webpack-internal:///(app-pages-browser)/../../node_modules/.pnpm/posthog-js@1.364.7/node_modules/posthog-js/dist/module.js:22
[ 1075482ms] [LOG] [PostHog.js] send "$snapshot" {uuid: 019d8946-8592-759d-bf4b-561481d1ff27, event: $snapshot, properties: Object, timestamp: Tue Apr 14 2026 05:26:33 GMT+0530 (India Standard Time)} @ webpack-internal:///(app-pages-browser)/../../node_modules/.pnpm/posthog-js@1.364.7/node_modules/posthog-js/dist/module.js:22
[ 1077512ms] [LOG] [PostHog.js] send "$snapshot" {uuid: 019d8946-8d80-7a46-b9c0-b160fc9781fc, event: $snapshot, properties: Object, timestamp: Tue Apr 14 2026 05:26:35 GMT+0530 (India Standard Time)} @ webpack-internal:///(app-pages-browser)/../../node_modules/.pnpm/posthog-js@1.364.7/node_modules/posthog-js/dist/module.js:22
[ 1077852ms] [LOG] [PostHog.js] send "$$heatmap" {uuid: 019d8946-8ed4-7efb-b18e-c0a001c681fd, event: $$heatmap, properties: Object, timestamp: Tue Apr 14 2026 05:26:35 GMT+0530 (India Standard Time)} @ webpack-internal:///(app-pages-browser)/../../node_modules/.pnpm/posthog-js@1.364.7/node_modules/posthog-js/dist/module.js:22
[ 1081312ms] [LOG] [PostHog.js] send "$snapshot" {uuid: 019d8946-9c59-7e23-baed-693e7f624b52, event: $snapshot, properties: Object, timestamp: Tue Apr 14 2026 05:26:39 GMT+0530 (India Standard Time)} @ webpack-internal:///(app-pages-browser)/../../node_modules/.pnpm/posthog-js@1.364.7/node_modules/posthog-js/dist/module.js:22
[ 1082851ms] [LOG] [PostHog.js] send "$$heatmap" {uuid: 019d8946-a25b-7237-a84a-3d58cd403baa, event: $$heatmap, properties: Object, timestamp: Tue Apr 14 2026 05:26:40 GMT+0530 (India Standard Time)} @ webpack-internal:///(app-pages-browser)/../../node_modules/.pnpm/posthog-js@1.364.7/node_modules/posthog-js/dist/module.js:22
[ 1083314ms] [LOG] [PostHog.js] send "$snapshot" {uuid: 019d8946-a42b-7287-92d3-38202478d770, event: $snapshot, properties: Object, timestamp: Tue Apr 14 2026 05:26:41 GMT+0530 (India Standard Time)} @ webpack-internal:///(app-pages-browser)/../../node_modules/.pnpm/posthog-js@1.364.7/node_modules/posthog-js/dist/module.js:22
[ 1085336ms] [LOG] [PostHog.js] send "$snapshot" {uuid: 019d8946-ac10-793e-a4e6-41ba714e446d, event: $snapshot, properties: Object, timestamp: Tue Apr 14 2026 05:26:43 GMT+0530 (India Standard Time)} @ webpack-internal:///(app-pages-browser)/../../node_modules/.pnpm/posthog-js@1.364.7/node_modules/posthog-js/dist/module.js:22
[ 1085564ms] [LOG] [Fast Refresh] rebuilding @ https://us-assets.i.posthog.com/static/posthog-recorder.js?v=1.364.7:0
[ 1085963ms] [LOG] [Fast Refresh] done in 399ms @ https://us-assets.i.posthog.com/static/posthog-recorder.js?v=1.364.7:0
[ 1087567ms] [LOG] [PostHog.js] send "$snapshot" {uuid: 019d8946-b4c7-75cc-8998-ff085406afa2, event: $snapshot, properties: Object, timestamp: Tue Apr 14 2026 05:26:45 GMT+0530 (India Standard Time)} @ webpack-internal:///(app-pages-browser)/../../node_modules/.pnpm/posthog-js@1.364.7/node_modules/posthog-js/dist/module.js:22
[ 1093344ms] [LOG] [PostHog.js] send "$snapshot" {uuid: 019d8946-cb58-7343-b26b-358ace19e035, event: $snapshot, properties: Object, timestamp: Tue Apr 14 2026 05:26:51 GMT+0530 (India Standard Time)} @ webpack-internal:///(app-pages-browser)/../../node_modules/.pnpm/posthog-js@1.364.7/node_modules/posthog-js/dist/module.js:22
[ 1145699ms] [LOG] [PostHog.js] send "$snapshot" {uuid: 019d8947-97dc-740d-9cc8-342cd1387446, event: $snapshot, properties: Object, timestamp: Tue Apr 14 2026 05:27:43 GMT+0530 (India Standard Time)} @ webpack-internal:///(app-pages-browser)/../../node_modules/.pnpm/posthog-js@1.364.7/node_modules/posthog-js/dist/module.js:22
[ 1147749ms] [LOG] [PostHog.js] send "$snapshot" {uuid: 019d8947-9fdd-7a1b-9868-e3053901aa17, event: $snapshot, properties: Object, timestamp: Tue Apr 14 2026 05:27:45 GMT+0530 (India Standard Time)} @ webpack-internal:///(app-pages-browser)/../../node_modules/.pnpm/posthog-js@1.364.7/node_modules/posthog-js/dist/module.js:22
[ 1210892ms] [LOG] [Fast Refresh] rebuilding @ https://us-assets.i.posthog.com/static/posthog-recorder.js?v=1.364.7:0
[ 1211267ms] [LOG] [Fast Refresh] done in 375ms @ https://us-assets.i.posthog.com/static/posthog-recorder.js?v=1.364.7:0
[ 1212893ms] [LOG] [PostHog.js] send "$snapshot" {uuid: 019d8948-9e55-755d-964f-8f59a2dfaa29, event: $snapshot, properties: Object, timestamp: Tue Apr 14 2026 05:28:50 GMT+0530 (India Standard Time)} @ webpack-internal:///(app-pages-browser)/../../node_modules/.pnpm/posthog-js@1.364.7/node_modules/posthog-js/dist/module.js:22
[ 1218577ms] [LOG] [PostHog.js] send "$snapshot" {uuid: 019d8948-b489-7bfc-9fba-8bb9b45870b5, event: $snapshot, properties: Object, timestamp: Tue Apr 14 2026 05:28:56 GMT+0530 (India Standard Time)} @ webpack-internal:///(app-pages-browser)/../../node_modules/.pnpm/posthog-js@1.364.7/node_modules/posthog-js/dist/module.js:22
[ 1302854ms] [LOG] [PostHog.js] send "$$heatmap" {uuid: 019d8949-fdbd-7d0f-ada9-d460c9d0517f, event: $$heatmap, properties: Object, timestamp: Tue Apr 14 2026 05:30:20 GMT+0530 (India Standard Time)} @ webpack-internal:///(app-pages-browser)/../../node_modules/.pnpm/posthog-js@1.364.7/node_modules/posthog-js/dist/module.js:22
[ 1304249ms] [LOG] [PostHog.js] send "$snapshot" {uuid: 019d894a-0332-7f84-bbd0-3db35c717538, event: $snapshot, properties: Object, timestamp: Tue Apr 14 2026 05:30:22 GMT+0530 (India Standard Time)} @ webpack-internal:///(app-pages-browser)/../../node_modules/.pnpm/posthog-js@1.364.7/node_modules/posthog-js/dist/module.js:22
[ 1307854ms] [LOG] [PostHog.js] send "$$heatmap" {uuid: 019d894a-1145-7b95-a4ae-c99a69308094, event: $$heatmap, properties: Object, timestamp: Tue Apr 14 2026 05:30:25 GMT+0530 (India Standard Time)} @ webpack-internal:///(app-pages-browser)/../../node_modules/.pnpm/posthog-js@1.364.7/node_modules/posthog-js/dist/module.js:22
[ 1334866ms] [LOG] [PostHog.js] send "$snapshot" {uuid: 019d894a-7acb-75d1-a915-22858c2d5b41, event: $snapshot, properties: Object, timestamp: Tue Apr 14 2026 05:30:52 GMT+0530 (India Standard Time)} @ webpack-internal:///(app-pages-browser)/../../node_modules/.pnpm/posthog-js@1.364.7/node_modules/posthog-js/dist/module.js:22
[ 1632889ms] [LOG] [PostHog.js] send "$snapshot" {uuid: 019d894f-06f2-726c-bef1-6afb2be8e3af, event: $snapshot, properties: Object, timestamp: Tue Apr 14 2026 05:35:50 GMT+0530 (India Standard Time)} @ webpack-internal:///(app-pages-browser)/../../node_modules/.pnpm/posthog-js@1.364.7/node_modules/posthog-js/dist/module.js:22
[ 2121551ms] [LOG] [PostHog.js] send "$snapshot" {uuid: 019d8956-7bc7-7d2c-b4fd-6c0ab532b0a3, event: $snapshot, properties: Object, timestamp: Tue Apr 14 2026 05:43:59 GMT+0530 (India Standard Time)} @ webpack-internal:///(app-pages-browser)/../../node_modules/.pnpm/posthog-js@1.364.7/node_modules/posthog-js/dist/module.js:22
[ 2123596ms] [LOG] [PostHog.js] send "$snapshot" {uuid: 019d8956-83c5-76aa-aafd-ed1b99fb81a8, event: $snapshot, properties: Object, timestamp: Tue Apr 14 2026 05:44:01 GMT+0530 (India Standard Time)} @ webpack-internal:///(app-pages-browser)/../../node_modules/.pnpm/posthog-js@1.364.7/node_modules/posthog-js/dist/module.js:22
[ 2125808ms] [LOG] [PostHog.js] send "$snapshot" {uuid: 019d8956-8c68-75d9-a3cb-7cc39e26a6d2, event: $snapshot, properties: Object, timestamp: Tue Apr 14 2026 05:44:03 GMT+0530 (India Standard Time)} @ webpack-internal:///(app-pages-browser)/../../node_modules/.pnpm/posthog-js@1.364.7/node_modules/posthog-js/dist/module.js:22
[ 2127810ms] [LOG] [PostHog.js] send "$snapshot" {uuid: 019d8956-943a-70d3-b805-b10022116566, event: $snapshot, properties: Object, timestamp: Tue Apr 14 2026 05:44:05 GMT+0530 (India Standard Time)} @ webpack-internal:///(app-pages-browser)/../../node_modules/.pnpm/posthog-js@1.364.7/node_modules/posthog-js/dist/module.js:22
[ 2127856ms] [LOG] [PostHog.js] send "$$heatmap" {uuid: 019d8956-9468-7d1b-ae1e-980602964f83, event: $$heatmap, properties: Object, timestamp: Tue Apr 14 2026 05:44:05 GMT+0530 (India Standard Time)} @ webpack-internal:///(app-pages-browser)/../../node_modules/.pnpm/posthog-js@1.364.7/node_modules/posthog-js/dist/module.js:22
[ 2129812ms] [LOG] [PostHog.js] send "$snapshot" {uuid: 019d8956-9c0d-7e45-a12f-22e7f98d9265, event: $snapshot, properties: Object, timestamp: Tue Apr 14 2026 05:44:07 GMT+0530 (India Standard Time)} @ webpack-internal:///(app-pages-browser)/../../node_modules/.pnpm/posthog-js@1.364.7/node_modules/posthog-js/dist/module.js:22
[ 2132856ms] [LOG] [PostHog.js] send "$$heatmap" {uuid: 019d8956-a7f0-71ee-ab28-a62295fa6928, event: $$heatmap, properties: Object, timestamp: Tue Apr 14 2026 05:44:10 GMT+0530 (India Standard Time)} @ webpack-internal:///(app-pages-browser)/../../node_modules/.pnpm/posthog-js@1.364.7/node_modules/posthog-js/dist/module.js:22
[ 2142309ms] [LOG] [PostHog.js] send "$snapshot" {uuid: 019d8956-ccdd-7680-b06b-ebb634070983, event: $snapshot, properties: Object, timestamp: Tue Apr 14 2026 05:44:20 GMT+0530 (India Standard Time)} @ webpack-internal:///(app-pages-browser)/../../node_modules/.pnpm/posthog-js@1.364.7/node_modules/posthog-js/dist/module.js:22
[ 2142856ms] [LOG] [PostHog.js] send "$$heatmap" {uuid: 019d8956-cf00-7ffb-b445-2607c752fd84, event: $$heatmap, properties: Object, timestamp: Tue Apr 14 2026 05:44:20 GMT+0530 (India Standard Time)} @ webpack-internal:///(app-pages-browser)/../../node_modules/.pnpm/posthog-js@1.364.7/node_modules/posthog-js/dist/module.js:22
[ 2144989ms] [LOG] [PostHog.js] send "$snapshot" {uuid: 019d8956-d755-7677-aa38-17824b992251, event: $snapshot, properties: Object, timestamp: Tue Apr 14 2026 05:44:23 GMT+0530 (India Standard Time)} @ webpack-internal:///(app-pages-browser)/../../node_modules/.pnpm/posthog-js@1.364.7/node_modules/posthog-js/dist/module.js:22
[ 2147110ms] [LOG] [PostHog.js] send "$snapshot" {uuid: 019d8956-df9e-781b-9f78-4fe3037933f5, event: $snapshot, properties: Object, timestamp: Tue Apr 14 2026 05:44:25 GMT+0530 (India Standard Time)} @ webpack-internal:///(app-pages-browser)/../../node_modules/.pnpm/posthog-js@1.364.7/node_modules/posthog-js/dist/module.js:22
[ 2147856ms] [LOG] [PostHog.js] send "$$heatmap" {uuid: 019d8956-e288-70a9-9d75-ffea1a8c0f2e, event: $$heatmap, properties: Object, timestamp: Tue Apr 14 2026 05:44:25 GMT+0530 (India Standard Time)} @ webpack-internal:///(app-pages-browser)/../../node_modules/.pnpm/posthog-js@1.364.7/node_modules/posthog-js/dist/module.js:22
[ 2152198ms] [LOG] [PostHog.js] send "$snapshot" {uuid: 019d8956-f37f-72c3-a0b4-a719313891bc, event: $snapshot, properties: Object, timestamp: Tue Apr 14 2026 05:44:30 GMT+0530 (India Standard Time)} @ webpack-internal:///(app-pages-browser)/../../node_modules/.pnpm/posthog-js@1.364.7/node_modules/posthog-js/dist/module.js:22
[ 2152856ms] [LOG] [PostHog.js] send "$$heatmap" {uuid: 019d8956-f610-7f12-b830-2917274f3c4b, event: $$heatmap, properties: Object, timestamp: Tue Apr 14 2026 05:44:30 GMT+0530 (India Standard Time)} @ webpack-internal:///(app-pages-browser)/../../node_modules/.pnpm/posthog-js@1.364.7/node_modules/posthog-js/dist/module.js:22
[ 2154323ms] [LOG] [PostHog.js] send "$snapshot" {uuid: 019d8956-fbcc-71fb-90e7-925e2dd03182, event: $snapshot, properties: Object, timestamp: Tue Apr 14 2026 05:44:32 GMT+0530 (India Standard Time)} @ webpack-internal:///(app-pages-browser)/../../node_modules/.pnpm/posthog-js@1.364.7/node_modules/posthog-js/dist/module.js:22
[ 2157240ms] [LOG] [PostHog.js] send "$snapshot" {uuid: 019d8957-0731-7f56-90ea-3fd6b41ddcf2, event: $snapshot, properties: Object, timestamp: Tue Apr 14 2026 05:44:35 GMT+0530 (India Standard Time)} @ webpack-internal:///(app-pages-browser)/../../node_modules/.pnpm/posthog-js@1.364.7/node_modules/posthog-js/dist/module.js:22
[ 2157856ms] [LOG] [PostHog.js] send "$$heatmap" {uuid: 019d8957-0998-737f-8ef8-c5412aacd67a, event: $$heatmap, properties: Object, timestamp: Tue Apr 14 2026 05:44:35 GMT+0530 (India Standard Time)} @ webpack-internal:///(app-pages-browser)/../../node_modules/.pnpm/posthog-js@1.364.7/node_modules/posthog-js/dist/module.js:22
[ 2159733ms] [LOG] [PostHog.js] send "$snapshot" {uuid: 019d8957-10ed-78fe-9fcf-00aa55c4afc6, event: $snapshot, properties: Object, timestamp: Tue Apr 14 2026 05:44:37 GMT+0530 (India Standard Time)} @ webpack-internal:///(app-pages-browser)/../../node_modules/.pnpm/posthog-js@1.364.7/node_modules/posthog-js/dist/module.js:22
[ 2162557ms] [LOG] [PostHog.js] send "$snapshot" {uuid: 019d8957-1bf5-70e8-ba06-12bfb66820e4, event: $snapshot, properties: Object, timestamp: Tue Apr 14 2026 05:44:40 GMT+0530 (India Standard Time)} @ webpack-internal:///(app-pages-browser)/../../node_modules/.pnpm/posthog-js@1.364.7/node_modules/posthog-js/dist/module.js:22
[ 2162856ms] [LOG] [PostHog.js] send "$$heatmap" {uuid: 019d8957-1d20-71c3-b880-def59a4e2078, event: $$heatmap, properties: Object, timestamp: Tue Apr 14 2026 05:44:40 GMT+0530 (India Standard Time)} @ webpack-internal:///(app-pages-browser)/../../node_modules/.pnpm/posthog-js@1.364.7/node_modules/posthog-js/dist/module.js:22
[ 2164808ms] [LOG] [PostHog.js] send "$snapshot" {uuid: 019d8957-24c1-760d-ad8c-ebba9d025157, event: $snapshot, properties: Object, timestamp: Tue Apr 14 2026 05:44:42 GMT+0530 (India Standard Time)} @ webpack-internal:///(app-pages-browser)/../../node_modules/.pnpm/posthog-js@1.364.7/node_modules/posthog-js/dist/module.js:22
[ 2167235ms] [LOG] [PostHog.js] send "$snapshot" {uuid: 019d8957-2e3b-773c-b6d6-323c56be3074, event: $snapshot, properties: Object, timestamp: Tue Apr 14 2026 05:44:45 GMT+0530 (India Standard Time)} @ webpack-internal:///(app-pages-browser)/../../node_modules/.pnpm/posthog-js@1.364.7/node_modules/posthog-js/dist/module.js:22
[ 2167855ms] [LOG] [PostHog.js] send "$$heatmap" {uuid: 019d8957-30a7-7b26-a519-0434d3f777f8, event: $$heatmap, properties: Object, timestamp: Tue Apr 14 2026 05:44:45 GMT+0530 (India Standard Time)} @ webpack-internal:///(app-pages-browser)/../../node_modules/.pnpm/posthog-js@1.364.7/node_modules/posthog-js/dist/module.js:22
[ 2169284ms] [LOG] [PostHog.js] send "$snapshot" {uuid: 019d8957-363d-77d1-a3df-9b37e38408c0, event: $snapshot, properties: Object, timestamp: Tue Apr 14 2026 05:44:47 GMT+0530 (India Standard Time)} @ webpack-internal:///(app-pages-browser)/../../node_modules/.pnpm/posthog-js@1.364.7/node_modules/posthog-js/dist/module.js:22
[ 2171399ms] [LOG] [PostHog.js] send "$snapshot" {uuid: 019d8957-3e7f-77f9-90a3-4a3adcd384e0, event: $snapshot, properties: Object, timestamp: Tue Apr 14 2026 05:44:49 GMT+0530 (India Standard Time)} @ webpack-internal:///(app-pages-browser)/../../node_modules/.pnpm/posthog-js@1.364.7/node_modules/posthog-js/dist/module.js:22
[ 2172856ms] [LOG] [PostHog.js] send "$$heatmap" {uuid: 019d8957-4430-7cd4-9fde-31567e12e608, event: $$heatmap, properties: Object, timestamp: Tue Apr 14 2026 05:44:50 GMT+0530 (India Standard Time)} @ webpack-internal:///(app-pages-browser)/../../node_modules/.pnpm/posthog-js@1.364.7/node_modules/posthog-js/dist/module.js:22
[ 2173541ms] [LOG] [PostHog.js] send "$snapshot" {uuid: 019d8957-46de-7471-bf4a-7d01fba61ed1, event: $snapshot, properties: Object, timestamp: Tue Apr 14 2026 05:44:51 GMT+0530 (India Standard Time)} @ webpack-internal:///(app-pages-browser)/../../node_modules/.pnpm/posthog-js@1.364.7/node_modules/posthog-js/dist/module.js:22
[ 2175703ms] [LOG] [PostHog.js] send "$snapshot" {uuid: 019d8957-4f4f-77a2-9a7e-789b7e18e123, event: $snapshot, properties: Object, timestamp: Tue Apr 14 2026 05:44:53 GMT+0530 (India Standard Time)} @ webpack-internal:///(app-pages-browser)/../../node_modules/.pnpm/posthog-js@1.364.7/node_modules/posthog-js/dist/module.js:22
[ 2177856ms] [LOG] [PostHog.js] send "$$heatmap" {uuid: 019d8957-57b8-77b0-a7d4-c349a95ebbae, event: $$heatmap, properties: Object, timestamp: Tue Apr 14 2026 05:44:55 GMT+0530 (India Standard Time)} @ webpack-internal:///(app-pages-browser)/../../node_modules/.pnpm/posthog-js@1.364.7/node_modules/posthog-js/dist/module.js:22
[ 2178089ms] [LOG] [PostHog.js] send "$snapshot" {uuid: 019d8957-58a1-7d76-9ec3-9593d391ebae, event: $snapshot, properties: Object, timestamp: Tue Apr 14 2026 05:44:56 GMT+0530 (India Standard Time)} @ webpack-internal:///(app-pages-browser)/../../node_modules/.pnpm/posthog-js@1.364.7/node_modules/posthog-js/dist/module.js:22
[ 2180114ms] [LOG] [PostHog.js] send "$snapshot" {uuid: 019d8957-608a-74b1-a493-057c3fce3cb9, event: $snapshot, properties: Object, timestamp: Tue Apr 14 2026 05:44:58 GMT+0530 (India Standard Time)} @ webpack-internal:///(app-pages-browser)/../../node_modules/.pnpm/posthog-js@1.364.7/node_modules/posthog-js/dist/module.js:22
[ 2182213ms] [LOG] [PostHog.js] send "$snapshot" {uuid: 019d8957-68be-7716-9b92-be575b004061, event: $snapshot, properties: Object, timestamp: Tue Apr 14 2026 05:45:00 GMT+0530 (India Standard Time)} @ webpack-internal:///(app-pages-browser)/../../node_modules/.pnpm/posthog-js@1.364.7/node_modules/posthog-js/dist/module.js:22
[ 2184502ms] [LOG] [PostHog.js] send "$snapshot" {uuid: 019d8957-71ae-7df2-b90d-4362b6b39f35, event: $snapshot, properties: Object, timestamp: Tue Apr 14 2026 05:45:02 GMT+0530 (India Standard Time)} @ webpack-internal:///(app-pages-browser)/../../node_modules/.pnpm/posthog-js@1.364.7/node_modules/posthog-js/dist/module.js:22
[ 2186563ms] [LOG] [PostHog.js] send "$snapshot" {uuid: 019d8957-79bb-75d9-bf98-92bdd9cb84ad, event: $snapshot, properties: Object, timestamp: Tue Apr 14 2026 05:45:04 GMT+0530 (India Standard Time)} @ webpack-internal:///(app-pages-browser)/../../node_modules/.pnpm/posthog-js@1.364.7/node_modules/posthog-js/dist/module.js:22
[ 2187855ms] [LOG] [PostHog.js] send "$$heatmap" {uuid: 019d8957-7ec7-7fde-a56c-77fd95a478d3, event: $$heatmap, properties: Object, timestamp: Tue Apr 14 2026 05:45:05 GMT+0530 (India Standard Time)} @ webpack-internal:///(app-pages-browser)/../../node_modules/.pnpm/posthog-js@1.364.7/node_modules/posthog-js/dist/module.js:22
[ 2188614ms] [LOG] [PostHog.js] send "$snapshot" {uuid: 019d8957-81be-723a-aedd-1099ab8988cc, event: $snapshot, properties: Object, timestamp: Tue Apr 14 2026 05:45:06 GMT+0530 (India Standard Time)} @ webpack-internal:///(app-pages-browser)/../../node_modules/.pnpm/posthog-js@1.364.7/node_modules/posthog-js/dist/module.js:22
[ 2190736ms] [LOG] [PostHog.js] send "$snapshot" {uuid: 019d8957-8a08-79b0-badf-eba278e9fba7, event: $snapshot, properties: Object, timestamp: Tue Apr 14 2026 05:45:08 GMT+0530 (India Standard Time)} @ webpack-internal:///(app-pages-browser)/../../node_modules/.pnpm/posthog-js@1.364.7/node_modules/posthog-js/dist/module.js:22
[ 2192808ms] [LOG] [PostHog.js] send "$snapshot" {uuid: 019d8957-9220-7fcc-84a2-fa6fa782b084, event: $snapshot, properties: Object, timestamp: Tue Apr 14 2026 05:45:10 GMT+0530 (India Standard Time)} @ webpack-internal:///(app-pages-browser)/../../node_modules/.pnpm/posthog-js@1.364.7/node_modules/posthog-js/dist/module.js:22
[ 2195090ms] [LOG] [PostHog.js] send "$snapshot" {uuid: 019d8957-9b0a-712e-b8d4-68f10f5d7b0a, event: $snapshot, properties: Object, timestamp: Tue Apr 14 2026 05:45:13 GMT+0530 (India Standard Time)} @ webpack-internal:///(app-pages-browser)/../../node_modules/.pnpm/posthog-js@1.364.7/node_modules/posthog-js/dist/module.js:22
[ 2197265ms] [LOG] [PostHog.js] send "$snapshot" {uuid: 019d8957-a38a-7258-9d96-411c29d856da, event: $snapshot, properties: Object, timestamp: Tue Apr 14 2026 05:45:15 GMT+0530 (India Standard Time)} @ webpack-internal:///(app-pages-browser)/../../node_modules/.pnpm/posthog-js@1.364.7/node_modules/posthog-js/dist/module.js:22
[ 2197857ms] [LOG] [PostHog.js] send "$$heatmap" {uuid: 019d8957-a5d9-756c-8229-e88a244f7af5, event: $$heatmap, properties: Object, timestamp: Tue Apr 14 2026 05:45:15 GMT+0530 (India Standard Time)} @ webpack-internal:///(app-pages-browser)/../../node_modules/.pnpm/posthog-js@1.364.7/node_modules/posthog-js/dist/module.js:22
[ 2281401ms] [LOG] [PostHog.js] send "$snapshot" {uuid: 019d8958-ec32-75de-a31f-1918977afaee, event: $snapshot, properties: Object, timestamp: Tue Apr 14 2026 05:46:39 GMT+0530 (India Standard Time)} @ webpack-internal:///(app-pages-browser)/../../node_modules/.pnpm/posthog-js@1.364.7/node_modules/posthog-js/dist/module.js:22
[ 2282857ms] [LOG] [PostHog.js] send "$$heatmap" {uuid: 019d8958-f1e1-78ed-b1de-9f27833110ef, event: $$heatmap, properties: Object, timestamp: Tue Apr 14 2026 05:46:40 GMT+0530 (India Standard Time)} @ webpack-internal:///(app-pages-browser)/../../node_modules/.pnpm/posthog-js@1.364.7/node_modules/posthog-js/dist/module.js:22
[ 2283605ms] [LOG] [PostHog.js] send "$snapshot" {uuid: 019d8958-f4ce-7c4f-bf32-9fcbb86e422a, event: $snapshot, properties: Object, timestamp: Tue Apr 14 2026 05:46:41 GMT+0530 (India Standard Time)} @ webpack-internal:///(app-pages-browser)/../../node_modules/.pnpm/posthog-js@1.364.7/node_modules/posthog-js/dist/module.js:22
[ 2285626ms] [LOG] [PostHog.js] send "$snapshot" {uuid: 019d8958-fcb3-796f-b380-406666727b4b, event: $snapshot, properties: Object, timestamp: Tue Apr 14 2026 05:46:43 GMT+0530 (India Standard Time)} @ webpack-internal:///(app-pages-browser)/../../node_modules/.pnpm/posthog-js@1.364.7/node_modules/posthog-js/dist/module.js:22
[ 2287855ms] [LOG] [PostHog.js] send "$$heatmap" {uuid: 019d8959-0567-7bee-9277-96558eee8189, event: $$heatmap, properties: Object, timestamp: Tue Apr 14 2026 05:46:45 GMT+0530 (India Standard Time)} @ webpack-internal:///(app-pages-browser)/../../node_modules/.pnpm/posthog-js@1.364.7/node_modules/posthog-js/dist/module.js:22
[ 2287974ms] [LOG] [PostHog.js] send "$snapshot" {uuid: 019d8959-05de-79a1-8c8a-1dfad264148a, event: $snapshot, properties: Object, timestamp: Tue Apr 14 2026 05:46:46 GMT+0530 (India Standard Time)} @ webpack-internal:///(app-pages-browser)/../../node_modules/.pnpm/posthog-js@1.364.7/node_modules/posthog-js/dist/module.js:22
[ 2292856ms] [LOG] [PostHog.js] send "$$heatmap" {uuid: 019d8959-18f0-72f7-b8b7-2acee6ac90d4, event: $$heatmap, properties: Object, timestamp: Tue Apr 14 2026 05:46:50 GMT+0530 (India Standard Time)} @ webpack-internal:///(app-pages-browser)/../../node_modules/.pnpm/posthog-js@1.364.7/node_modules/posthog-js/dist/module.js:22
[ 2292874ms] [LOG] [PostHog.js] send "$snapshot" {uuid: 019d8959-1903-712e-90a3-5c0c828e54d8, event: $snapshot, properties: Object, timestamp: Tue Apr 14 2026 05:46:50 GMT+0530 (India Standard Time)} @ webpack-internal:///(app-pages-browser)/../../node_modules/.pnpm/posthog-js@1.364.7/node_modules/posthog-js/dist/module.js:22
[ 2297425ms] [LOG] [PostHog.js] send "$snapshot" {uuid: 019d8959-2aca-7926-8989-1077fdf0a53b, event: $snapshot, properties: Object, timestamp: Tue Apr 14 2026 05:46:55 GMT+0530 (India Standard Time)} @ webpack-internal:///(app-pages-browser)/../../node_modules/.pnpm/posthog-js@1.364.7/node_modules/posthog-js/dist/module.js:22
[ 2297857ms] [LOG] [PostHog.js] send "$$heatmap" {uuid: 019d8959-2c79-7e01-ae26-cdef0b5e6854, event: $$heatmap, properties: Object, timestamp: Tue Apr 14 2026 05:46:55 GMT+0530 (India Standard Time)} @ webpack-internal:///(app-pages-browser)/../../node_modules/.pnpm/posthog-js@1.364.7/node_modules/posthog-js/dist/module.js:22
[ 2305589ms] [LOG] [Fast Refresh] rebuilding @ https://us-assets.i.posthog.com/static/posthog-recorder.js?v=1.364.7:0
[ 2305926ms] [LOG] [Fast Refresh] done in 337ms @ https://us-assets.i.posthog.com/static/posthog-recorder.js?v=1.364.7:0
[ 2306603ms] [LOG] [Fast Refresh] rebuilding @ https://us-assets.i.posthog.com/static/posthog-recorder.js?v=1.364.7:0
[ 2306848ms] [LOG] [Fast Refresh] done in 244ms @ https://us-assets.i.posthog.com/static/posthog-recorder.js?v=1.364.7:0
[ 2307590ms] [LOG] [PostHog.js] send "$snapshot" {uuid: 019d8959-527f-7c2d-b8be-6a99c15a1656, event: $snapshot, properties: Object, timestamp: Tue Apr 14 2026 05:47:05 GMT+0530 (India Standard Time)} @ webpack-internal:///(app-pages-browser)/../../node_modules/.pnpm/posthog-js@1.364.7/node_modules/posthog-js/dist/module.js:22
[ 2308216ms] [LOG] [Fast Refresh] rebuilding @ https://us-assets.i.posthog.com/static/posthog-recorder.js?v=1.364.7:0
[ 2308448ms] [LOG] [Fast Refresh] done in 233ms @ https://us-assets.i.posthog.com/static/posthog-recorder.js?v=1.364.7:0
[ 2308880ms] [LOG] [Fast Refresh] rebuilding @ https://us-assets.i.posthog.com/static/posthog-recorder.js?v=1.364.7:0
[ 2309066ms] [LOG] [Fast Refresh] done in 186ms @ https://us-assets.i.posthog.com/static/posthog-recorder.js?v=1.364.7:0
[ 2310007ms] [LOG] [Fast Refresh] rebuilding @ https://us-assets.i.posthog.com/static/posthog-recorder.js?v=1.364.7:0
[ 2310195ms] [LOG] [Fast Refresh] done in 188ms @ https://us-assets.i.posthog.com/static/posthog-recorder.js?v=1.364.7:0
[ 2310217ms] [LOG] [PostHog.js] send "$snapshot" {uuid: 019d8959-5cc1-7087-a56f-8bc8a2504477, event: $snapshot, properties: Object, timestamp: Tue Apr 14 2026 05:47:08 GMT+0530 (India Standard Time)} @ webpack-internal:///(app-pages-browser)/../../node_modules/.pnpm/posthog-js@1.364.7/node_modules/posthog-js/dist/module.js:22
[ 2312384ms] [LOG] [PostHog.js] send "$snapshot" {uuid: 019d8959-6539-7844-85d4-325dd25a70bc, event: $snapshot, properties: Object, timestamp: Tue Apr 14 2026 05:47:10 GMT+0530 (India Standard Time)} @ webpack-internal:///(app-pages-browser)/../../node_modules/.pnpm/posthog-js@1.364.7/node_modules/posthog-js/dist/module.js:22
[ 2317404ms] [LOG] [PostHog.js] send "$snapshot" {uuid: 019d8959-78d5-7606-8ac1-01c7e460d3e3, event: $snapshot, properties: Object, timestamp: Tue Apr 14 2026 05:47:15 GMT+0530 (India Standard Time)} @ webpack-internal:///(app-pages-browser)/../../node_modules/.pnpm/posthog-js@1.364.7/node_modules/posthog-js/dist/module.js:22
[ 2321474ms] [LOG] [Fast Refresh] rebuilding @ https://us-assets.i.posthog.com/static/posthog-recorder.js?v=1.364.7:0
[ 2321723ms] [LOG] [Fast Refresh] done in 249ms @ https://us-assets.i.posthog.com/static/posthog-recorder.js?v=1.364.7:0
[ 2322745ms] [LOG] [Fast Refresh] rebuilding @ https://us-assets.i.posthog.com/static/posthog-recorder.js?v=1.364.7:0
[ 2322986ms] [LOG] [Fast Refresh] done in 242ms @ https://us-assets.i.posthog.com/static/posthog-recorder.js?v=1.364.7:0
[ 2323475ms] [LOG] [PostHog.js] send "$snapshot" {uuid: 019d8959-908b-723e-bc72-93d9ad8fd340, event: $snapshot, properties: Object, timestamp: Tue Apr 14 2026 05:47:21 GMT+0530 (India Standard Time)} @ webpack-internal:///(app-pages-browser)/../../node_modules/.pnpm/posthog-js@1.364.7/node_modules/posthog-js/dist/module.js:22
[ 2325499ms] [LOG] [PostHog.js] send "$snapshot" {uuid: 019d8959-9873-785f-a1c1-745a81a3f290, event: $snapshot, properties: Object, timestamp: Tue Apr 14 2026 05:47:23 GMT+0530 (India Standard Time)} @ webpack-internal:///(app-pages-browser)/../../node_modules/.pnpm/posthog-js@1.364.7/node_modules/posthog-js/dist/module.js:22
[ 2327857ms] [LOG] [PostHog.js] send "$$heatmap" {uuid: 019d8959-a1a9-7622-b03d-34a27c5e2d05, event: $$heatmap, properties: Object, timestamp: Tue Apr 14 2026 05:47:25 GMT+0530 (India Standard Time)} @ webpack-internal:///(app-pages-browser)/../../node_modules/.pnpm/posthog-js@1.364.7/node_modules/posthog-js/dist/module.js:22
[ 2328745ms] [LOG] [PostHog.js] send "$snapshot" {uuid: 019d8959-a521-71db-9895-320855d22821, event: $snapshot, properties: Object, timestamp: Tue Apr 14 2026 05:47:26 GMT+0530 (India Standard Time)} @ webpack-internal:///(app-pages-browser)/../../node_modules/.pnpm/posthog-js@1.364.7/node_modules/posthog-js/dist/module.js:22
[ 2330849ms] [LOG] [PostHog.js] send "$snapshot" {uuid: 019d8959-ad5a-7538-b6a0-1326d04c4296, event: $snapshot, properties: Object, timestamp: Tue Apr 14 2026 05:47:28 GMT+0530 (India Standard Time)} @ webpack-internal:///(app-pages-browser)/../../node_modules/.pnpm/posthog-js@1.364.7/node_modules/posthog-js/dist/module.js:22
[ 2332855ms] [LOG] [PostHog.js] send "$$heatmap" {uuid: 019d8959-b52f-774a-97de-f892c2b6849b, event: $$heatmap, properties: Object, timestamp: Tue Apr 14 2026 05:47:30 GMT+0530 (India Standard Time)} @ webpack-internal:///(app-pages-browser)/../../node_modules/.pnpm/posthog-js@1.364.7/node_modules/posthog-js/dist/module.js:22
[ 2333568ms] [LOG] [PostHog.js] send "$snapshot" {uuid: 019d8959-b7f8-756a-aca3-84beb36844f0, event: $snapshot, properties: Object, timestamp: Tue Apr 14 2026 05:47:31 GMT+0530 (India Standard Time)} @ webpack-internal:///(app-pages-browser)/../../node_modules/.pnpm/posthog-js@1.364.7/node_modules/posthog-js/dist/module.js:22
[ 2335593ms] [LOG] [PostHog.js] send "$snapshot" {uuid: 019d8959-bfe1-7a57-a297-7152dc2421f8, event: $snapshot, properties: Object, timestamp: Tue Apr 14 2026 05:47:33 GMT+0530 (India Standard Time)} @ webpack-internal:///(app-pages-browser)/../../node_modules/.pnpm/posthog-js@1.364.7/node_modules/posthog-js/dist/module.js:22
[ 2337543ms] [LOG] [Fast Refresh] rebuilding @ https://us-assets.i.posthog.com/static/posthog-recorder.js?v=1.364.7:0
[ 2337731ms] [LOG] [Fast Refresh] done in 189ms @ https://us-assets.i.posthog.com/static/posthog-recorder.js?v=1.364.7:0
[ 2338098ms] [LOG] [PostHog.js] send "$snapshot" {uuid: 019d8959-c9aa-7996-92f4-3dd3a9145e0c, event: $snapshot, properties: Object, timestamp: Tue Apr 14 2026 05:47:36 GMT+0530 (India Standard Time)} @ webpack-internal:///(app-pages-browser)/../../node_modules/.pnpm/posthog-js@1.364.7/node_modules/posthog-js/dist/module.js:22
[ 2339120ms] [LOG] [Fast Refresh] rebuilding @ https://us-assets.i.posthog.com/static/posthog-recorder.js?v=1.364.7:0
[ 2339419ms] [LOG] [Fast Refresh] done in 298ms @ https://us-assets.i.posthog.com/static/posthog-recorder.js?v=1.364.7:0
[ 2340173ms] [LOG] [PostHog.js] send "$snapshot" {uuid: 019d8959-d1c5-7f40-848f-38e13bbb0a70, event: $snapshot, properties: Object, timestamp: Tue Apr 14 2026 05:47:38 GMT+0530 (India Standard Time)} @ webpack-internal:///(app-pages-browser)/../../node_modules/.pnpm/posthog-js@1.364.7/node_modules/posthog-js/dist/module.js:22
[ 2342268ms] [LOG] [PostHog.js] send "$snapshot" {uuid: 019d8959-d9f5-7201-89ec-4adce7f2d22b, event: $snapshot, properties: Object, timestamp: Tue Apr 14 2026 05:47:40 GMT+0530 (India Standard Time)} @ webpack-internal:///(app-pages-browser)/../../node_modules/.pnpm/posthog-js@1.364.7/node_modules/posthog-js/dist/module.js:22
[ 2344354ms] [LOG] [PostHog.js] send "$snapshot" {uuid: 019d8959-e21a-74e9-9205-0e2c7e7bef43, event: $snapshot, properties: Object, timestamp: Tue Apr 14 2026 05:47:42 GMT+0530 (India Standard Time)} @ webpack-internal:///(app-pages-browser)/../../node_modules/.pnpm/posthog-js@1.364.7/node_modules/posthog-js/dist/module.js:22
[ 2346666ms] [LOG] [PostHog.js] send "$snapshot" {uuid: 019d8959-eb22-7963-97bc-c7d37bd0731e, event: $snapshot, properties: Object, timestamp: Tue Apr 14 2026 05:47:44 GMT+0530 (India Standard Time)} @ webpack-internal:///(app-pages-browser)/../../node_modules/.pnpm/posthog-js@1.364.7/node_modules/posthog-js/dist/module.js:22
[ 2349035ms] [LOG] [PostHog.js] send "$snapshot" {uuid: 019d8959-f463-73e5-98cc-d00ecea53cee, event: $snapshot, properties: Object, timestamp: Tue Apr 14 2026 05:47:47 GMT+0530 (India Standard Time)} @ webpack-internal:///(app-pages-browser)/../../node_modules/.pnpm/posthog-js@1.364.7/node_modules/posthog-js/dist/module.js:22
[ 2351052ms] [LOG] [PostHog.js] send "$snapshot" {uuid: 019d8959-fc44-70da-a448-5e30550340b5, event: $snapshot, properties: Object, timestamp: Tue Apr 14 2026 05:47:49 GMT+0530 (India Standard Time)} @ webpack-internal:///(app-pages-browser)/../../node_modules/.pnpm/posthog-js@1.364.7/node_modules/posthog-js/dist/module.js:22
[ 2353155ms] [LOG] [PostHog.js] send "$snapshot" {uuid: 019d895a-047c-7ef9-adc7-81fd6c46c6ac, event: $snapshot, properties: Object, timestamp: Tue Apr 14 2026 05:47:51 GMT+0530 (India Standard Time)} @ webpack-internal:///(app-pages-browser)/../../node_modules/.pnpm/posthog-js@1.364.7/node_modules/posthog-js/dist/module.js:22
[ 2356862ms] [LOG] [PostHog.js] send "$snapshot" {uuid: 019d895a-12f6-79ef-8099-88a1cbe20898, event: $snapshot, properties: Object, timestamp: Tue Apr 14 2026 05:47:54 GMT+0530 (India Standard Time)} @ webpack-internal:///(app-pages-browser)/../../node_modules/.pnpm/posthog-js@1.364.7/node_modules/posthog-js/dist/module.js:22
[ 2357857ms] [LOG] [PostHog.js] send "$$heatmap" {uuid: 019d895a-16d9-7b39-90e5-9e24b337f267, event: $$heatmap, properties: Object, timestamp: Tue Apr 14 2026 05:47:55 GMT+0530 (India Standard Time)} @ webpack-internal:///(app-pages-browser)/../../node_modules/.pnpm/posthog-js@1.364.7/node_modules/posthog-js/dist/module.js:22
[ 2359424ms] [LOG] [PostHog.js] send "$snapshot" {uuid: 019d895a-1cf9-79ad-84fc-3549a9e83eb8, event: $snapshot, properties: Object, timestamp: Tue Apr 14 2026 05:47:57 GMT+0530 (India Standard Time)} @ webpack-internal:///(app-pages-browser)/../../node_modules/.pnpm/posthog-js@1.364.7/node_modules/posthog-js/dist/module.js:22
[ 2362856ms] [LOG] [PostHog.js] send "$$heatmap" {uuid: 019d895a-2a61-7e32-b277-e0d6eab7aa44, event: $$heatmap, properties: Object, timestamp: Tue Apr 14 2026 05:48:00 GMT+0530 (India Standard Time)} @ webpack-internal:///(app-pages-browser)/../../node_modules/.pnpm/posthog-js@1.364.7/node_modules/posthog-js/dist/module.js:22
[ 2366762ms] [LOG] [PostHog.js] send "$snapshot" {uuid: 019d895a-39a3-7160-a1bb-bac5eabbadb8, event: $snapshot, properties: Object, timestamp: Tue Apr 14 2026 05:48:04 GMT+0530 (India Standard Time)} @ webpack-internal:///(app-pages-browser)/../../node_modules/.pnpm/posthog-js@1.364.7/node_modules/posthog-js/dist/module.js:22
[ 2367856ms] [LOG] [PostHog.js] send "$$heatmap" {uuid: 019d895a-3de8-7101-b1f4-aaf43e195b15, event: $$heatmap, properties: Object, timestamp: Tue Apr 14 2026 05:48:05 GMT+0530 (India Standard Time)} @ webpack-internal:///(app-pages-browser)/../../node_modules/.pnpm/posthog-js@1.364.7/node_modules/posthog-js/dist/module.js:22
[ 2378293ms] [LOG] [Fast Refresh] rebuilding @ https://us-assets.i.posthog.com/static/posthog-recorder.js?v=1.364.7:0
[ 2378559ms] [WARNING] [Fast Refresh] performing full reload

Fast Refresh will perform a full reload when you edit a file that's imported by modules outside of the React rendering tree.
You might have a file which exports a React component but also exports a value that is imported by a non-React component file.
Consider migrating the non-React component export to a separate file and importing it into both files.

It is also possible the parent component of the component you edited is a class component, which disables Fast Refresh.
Fast Refresh requires at least one parent function component in your React tree. @ https://us-assets.i.posthog.com/static/posthog-recorder.js?v=1.364.7:0
[ 2378559ms] [LOG] [PostHog.js] send "$snapshot" {uuid: 019d895a-67b7-7362-ae9f-f84d3f67fdd9, event: $snapshot, properties: Object, timestamp: Tue Apr 14 2026 05:48:16 GMT+0530 (India Standard Time)} @ webpack-internal:///(app-pages-browser)/../../node_modules/.pnpm/posthog-js@1.364.7/node_modules/posthog-js/dist/module.js:22
[ 2379020ms] [LOG] [PostHog.js] send "$pageleave" {uuid: 019d895a-6984-7a2c-a9e3-c71259d752bf, event: $pageleave, properties: Object, timestamp: Tue Apr 14 2026 05:48:17 GMT+0530 (India Standard Time)} @ webpack-internal:///(app-pages-browser)/../../node_modules/.pnpm/posthog-js@1.364.7/node_modules/posthog-js/dist/module.js:22
[ 2379249ms] [INFO] %cDownload the React DevTools for a better development experience: https://react.dev/link/react-devtools font-weight:bold @ webpack-internal:///(app-pages-browser)/../../node_modules/.pnpm/next@15.5.14_@opentelemetry+api@1.9.1_react-dom@18.3.1_react@18.2.0__react@18.2.0/node_modules/next/dist/compiled/react-dom/cjs/react-dom-client.development.js:25630
[ 2379395ms] [LOG] [GTM Event] clear_ecommerce {ecommerce: null} @ webpack-internal:///(app-pages-browser)/./lib/hooks/useGTM.ts:16
[ 2379395ms] [LOG] [GTM Event] view_item {ecommerce: Object} @ webpack-internal:///(app-pages-browser)/./lib/hooks/useGTM.ts:16
[ 2379397ms] [LOG] [AuthProvider] Mounting, starting hydration @ webpack-internal:///(app-pages-browser)/./components/providers/AuthProvider.tsx:35
[ 2379397ms] [LOG] [auth-store] isFreshLogin: false URL: http://localhost:3000/services/gst-registration @ webpack-internal:///(app-pages-browser)/./lib/stores/auth-store.ts:205
[ 2379397ms] [LOG] [auth-store] refreshSession starting @ webpack-internal:///(app-pages-browser)/./lib/stores/auth-store.ts:209
[ 2379441ms] [LOG] [auth-store] getSession result: no session @ webpack-internal:///(app-pages-browser)/./lib/stores/auth-store.ts:213
[ 2379446ms] [LOG] [AuthProvider] Initial hydration complete @ webpack-internal:///(app-pages-browser)/./components/providers/AuthProvider.tsx:40
[ 2379446ms] [LOG] [AuthProvider] Auth event: INITIAL_SESSION @ webpack-internal:///(app-pages-browser)/./components/providers/AuthProvider.tsx:46
[ 2379507ms] [LOG] [PostHog.js] set_config {config: Object, oldConfig: Object, newConfig: Object} @ webpack-internal:///(app-pages-browser)/../../node_modules/.pnpm/posthog-js@1.364.7/node_modules/posthog-js/dist/module.js:22
[ 2379507ms] [LOG] [PostHog.js] Persistence loaded localStorage+cookie {$device_id: 019d5401-510f-7d21-a410-204e78f58700, distinct_id: 019d5401-510f-7d21-a410-204e78f58700, $sesid: Array(3), $initial_person_info: Object, $user_state: anonymous} @ webpack-internal:///(app-pages-browser)/../../node_modules/.pnpm/posthog-js@1.364.7/node_modules/posthog-js/dist/module.js:22
[ 2379508ms] [LOG] [PostHog.js] Persistence loaded sessionStorage {$sdk_debug_extensions_init_method: synchronous, $sdk_debug_extensions_init_time_ms: 1, $sdk_debug_replay_remote_trigger_matching_config: null, $sdk_debug_replay_event_trigger_status: trigger_disabled, $sdk_debug_replay_url_trigger_status: trigger_disabled} @ webpack-internal:///(app-pages-browser)/../../node_modules/.pnpm/posthog-js@1.364.7/node_modules/posthog-js/dist/module.js:22
[ 2379508ms] [LOG] [PostHog.js] Initializing extensions synchronously @ webpack-internal:///(app-pages-browser)/../../node_modules/.pnpm/posthog-js@1.364.7/node_modules/posthog-js/dist/module.js:22
[ 2379508ms] [LOG] [PostHog.js] [Web Vitals] enabled, starting... @ webpack-internal:///(app-pages-browser)/../../node_modules/.pnpm/posthog-js@1.364.7/node_modules/posthog-js/dist/module.js:22
[ 2379509ms] [LOG] [PostHog.js] [SessionRecording] starting @ webpack-internal:///(app-pages-browser)/../../node_modules/.pnpm/posthog-js@1.364.7/node_modules/posthog-js/dist/module.js:22
[ 2379509ms] [LOG] [PostHog.js] [Heatmaps] starting... @ webpack-internal:///(app-pages-browser)/../../node_modules/.pnpm/posthog-js@1.364.7/node_modules/posthog-js/dist/module.js:22
[ 2379510ms] [LOG] [PostHog.js] Starting in debug mode {this: _n, config: Object, thisC: Object, p: Object, s: Object} @ webpack-internal:///(app-pages-browser)/../../node_modules/.pnpm/posthog-js@1.364.7/node_modules/posthog-js/dist/module.js:22
[ 2379510ms] [LOG] You're now in debug mode. All calls to PostHog will be logged in your console.
You can disable this with `posthog.debug(false)`. @ webpack-internal:///(app-pages-browser)/../../node_modules/.pnpm/posthog-js@1.364.7/node_modules/posthog-js/dist/module.js:22
[ 2379510ms] [LOG] [PostHog.js] Persistence loaded sessionStorage {$sdk_debug_extensions_init_method: synchronous, $sdk_debug_extensions_init_time_ms: 1, $sdk_debug_replay_remote_trigger_matching_config: null, $sdk_debug_replay_event_trigger_status: trigger_disabled, $sdk_debug_replay_url_trigger_status: trigger_disabled} @ webpack-internal:///(app-pages-browser)/../../node_modules/.pnpm/posthog-js@1.364.7/node_modules/posthog-js/dist/module.js:22
[ 2379510ms] [LOG] [PostHog.js] set_config {config: Object, oldConfig: Object, newConfig: Object} @ webpack-internal:///(app-pages-browser)/../../node_modules/.pnpm/posthog-js@1.364.7/node_modules/posthog-js/dist/module.js:22
[ 2379510ms] [LOG] [PostHog.js] [SessionRecording] starting @ webpack-internal:///(app-pages-browser)/../../node_modules/.pnpm/posthog-js@1.364.7/node_modules/posthog-js/dist/module.js:22
[ 2379511ms] [LOG] [PostHog.js] [Dead Clicks] starting... @ webpack-internal:///(app-pages-browser)/../../node_modules/.pnpm/posthog-js@1.364.7/node_modules/posthog-js/dist/module.js:22
[ 2380554ms] [LOG] [PostHog.js] Persistence loaded sessionStorage {$sdk_debug_extensions_init_method: synchronous, $sdk_debug_extensions_init_time_ms: 1, $sdk_debug_replay_remote_trigger_matching_config: null, $sdk_debug_replay_event_trigger_status: trigger_disabled, $sdk_debug_replay_url_trigger_status: trigger_disabled} @ webpack-internal:///(app-pages-browser)/../../node_modules/.pnpm/posthog-js@1.364.7/node_modules/posthog-js/dist/module.js:22
[ 2380554ms] [LOG] [PostHog.js] set_config {config: Object, oldConfig: Object, newConfig: Object} @ webpack-internal:///(app-pages-browser)/../../node_modules/.pnpm/posthog-js@1.364.7/node_modules/posthog-js/dist/module.js:22
[ 2380554ms] [LOG] [PostHog.js] [Surveys] flags response received, isSurveysEnabled: false @ webpack-internal:///(app-pages-browser)/../../node_modules/.pnpm/posthog-js@1.364.7/node_modules/posthog-js/dist/module.js:22
[ 2380581ms] [LOG] [PostHog.js] [Surveys] Surveys loaded successfully @ webpack-internal:///(app-pages-browser)/../../node_modules/.pnpm/posthog-js@1.364.7/node_modules/posthog-js/dist/module.js:22
[ 2381539ms] [LOG] [PostHog.js] send "$snapshot" {uuid: 019d895a-735b-7b02-833c-0c4833408409, event: $snapshot, properties: Object, timestamp: Tue Apr 14 2026 05:48:19 GMT+0530 (India Standard Time)} @ webpack-internal:///(app-pages-browser)/../../node_modules/.pnpm/posthog-js@1.364.7/node_modules/posthog-js/dist/module.js:22
[ 2382398ms] [LOG] [Fast Refresh] rebuilding @ https://us-assets.i.posthog.com/static/posthog-recorder.js?v=1.364.7:0
[ 2382599ms] [WARNING] [Fast Refresh] performing full reload

Fast Refresh will perform a full reload when you edit a file that's imported by modules outside of the React rendering tree.
You might have a file which exports a React component but also exports a value that is imported by a non-React component file.
Consider migrating the non-React component export to a separate file and importing it into both files.

It is also possible the parent component of the component you edited is a class component, which disables Fast Refresh.
Fast Refresh requires at least one parent function component in your React tree. @ https://us-assets.i.posthog.com/static/posthog-recorder.js?v=1.364.7:0
[ 2382600ms] [LOG] [PostHog.js] send "$snapshot" {uuid: 019d895a-7780-77c5-8a35-82759aff3919, event: $snapshot, properties: Object, timestamp: Tue Apr 14 2026 05:48:20 GMT+0530 (India Standard Time)} @ webpack-internal:///(app-pages-browser)/../../node_modules/.pnpm/posthog-js@1.364.7/node_modules/posthog-js/dist/module.js:22
[ 2383053ms] [LOG] [PostHog.js] send "$pageleave" {uuid: 019d895a-7945-75f4-9451-f55e5e79a24c, event: $pageleave, properties: Object, timestamp: Tue Apr 14 2026 05:48:21 GMT+0530 (India Standard Time)} @ webpack-internal:///(app-pages-browser)/../../node_modules/.pnpm/posthog-js@1.364.7/node_modules/posthog-js/dist/module.js:22
[ 2383059ms] [ERROR] [PostHog.js] TypeError: Failed to fetch
    at method (webpack-internal:///(app-pages-browser)/../../node_modules/.pnpm/posthog-js@1.364.7/node_modules/posthog-js/dist/module.js:23:53844)
    at eval (webpack-internal:///(app-pages-browser)/../../node_modules/.pnpm/posthog-js@1.364.7/node_modules/posthog-js/dist/module.js:23:81998) @ webpack-internal:///(app-pages-browser)/../../node_modules/.pnpm/next@15.5.14_@opentelemetry+api@1.9.1_react-dom@18.3.1_react@18.2.0__react@18.2.0/node_modules/next/dist/next-devtools/userspace/app/errors/intercept-console-error.js:56
[ 2383059ms] [WARNING] [PostHog.js] Enqueued failed request for retry in 3585 @ webpack-internal:///(app-pages-browser)/../../node_modules/.pnpm/posthog-js@1.364.7/node_modules/posthog-js/dist/module.js:22
[ 2383285ms] [INFO] %cDownload the React DevTools for a better development experience: https://react.dev/link/react-devtools font-weight:bold @ webpack-internal:///(app-pages-browser)/../../node_modules/.pnpm/next@15.5.14_@opentelemetry+api@1.9.1_react-dom@18.3.1_react@18.2.0__react@18.2.0/node_modules/next/dist/compiled/react-dom/cjs/react-dom-client.development.js:25630
[ 2383381ms] [LOG] [GTM Event] clear_ecommerce {ecommerce: null} @ webpack-internal:///(app-pages-browser)/./lib/hooks/useGTM.ts:16
[ 2383381ms] [LOG] [GTM Event] view_item {ecommerce: Object} @ webpack-internal:///(app-pages-browser)/./lib/hooks/useGTM.ts:16
[ 2383382ms] [LOG] [AuthProvider] Mounting, starting hydration @ webpack-internal:///(app-pages-browser)/./components/providers/AuthProvider.tsx:35
[ 2383383ms] [LOG] [auth-store] isFreshLogin: false URL: http://localhost:3000/services/gst-registration @ webpack-internal:///(app-pages-browser)/./lib/stores/auth-store.ts:205
[ 2383383ms] [LOG] [auth-store] refreshSession starting @ webpack-internal:///(app-pages-browser)/./lib/stores/auth-store.ts:209
[ 2383503ms] [LOG] [auth-store] getSession result: no session @ webpack-internal:///(app-pages-browser)/./lib/stores/auth-store.ts:213
[ 2383504ms] [LOG] [AuthProvider] Initial hydration complete @ webpack-internal:///(app-pages-browser)/./components/providers/AuthProvider.tsx:40
[ 2383504ms] [LOG] [AuthProvider] Auth event: INITIAL_SESSION @ webpack-internal:///(app-pages-browser)/./components/providers/AuthProvider.tsx:46
[ 2383508ms] [LOG] [PostHog.js] set_config {config: Object, oldConfig: Object, newConfig: Object} @ webpack-internal:///(app-pages-browser)/../../node_modules/.pnpm/posthog-js@1.364.7/node_modules/posthog-js/dist/module.js:22
[ 2383508ms] [LOG] [PostHog.js] Persistence loaded localStorage+cookie {$device_id: 019d5401-510f-7d21-a410-204e78f58700, distinct_id: 019d5401-510f-7d21-a410-204e78f58700, $sesid: Array(3), $initial_person_info: Object, $user_state: anonymous} @ webpack-internal:///(app-pages-browser)/../../node_modules/.pnpm/posthog-js@1.364.7/node_modules/posthog-js/dist/module.js:22
[ 2383509ms] [LOG] [PostHog.js] Persistence loaded sessionStorage {$sdk_debug_extensions_init_method: synchronous, $sdk_debug_extensions_init_time_ms: 1, $sdk_debug_replay_remote_trigger_matching_config: null, $sdk_debug_replay_event_trigger_status: trigger_disabled, $sdk_debug_replay_url_trigger_status: trigger_disabled} @ webpack-internal:///(app-pages-browser)/../../node_modules/.pnpm/posthog-js@1.364.7/node_modules/posthog-js/dist/module.js:22
[ 2383509ms] [LOG] [PostHog.js] Initializing extensions synchronously @ webpack-internal:///(app-pages-browser)/../../node_modules/.pnpm/posthog-js@1.364.7/node_modules/posthog-js/dist/module.js:22
[ 2383510ms] [LOG] [PostHog.js] [Web Vitals] enabled, starting... @ webpack-internal:///(app-pages-browser)/../../node_modules/.pnpm/posthog-js@1.364.7/node_modules/posthog-js/dist/module.js:22
[ 2383510ms] [LOG] [PostHog.js] [SessionRecording] starting @ webpack-internal:///(app-pages-browser)/../../node_modules/.pnpm/posthog-js@1.364.7/node_modules/posthog-js/dist/module.js:22
[ 2383511ms] [LOG] [PostHog.js] [Heatmaps] starting... @ webpack-internal:///(app-pages-browser)/../../node_modules/.pnpm/posthog-js@1.364.7/node_modules/posthog-js/dist/module.js:22
[ 2383511ms] [LOG] [PostHog.js] Starting in debug mode {this: _n, config: Object, thisC: Object, p: Object, s: Object} @ webpack-internal:///(app-pages-browser)/../../node_modules/.pnpm/posthog-js@1.364.7/node_modules/posthog-js/dist/module.js:22
[ 2383511ms] [LOG] You're now in debug mode. All calls to PostHog will be logged in your console.
You can disable this with `posthog.debug(false)`. @ webpack-internal:///(app-pages-browser)/../../node_modules/.pnpm/posthog-js@1.364.7/node_modules/posthog-js/dist/module.js:22
[ 2383511ms] [LOG] [PostHog.js] Persistence loaded sessionStorage {$sdk_debug_extensions_init_method: synchronous, $sdk_debug_extensions_init_time_ms: 1, $sdk_debug_replay_remote_trigger_matching_config: null, $sdk_debug_replay_event_trigger_status: trigger_disabled, $sdk_debug_replay_url_trigger_status: trigger_disabled} @ webpack-internal:///(app-pages-browser)/../../node_modules/.pnpm/posthog-js@1.364.7/node_modules/posthog-js/dist/module.js:22
[ 2383511ms] [LOG] [PostHog.js] set_config {config: Object, oldConfig: Object, newConfig: Object} @ webpack-internal:///(app-pages-browser)/../../node_modules/.pnpm/posthog-js@1.364.7/node_modules/posthog-js/dist/module.js:22
[ 2383511ms] [LOG] [PostHog.js] [SessionRecording] starting @ webpack-internal:///(app-pages-browser)/../../node_modules/.pnpm/posthog-js@1.364.7/node_modules/posthog-js/dist/module.js:22
[ 2383535ms] [LOG] [PostHog.js] [Dead Clicks] starting... @ webpack-internal:///(app-pages-browser)/../../node_modules/.pnpm/posthog-js@1.364.7/node_modules/posthog-js/dist/module.js:22
[ 2383535ms] [LOG] [PostHog.js] Persistence loaded sessionStorage {$sdk_debug_extensions_init_method: synchronous, $sdk_debug_extensions_init_time_ms: 1, $sdk_debug_replay_remote_trigger_matching_config: null, $sdk_debug_replay_event_trigger_status: trigger_disabled, $sdk_debug_replay_url_trigger_status: trigger_disabled} @ webpack-internal:///(app-pages-browser)/../../node_modules/.pnpm/posthog-js@1.364.7/node_modules/posthog-js/dist/module.js:22
[ 2383535ms] [LOG] [PostHog.js] set_config {config: Object, oldConfig: Object, newConfig: Object} @ webpack-internal:///(app-pages-browser)/../../node_modules/.pnpm/posthog-js@1.364.7/node_modules/posthog-js/dist/module.js:22
[ 2383536ms] [LOG] [PostHog.js] [Surveys] flags response received, isSurveysEnabled: false @ webpack-internal:///(app-pages-browser)/../../node_modules/.pnpm/posthog-js@1.364.7/node_modules/posthog-js/dist/module.js:22
[ 2383537ms] [LOG] [PostHog.js] [Surveys] Surveys loaded successfully @ webpack-internal:///(app-pages-browser)/../../node_modules/.pnpm/posthog-js@1.364.7/node_modules/posthog-js/dist/module.js:22
[ 2388542ms] [LOG] [PostHog.js] send "$web_vitals" {uuid: 019d895a-8eb4-7cca-9bec-f9b3f02bea1d, event: $web_vitals, properties: Object, timestamp: Tue Apr 14 2026 05:48:26 GMT+0530 (India Standard Time)} @ webpack-internal:///(app-pages-browser)/../../node_modules/.pnpm/posthog-js@1.364.7/node_modules/posthog-js/dist/module.js:22
[ 2389290ms] [LOG] [PostHog.js] send "$snapshot" {uuid: 019d895a-91a3-75b3-98cf-9ddaf3832eb2, event: $snapshot, properties: Object, timestamp: Tue Apr 14 2026 05:48:27 GMT+0530 (India Standard Time)} @ webpack-internal:///(app-pages-browser)/../../node_modules/.pnpm/posthog-js@1.364.7/node_modules/posthog-js/dist/module.js:22
[ 2393515ms] [LOG] [PostHog.js] send "$$heatmap" {uuid: 019d895a-a221-7531-9602-4a9698c6475b, event: $$heatmap, properties: Object, timestamp: Tue Apr 14 2026 05:48:31 GMT+0530 (India Standard Time)} @ webpack-internal:///(app-pages-browser)/../../node_modules/.pnpm/posthog-js@1.364.7/node_modules/posthog-js/dist/module.js:22
[ 2393608ms] [LOG] [PostHog.js] send "$snapshot" {uuid: 019d895a-a280-776e-af6e-78fc406d567d, event: $snapshot, properties: Object, timestamp: Tue Apr 14 2026 05:48:31 GMT+0530 (India Standard Time)} @ webpack-internal:///(app-pages-browser)/../../node_modules/.pnpm/posthog-js@1.364.7/node_modules/posthog-js/dist/module.js:22
[ 2395892ms] [LOG] [PostHog.js] send "$autocapture" {uuid: 019d895a-ab6c-760b-a1d2-2db88136b4c3, event: $autocapture, properties: Object, timestamp: Tue Apr 14 2026 05:48:33 GMT+0530 (India Standard Time)} @ webpack-internal:///(app-pages-browser)/../../node_modules/.pnpm/posthog-js@1.364.7/node_modules/posthog-js/dist/module.js:22
[ 2397201ms] [LOG] [PostHog.js] send "$snapshot" {uuid: 019d895a-b089-782a-b28e-939fc2c10286, event: $snapshot, properties: Object, timestamp: Tue Apr 14 2026 05:48:35 GMT+0530 (India Standard Time)} @ webpack-internal:///(app-pages-browser)/../../node_modules/.pnpm/posthog-js@1.364.7/node_modules/posthog-js/dist/module.js:22
[ 2397831ms] [LOG] [PostHog.js] send "$autocapture" {uuid: 019d895a-b2ff-7eba-b87e-fbd08bbba80e, event: $autocapture, properties: Object, timestamp: Tue Apr 14 2026 05:48:35 GMT+0530 (India Standard Time)} @ webpack-internal:///(app-pages-browser)/../../node_modules/.pnpm/posthog-js@1.364.7/node_modules/posthog-js/dist/module.js:22
[ 2398512ms] [LOG] [PostHog.js] send "$$heatmap" {uuid: 019d895a-b5a8-79a0-9419-05b89e519f9b, event: $$heatmap, properties: Object, timestamp: Tue Apr 14 2026 05:48:36 GMT+0530 (India Standard Time)} @ webpack-internal:///(app-pages-browser)/../../node_modules/.pnpm/posthog-js@1.364.7/node_modules/posthog-js/dist/module.js:22
[ 2399206ms] [LOG] [PostHog.js] send "$snapshot" {uuid: 019d895a-b85f-7123-bbcf-aa0a7d2a2bd8, event: $snapshot, properties: Object, timestamp: Tue Apr 14 2026 05:48:37 GMT+0530 (India Standard Time)} @ webpack-internal:///(app-pages-browser)/../../node_modules/.pnpm/posthog-js@1.364.7/node_modules/posthog-js/dist/module.js:22
[ 2403513ms] [LOG] [PostHog.js] send "$$heatmap" {uuid: 019d895a-c931-756b-8c14-860826196021, event: $$heatmap, properties: Object, timestamp: Tue Apr 14 2026 05:48:41 GMT+0530 (India Standard Time)} @ webpack-internal:///(app-pages-browser)/../../node_modules/.pnpm/posthog-js@1.364.7/node_modules/posthog-js/dist/module.js:22
[ 2411678ms] [LOG] [PostHog.js] send "$snapshot" {uuid: 019d895a-e916-773d-b4ae-02347d6fd5be, event: $snapshot, properties: Object, timestamp: Tue Apr 14 2026 05:48:49 GMT+0530 (India Standard Time)} @ webpack-internal:///(app-pages-browser)/../../node_modules/.pnpm/posthog-js@1.364.7/node_modules/posthog-js/dist/module.js:22
[ 2413514ms] [LOG] [PostHog.js] send "$$heatmap" {uuid: 019d895a-f042-79ce-8aae-072b2ac2164e, event: $$heatmap, properties: Object, timestamp: Tue Apr 14 2026 05:48:51 GMT+0530 (India Standard Time)} @ webpack-internal:///(app-pages-browser)/../../node_modules/.pnpm/posthog-js@1.364.7/node_modules/posthog-js/dist/module.js:22
[ 2419274ms] [LOG] [Fast Refresh] rebuilding @ https://us-assets.i.posthog.com/static/posthog-recorder.js?v=1.364.7:0
[ 2419652ms] [LOG] [Fast Refresh] done in 378ms @ https://us-assets.i.posthog.com/static/posthog-recorder.js?v=1.364.7:0
[ 2421276ms] [LOG] [PostHog.js] send "$snapshot" {uuid: 019d895b-0e94-7166-89ab-dd647e2c5e34, event: $snapshot, properties: Object, timestamp: Tue Apr 14 2026 05:48:59 GMT+0530 (India Standard Time)} @ webpack-internal:///(app-pages-browser)/../../node_modules/.pnpm/posthog-js@1.364.7/node_modules/posthog-js/dist/module.js:22
[ 2427021ms] [LOG] [PostHog.js] send "$snapshot" {uuid: 019d895b-2506-7b11-a7de-ddd028a34d27, event: $snapshot, properties: Object, timestamp: Tue Apr 14 2026 05:49:05 GMT+0530 (India Standard Time)} @ webpack-internal:///(app-pages-browser)/../../node_modules/.pnpm/posthog-js@1.364.7/node_modules/posthog-js/dist/module.js:22
[ 2457907ms] [LOG] [PostHog.js] send "$snapshot" {uuid: 019d895b-9dab-745e-ae54-33c9c0a4af74, event: $snapshot, properties: Object, timestamp: Tue Apr 14 2026 05:49:35 GMT+0530 (India Standard Time)} @ webpack-internal:///(app-pages-browser)/../../node_modules/.pnpm/posthog-js@1.364.7/node_modules/posthog-js/dist/module.js:22
[ 2458512ms] [LOG] [PostHog.js] send "$$heatmap" {uuid: 019d895b-a008-711c-99f0-4a43cd151bdb, event: $$heatmap, properties: Object, timestamp: Tue Apr 14 2026 05:49:36 GMT+0530 (India Standard Time)} @ webpack-internal:///(app-pages-browser)/../../node_modules/.pnpm/posthog-js@1.364.7/node_modules/posthog-js/dist/module.js:22
[ 2460061ms] [LOG] [PostHog.js] send "$snapshot" {uuid: 019d895b-a616-7c36-be2e-87c4a6fd6cf0, event: $snapshot, properties: Object, timestamp: Tue Apr 14 2026 05:49:38 GMT+0530 (India Standard Time)} @ webpack-internal:///(app-pages-browser)/../../node_modules/.pnpm/posthog-js@1.364.7/node_modules/posthog-js/dist/module.js:22
[ 2469949ms] [LOG] [Fast Refresh] rebuilding @ https://us-assets.i.posthog.com/static/posthog-recorder.js?v=1.364.7:0
[ 2470273ms] [WARNING] [Fast Refresh] performing full reload

Fast Refresh will perform a full reload when you edit a file that's imported by modules outside of the React rendering tree.
You might have a file which exports a React component but also exports a value that is imported by a non-React component file.
Consider migrating the non-React component export to a separate file and importing it into both files.

It is also possible the parent component of the component you edited is a class component, which disables Fast Refresh.
Fast Refresh requires at least one parent function component in your React tree. @ https://us-assets.i.posthog.com/static/posthog-recorder.js?v=1.364.7:0
[ 2470273ms] [LOG] [PostHog.js] send "$snapshot" {uuid: 019d895b-cdfa-7e85-9a50-d01ddab9b574, event: $snapshot, properties: Object, timestamp: Tue Apr 14 2026 05:49:48 GMT+0530 (India Standard Time)} @ webpack-internal:///(app-pages-browser)/../../node_modules/.pnpm/posthog-js@1.364.7/node_modules/posthog-js/dist/module.js:22
[ 2470523ms] [LOG] [PostHog.js] send "$pageleave" {uuid: 019d895b-cef4-7b22-9727-5a4475b71e5c, event: $pageleave, properties: Object, timestamp: Tue Apr 14 2026 05:49:48 GMT+0530 (India Standard Time)} @ webpack-internal:///(app-pages-browser)/../../node_modules/.pnpm/posthog-js@1.364.7/node_modules/posthog-js/dist/module.js:22
[ 2470742ms] [INFO] %cDownload the React DevTools for a better development experience: https://react.dev/link/react-devtools font-weight:bold @ webpack-internal:///(app-pages-browser)/../../node_modules/.pnpm/next@15.5.14_@opentelemetry+api@1.9.1_react-dom@18.3.1_react@18.2.0__react@18.2.0/node_modules/next/dist/compiled/react-dom/cjs/react-dom-client.development.js:25630
[ 2470842ms] [LOG] [GTM Event] clear_ecommerce {ecommerce: null} @ webpack-internal:///(app-pages-browser)/./lib/hooks/useGTM.ts:16
[ 2470842ms] [LOG] [GTM Event] view_item {ecommerce: Object} @ webpack-internal:///(app-pages-browser)/./lib/hooks/useGTM.ts:16
[ 2470843ms] [LOG] [AuthProvider] Mounting, starting hydration @ webpack-internal:///(app-pages-browser)/./components/providers/AuthProvider.tsx:35
[ 2470843ms] [LOG] [auth-store] isFreshLogin: false URL: http://localhost:3000/services/gst-registration @ webpack-internal:///(app-pages-browser)/./lib/stores/auth-store.ts:205
[ 2470843ms] [LOG] [auth-store] refreshSession starting @ webpack-internal:///(app-pages-browser)/./lib/stores/auth-store.ts:209
[ 2470929ms] [LOG] [auth-store] getSession result: no session @ webpack-internal:///(app-pages-browser)/./lib/stores/auth-store.ts:213
[ 2470939ms] [LOG] [AuthProvider] Initial hydration complete @ webpack-internal:///(app-pages-browser)/./components/providers/AuthProvider.tsx:40
[ 2470940ms] [LOG] [AuthProvider] Auth event: INITIAL_SESSION @ webpack-internal:///(app-pages-browser)/./components/providers/AuthProvider.tsx:46
[ 2470944ms] [LOG] [PostHog.js] set_config {config: Object, oldConfig: Object, newConfig: Object} @ webpack-internal:///(app-pages-browser)/../../node_modules/.pnpm/posthog-js@1.364.7/node_modules/posthog-js/dist/module.js:22
[ 2470944ms] [LOG] [PostHog.js] Persistence loaded localStorage+cookie {$device_id: 019d5401-510f-7d21-a410-204e78f58700, distinct_id: 019d5401-510f-7d21-a410-204e78f58700, $sesid: Array(3), $initial_person_info: Object, $user_state: anonymous} @ webpack-internal:///(app-pages-browser)/../../node_modules/.pnpm/posthog-js@1.364.7/node_modules/posthog-js/dist/module.js:22
[ 2470945ms] [LOG] [PostHog.js] Persistence loaded sessionStorage {$sdk_debug_extensions_init_method: synchronous, $sdk_debug_extensions_init_time_ms: 1, $sdk_debug_replay_remote_trigger_matching_config: null, $sdk_debug_replay_event_trigger_status: trigger_disabled, $sdk_debug_replay_url_trigger_status: trigger_disabled} @ webpack-internal:///(app-pages-browser)/../../node_modules/.pnpm/posthog-js@1.364.7/node_modules/posthog-js/dist/module.js:22
[ 2470945ms] [LOG] [PostHog.js] Initializing extensions synchronously @ webpack-internal:///(app-pages-browser)/../../node_modules/.pnpm/posthog-js@1.364.7/node_modules/posthog-js/dist/module.js:22
[ 2470946ms] [LOG] [PostHog.js] [Web Vitals] enabled, starting... @ webpack-internal:///(app-pages-browser)/../../node_modules/.pnpm/posthog-js@1.364.7/node_modules/posthog-js/dist/module.js:22
[ 2470946ms] [LOG] [PostHog.js] [SessionRecording] starting @ webpack-internal:///(app-pages-browser)/../../node_modules/.pnpm/posthog-js@1.364.7/node_modules/posthog-js/dist/module.js:22
[ 2470947ms] [LOG] [PostHog.js] [Heatmaps] starting... @ webpack-internal:///(app-pages-browser)/../../node_modules/.pnpm/posthog-js@1.364.7/node_modules/posthog-js/dist/module.js:22
[ 2470947ms] [LOG] [PostHog.js] Starting in debug mode {this: _n, config: Object, thisC: Object, p: Object, s: Object} @ webpack-internal:///(app-pages-browser)/../../node_modules/.pnpm/posthog-js@1.364.7/node_modules/posthog-js/dist/module.js:22
[ 2470947ms] [LOG] You're now in debug mode. All calls to PostHog will be logged in your console.
You can disable this with `posthog.debug(false)`. @ webpack-internal:///(app-pages-browser)/../../node_modules/.pnpm/posthog-js@1.364.7/node_modules/posthog-js/dist/module.js:22
[ 2470947ms] [LOG] [PostHog.js] Persistence loaded sessionStorage {$sdk_debug_extensions_init_method: synchronous, $sdk_debug_extensions_init_time_ms: 1, $sdk_debug_replay_remote_trigger_matching_config: null, $sdk_debug_replay_event_trigger_status: trigger_disabled, $sdk_debug_replay_url_trigger_status: trigger_disabled} @ webpack-internal:///(app-pages-browser)/../../node_modules/.pnpm/posthog-js@1.364.7/node_modules/posthog-js/dist/module.js:22
[ 2470947ms] [LOG] [PostHog.js] set_config {config: Object, oldConfig: Object, newConfig: Object} @ webpack-internal:///(app-pages-browser)/../../node_modules/.pnpm/posthog-js@1.364.7/node_modules/posthog-js/dist/module.js:22
[ 2470947ms] [LOG] [PostHog.js] [SessionRecording] starting @ webpack-internal:///(app-pages-browser)/../../node_modules/.pnpm/posthog-js@1.364.7/node_modules/posthog-js/dist/module.js:22
[ 2470972ms] [LOG] [PostHog.js] [Dead Clicks] starting... @ webpack-internal:///(app-pages-browser)/../../node_modules/.pnpm/posthog-js@1.364.7/node_modules/posthog-js/dist/module.js:22
[ 2470972ms] [LOG] [PostHog.js] Persistence loaded sessionStorage {$sdk_debug_extensions_init_method: synchronous, $sdk_debug_extensions_init_time_ms: 1, $sdk_debug_replay_remote_trigger_matching_config: null, $sdk_debug_replay_event_trigger_status: trigger_disabled, $sdk_debug_replay_url_trigger_status: trigger_disabled} @ webpack-internal:///(app-pages-browser)/../../node_modules/.pnpm/posthog-js@1.364.7/node_modules/posthog-js/dist/module.js:22
[ 2470972ms] [LOG] [PostHog.js] set_config {config: Object, oldConfig: Object, newConfig: Object} @ webpack-internal:///(app-pages-browser)/../../node_modules/.pnpm/posthog-js@1.364.7/node_modules/posthog-js/dist/module.js:22
[ 2470972ms] [LOG] [PostHog.js] [Surveys] flags response received, isSurveysEnabled: false @ webpack-internal:///(app-pages-browser)/../../node_modules/.pnpm/posthog-js@1.364.7/node_modules/posthog-js/dist/module.js:22
[ 2470973ms] [LOG] [PostHog.js] [Web Vitals] enabled, starting... @ webpack-internal:///(app-pages-browser)/../../node_modules/.pnpm/posthog-js@1.364.7/node_modules/posthog-js/dist/module.js:22
[ 2471528ms] [LOG] [PostHog.js] [Surveys] Surveys loaded successfully @ webpack-internal:///(app-pages-browser)/../../node_modules/.pnpm/posthog-js@1.364.7/node_modules/posthog-js/dist/module.js:22
[ 2474069ms] [LOG] [Fast Refresh] rebuilding @ https://us-assets.i.posthog.com/static/posthog-recorder.js?v=1.364.7:0
[ 2474261ms] [WARNING] [Fast Refresh] performing full reload

Fast Refresh will perform a full reload when you edit a file that's imported by modules outside of the React rendering tree.
You might have a file which exports a React component but also exports a value that is imported by a non-React component file.
Consider migrating the non-React component export to a separate file and importing it into both files.

It is also possible the parent component of the component you edited is a class component, which disables Fast Refresh.
Fast Refresh requires at least one parent function component in your React tree. @ https://us-assets.i.posthog.com/static/posthog-recorder.js?v=1.364.7:0
[ 2474262ms] [LOG] [PostHog.js] send "$$heatmap" {uuid: 019d895b-dd8e-7546-84cc-e6236e21734a, event: $$heatmap, properties: Object, timestamp: Tue Apr 14 2026 05:49:52 GMT+0530 (India Standard Time)} @ webpack-internal:///(app-pages-browser)/../../node_modules/.pnpm/posthog-js@1.364.7/node_modules/posthog-js/dist/module.js:22
[ 2474263ms] [LOG] [PostHog.js] send "$snapshot" {uuid: 019d895b-dd8f-78ff-b46a-3ffafa476965, event: $snapshot, properties: Object, timestamp: Tue Apr 14 2026 05:49:52 GMT+0530 (India Standard Time)} @ webpack-internal:///(app-pages-browser)/../../node_modules/.pnpm/posthog-js@1.364.7/node_modules/posthog-js/dist/module.js:22
[ 2474640ms] [LOG] [PostHog.js] send "$pageleave" {uuid: 019d895b-df08-7f68-a031-60b4a2a2a85b, event: $pageleave, properties: Object, timestamp: Tue Apr 14 2026 05:49:52 GMT+0530 (India Standard Time)} @ webpack-internal:///(app-pages-browser)/../../node_modules/.pnpm/posthog-js@1.364.7/node_modules/posthog-js/dist/module.js:22
[ 2474878ms] [INFO] %cDownload the React DevTools for a better development experience: https://react.dev/link/react-devtools font-weight:bold @ webpack-internal:///(app-pages-browser)/../../node_modules/.pnpm/next@15.5.14_@opentelemetry+api@1.9.1_react-dom@18.3.1_react@18.2.0__react@18.2.0/node_modules/next/dist/compiled/react-dom/cjs/react-dom-client.development.js:25630
[ 2474980ms] [LOG] [GTM Event] clear_ecommerce {ecommerce: null} @ webpack-internal:///(app-pages-browser)/./lib/hooks/useGTM.ts:16
[ 2474980ms] [LOG] [GTM Event] view_item {ecommerce: Object} @ webpack-internal:///(app-pages-browser)/./lib/hooks/useGTM.ts:16
[ 2474981ms] [LOG] [AuthProvider] Mounting, starting hydration @ webpack-internal:///(app-pages-browser)/./components/providers/AuthProvider.tsx:35
[ 2474981ms] [LOG] [auth-store] isFreshLogin: false URL: http://localhost:3000/services/gst-registration @ webpack-internal:///(app-pages-browser)/./lib/stores/auth-store.ts:205
[ 2474981ms] [LOG] [auth-store] refreshSession starting @ webpack-internal:///(app-pages-browser)/./lib/stores/auth-store.ts:209
[ 2475082ms] [LOG] [auth-store] getSession result: no session @ webpack-internal:///(app-pages-browser)/./lib/stores/auth-store.ts:213
[ 2475088ms] [LOG] [AuthProvider] Initial hydration complete @ webpack-internal:///(app-pages-browser)/./components/providers/AuthProvider.tsx:40
[ 2475089ms] [LOG] [AuthProvider] Auth event: INITIAL_SESSION @ webpack-internal:///(app-pages-browser)/./components/providers/AuthProvider.tsx:46
[ 2475106ms] [LOG] [PostHog.js] set_config {config: Object, oldConfig: Object, newConfig: Object} @ webpack-internal:///(app-pages-browser)/../../node_modules/.pnpm/posthog-js@1.364.7/node_modules/posthog-js/dist/module.js:22
[ 2475106ms] [LOG] [PostHog.js] Persistence loaded localStorage+cookie {$device_id: 019d5401-510f-7d21-a410-204e78f58700, distinct_id: 019d5401-510f-7d21-a410-204e78f58700, $sesid: Array(3), $initial_person_info: Object, $user_state: anonymous} @ webpack-internal:///(app-pages-browser)/../../node_modules/.pnpm/posthog-js@1.364.7/node_modules/posthog-js/dist/module.js:22
[ 2475107ms] [LOG] [PostHog.js] Persistence loaded sessionStorage {$sdk_debug_extensions_init_method: synchronous, $sdk_debug_extensions_init_time_ms: 1, $sdk_debug_replay_remote_trigger_matching_config: null, $sdk_debug_replay_event_trigger_status: trigger_disabled, $sdk_debug_replay_url_trigger_status: trigger_disabled} @ webpack-internal:///(app-pages-browser)/../../node_modules/.pnpm/posthog-js@1.364.7/node_modules/posthog-js/dist/module.js:22
[ 2475107ms] [LOG] [PostHog.js] Initializing extensions synchronously @ webpack-internal:///(app-pages-browser)/../../node_modules/.pnpm/posthog-js@1.364.7/node_modules/posthog-js/dist/module.js:22
[ 2475107ms] [LOG] [PostHog.js] [Web Vitals] enabled, starting... @ webpack-internal:///(app-pages-browser)/../../node_modules/.pnpm/posthog-js@1.364.7/node_modules/posthog-js/dist/module.js:22
[ 2475108ms] [LOG] [PostHog.js] [SessionRecording] starting @ webpack-internal:///(app-pages-browser)/../../node_modules/.pnpm/posthog-js@1.364.7/node_modules/posthog-js/dist/module.js:22
[ 2475108ms] [LOG] [PostHog.js] [Heatmaps] starting... @ webpack-internal:///(app-pages-browser)/../../node_modules/.pnpm/posthog-js@1.364.7/node_modules/posthog-js/dist/module.js:22
[ 2475108ms] [LOG] [PostHog.js] Starting in debug mode {this: _n, config: Object, thisC: Object, p: Object, s: Object} @ webpack-internal:///(app-pages-browser)/../../node_modules/.pnpm/posthog-js@1.364.7/node_modules/posthog-js/dist/module.js:22
[ 2475108ms] [LOG] You're now in debug mode. All calls to PostHog will be logged in your console.
You can disable this with `posthog.debug(false)`. @ webpack-internal:///(app-pages-browser)/../../node_modules/.pnpm/posthog-js@1.364.7/node_modules/posthog-js/dist/module.js:22
[ 2475109ms] [LOG] [PostHog.js] Persistence loaded sessionStorage {$sdk_debug_extensions_init_method: synchronous, $sdk_debug_extensions_init_time_ms: 1, $sdk_debug_replay_remote_trigger_matching_config: null, $sdk_debug_replay_event_trigger_status: trigger_disabled, $sdk_debug_replay_url_trigger_status: trigger_disabled} @ webpack-internal:///(app-pages-browser)/../../node_modules/.pnpm/posthog-js@1.364.7/node_modules/posthog-js/dist/module.js:22
[ 2475109ms] [LOG] [PostHog.js] set_config {config: Object, oldConfig: Object, newConfig: Object} @ webpack-internal:///(app-pages-browser)/../../node_modules/.pnpm/posthog-js@1.364.7/node_modules/posthog-js/dist/module.js:22
[ 2475109ms] [LOG] [PostHog.js] [SessionRecording] starting @ webpack-internal:///(app-pages-browser)/../../node_modules/.pnpm/posthog-js@1.364.7/node_modules/posthog-js/dist/module.js:22
[ 2475132ms] [LOG] [PostHog.js] [Dead Clicks] starting... @ webpack-internal:///(app-pages-browser)/../../node_modules/.pnpm/posthog-js@1.364.7/node_modules/posthog-js/dist/module.js:22
[ 2475132ms] [LOG] [PostHog.js] Persistence loaded sessionStorage {$sdk_debug_extensions_init_method: synchronous, $sdk_debug_extensions_init_time_ms: 1, $sdk_debug_replay_remote_trigger_matching_config: null, $sdk_debug_replay_event_trigger_status: trigger_disabled, $sdk_debug_replay_url_trigger_status: trigger_disabled} @ webpack-internal:///(app-pages-browser)/../../node_modules/.pnpm/posthog-js@1.364.7/node_modules/posthog-js/dist/module.js:22
[ 2475132ms] [LOG] [PostHog.js] set_config {config: Object, oldConfig: Object, newConfig: Object} @ webpack-internal:///(app-pages-browser)/../../node_modules/.pnpm/posthog-js@1.364.7/node_modules/posthog-js/dist/module.js:22
[ 2475133ms] [LOG] [PostHog.js] [Surveys] flags response received, isSurveysEnabled: false @ webpack-internal:///(app-pages-browser)/../../node_modules/.pnpm/posthog-js@1.364.7/node_modules/posthog-js/dist/module.js:22
[ 2475134ms] [LOG] [PostHog.js] [Surveys] Surveys loaded successfully @ webpack-internal:///(app-pages-browser)/../../node_modules/.pnpm/posthog-js@1.364.7/node_modules/posthog-js/dist/module.js:22
[ 2477176ms] [LOG] [Fast Refresh] rebuilding @ https://us-assets.i.posthog.com/static/posthog-recorder.js?v=1.364.7:0
[ 2477435ms] [WARNING] [Fast Refresh] performing full reload

Fast Refresh will perform a full reload when you edit a file that's imported by modules outside of the React rendering tree.
You might have a file which exports a React component but also exports a value that is imported by a non-React component file.
Consider migrating the non-React component export to a separate file and importing it into both files.

It is also possible the parent component of the component you edited is a class component, which disables Fast Refresh.
Fast Refresh requires at least one parent function component in your React tree. @ https://us-assets.i.posthog.com/static/posthog-recorder.js?v=1.364.7:0
[ 2477436ms] [LOG] [PostHog.js] send "$snapshot" {uuid: 019d895b-e9f5-7f6e-9dd9-58393abfe0ef, event: $snapshot, properties: Object, timestamp: Tue Apr 14 2026 05:49:55 GMT+0530 (India Standard Time)} @ webpack-internal:///(app-pages-browser)/../../node_modules/.pnpm/posthog-js@1.364.7/node_modules/posthog-js/dist/module.js:22
[ 2477846ms] [LOG] [PostHog.js] send "$pageleave" {uuid: 019d895b-eb8e-7269-9606-65c08a6d0592, event: $pageleave, properties: Object, timestamp: Tue Apr 14 2026 05:49:55 GMT+0530 (India Standard Time)} @ webpack-internal:///(app-pages-browser)/../../node_modules/.pnpm/posthog-js@1.364.7/node_modules/posthog-js/dist/module.js:22
[ 2478085ms] [INFO] %cDownload the React DevTools for a better development experience: https://react.dev/link/react-devtools font-weight:bold @ webpack-internal:///(app-pages-browser)/../../node_modules/.pnpm/next@15.5.14_@opentelemetry+api@1.9.1_react-dom@18.3.1_react@18.2.0__react@18.2.0/node_modules/next/dist/compiled/react-dom/cjs/react-dom-client.development.js:25630
[ 2478180ms] [LOG] [GTM Event] clear_ecommerce {ecommerce: null} @ webpack-internal:///(app-pages-browser)/./lib/hooks/useGTM.ts:16
[ 2478180ms] [LOG] [GTM Event] view_item {ecommerce: Object} @ webpack-internal:///(app-pages-browser)/./lib/hooks/useGTM.ts:16
[ 2478181ms] [LOG] [AuthProvider] Mounting, starting hydration @ webpack-internal:///(app-pages-browser)/./components/providers/AuthProvider.tsx:35
[ 2478181ms] [LOG] [auth-store] isFreshLogin: false URL: http://localhost:3000/services/gst-registration @ webpack-internal:///(app-pages-browser)/./lib/stores/auth-store.ts:205
[ 2478182ms] [LOG] [auth-store] refreshSession starting @ webpack-internal:///(app-pages-browser)/./lib/stores/auth-store.ts:209
[ 2478278ms] [LOG] [auth-store] getSession result: no session @ webpack-internal:///(app-pages-browser)/./lib/stores/auth-store.ts:213
[ 2478284ms] [LOG] [AuthProvider] Initial hydration complete @ webpack-internal:///(app-pages-browser)/./components/providers/AuthProvider.tsx:40
[ 2478285ms] [LOG] [AuthProvider] Auth event: INITIAL_SESSION @ webpack-internal:///(app-pages-browser)/./components/providers/AuthProvider.tsx:46
[ 2478289ms] [LOG] [PostHog.js] set_config {config: Object, oldConfig: Object, newConfig: Object} @ webpack-internal:///(app-pages-browser)/../../node_modules/.pnpm/posthog-js@1.364.7/node_modules/posthog-js/dist/module.js:22
[ 2478289ms] [LOG] [PostHog.js] Persistence loaded localStorage+cookie {$device_id: 019d5401-510f-7d21-a410-204e78f58700, distinct_id: 019d5401-510f-7d21-a410-204e78f58700, $sesid: Array(3), $initial_person_info: Object, $user_state: anonymous} @ webpack-internal:///(app-pages-browser)/../../node_modules/.pnpm/posthog-js@1.364.7/node_modules/posthog-js/dist/module.js:22
[ 2478290ms] [LOG] [PostHog.js] Persistence loaded sessionStorage {$sdk_debug_extensions_init_method: synchronous, $sdk_debug_extensions_init_time_ms: 1, $sdk_debug_replay_remote_trigger_matching_config: null, $sdk_debug_replay_event_trigger_status: trigger_disabled, $sdk_debug_replay_url_trigger_status: trigger_disabled} @ webpack-internal:///(app-pages-browser)/../../node_modules/.pnpm/posthog-js@1.364.7/node_modules/posthog-js/dist/module.js:22
[ 2478290ms] [LOG] [PostHog.js] Initializing extensions synchronously @ webpack-internal:///(app-pages-browser)/../../node_modules/.pnpm/posthog-js@1.364.7/node_modules/posthog-js/dist/module.js:22
[ 2478290ms] [LOG] [PostHog.js] [Web Vitals] enabled, starting... @ webpack-internal:///(app-pages-browser)/../../node_modules/.pnpm/posthog-js@1.364.7/node_modules/posthog-js/dist/module.js:22
[ 2478291ms] [LOG] [PostHog.js] [SessionRecording] starting @ webpack-internal:///(app-pages-browser)/../../node_modules/.pnpm/posthog-js@1.364.7/node_modules/posthog-js/dist/module.js:22
[ 2478291ms] [LOG] [PostHog.js] [Heatmaps] starting... @ webpack-internal:///(app-pages-browser)/../../node_modules/.pnpm/posthog-js@1.364.7/node_modules/posthog-js/dist/module.js:22
[ 2478291ms] [LOG] [PostHog.js] Starting in debug mode {this: _n, config: Object, thisC: Object, p: Object, s: Object} @ webpack-internal:///(app-pages-browser)/../../node_modules/.pnpm/posthog-js@1.364.7/node_modules/posthog-js/dist/module.js:22
[ 2478292ms] [LOG] You're now in debug mode. All calls to PostHog will be logged in your console.
You can disable this with `posthog.debug(false)`. @ webpack-internal:///(app-pages-browser)/../../node_modules/.pnpm/posthog-js@1.364.7/node_modules/posthog-js/dist/module.js:22
[ 2478292ms] [LOG] [PostHog.js] Persistence loaded sessionStorage {$sdk_debug_extensions_init_method: synchronous, $sdk_debug_extensions_init_time_ms: 1, $sdk_debug_replay_remote_trigger_matching_config: null, $sdk_debug_replay_event_trigger_status: trigger_disabled, $sdk_debug_replay_url_trigger_status: trigger_disabled} @ webpack-internal:///(app-pages-browser)/../../node_modules/.pnpm/posthog-js@1.364.7/node_modules/posthog-js/dist/module.js:22
[ 2478292ms] [LOG] [PostHog.js] set_config {config: Object, oldConfig: Object, newConfig: Object} @ webpack-internal:///(app-pages-browser)/../../node_modules/.pnpm/posthog-js@1.364.7/node_modules/posthog-js/dist/module.js:22
[ 2478292ms] [LOG] [PostHog.js] [SessionRecording] starting @ webpack-internal:///(app-pages-browser)/../../node_modules/.pnpm/posthog-js@1.364.7/node_modules/posthog-js/dist/module.js:22
[ 2478315ms] [LOG] [PostHog.js] [Dead Clicks] starting... @ webpack-internal:///(app-pages-browser)/../../node_modules/.pnpm/posthog-js@1.364.7/node_modules/posthog-js/dist/module.js:22
[ 2478316ms] [LOG] [PostHog.js] Persistence loaded sessionStorage {$sdk_debug_extensions_init_method: synchronous, $sdk_debug_extensions_init_time_ms: 1, $sdk_debug_replay_remote_trigger_matching_config: null, $sdk_debug_replay_event_trigger_status: trigger_disabled, $sdk_debug_replay_url_trigger_status: trigger_disabled} @ webpack-internal:///(app-pages-browser)/../../node_modules/.pnpm/posthog-js@1.364.7/node_modules/posthog-js/dist/module.js:22
[ 2478316ms] [LOG] [PostHog.js] set_config {config: Object, oldConfig: Object, newConfig: Object} @ webpack-internal:///(app-pages-browser)/../../node_modules/.pnpm/posthog-js@1.364.7/node_modules/posthog-js/dist/module.js:22
[ 2478316ms] [LOG] [PostHog.js] [Surveys] flags response received, isSurveysEnabled: false @ webpack-internal:///(app-pages-browser)/../../node_modules/.pnpm/posthog-js@1.364.7/node_modules/posthog-js/dist/module.js:22
[ 2478317ms] [LOG] [PostHog.js] [Surveys] Surveys loaded successfully @ webpack-internal:///(app-pages-browser)/../../node_modules/.pnpm/posthog-js@1.364.7/node_modules/posthog-js/dist/module.js:22
[ 2479292ms] [LOG] [Fast Refresh] rebuilding @ https://us-assets.i.posthog.com/static/posthog-recorder.js?v=1.364.7:0
[ 2479486ms] [WARNING] [Fast Refresh] performing full reload

Fast Refresh will perform a full reload when you edit a file that's imported by modules outside of the React rendering tree.
You might have a file which exports a React component but also exports a value that is imported by a non-React component file.
Consider migrating the non-React component export to a separate file and importing it into both files.

It is also possible the parent component of the component you edited is a class component, which disables Fast Refresh.
Fast Refresh requires at least one parent function component in your React tree. @ https://us-assets.i.posthog.com/static/posthog-recorder.js?v=1.364.7:0
[ 2479487ms] [LOG] [PostHog.js] send "$snapshot" {uuid: 019d895b-f1f7-7f5b-b2aa-24d6a4859538, event: $snapshot, properties: Object, timestamp: Tue Apr 14 2026 05:49:57 GMT+0530 (India Standard Time)} @ webpack-internal:///(app-pages-browser)/../../node_modules/.pnpm/posthog-js@1.364.7/node_modules/posthog-js/dist/module.js:22
[ 2479826ms] [LOG] [PostHog.js] send "$pageleave" {uuid: 019d895b-f349-7d7f-a920-12b135d1454e, event: $pageleave, properties: Object, timestamp: Tue Apr 14 2026 05:49:57 GMT+0530 (India Standard Time)} @ webpack-internal:///(app-pages-browser)/../../node_modules/.pnpm/posthog-js@1.364.7/node_modules/posthog-js/dist/module.js:22
[ 2480055ms] [INFO] %cDownload the React DevTools for a better development experience: https://react.dev/link/react-devtools font-weight:bold @ webpack-internal:///(app-pages-browser)/../../node_modules/.pnpm/next@15.5.14_@opentelemetry+api@1.9.1_react-dom@18.3.1_react@18.2.0__react@18.2.0/node_modules/next/dist/compiled/react-dom/cjs/react-dom-client.development.js:25630
[ 2480153ms] [LOG] [GTM Event] clear_ecommerce {ecommerce: null} @ webpack-internal:///(app-pages-browser)/./lib/hooks/useGTM.ts:16
[ 2480154ms] [LOG] [GTM Event] view_item {ecommerce: Object} @ webpack-internal:///(app-pages-browser)/./lib/hooks/useGTM.ts:16
[ 2480155ms] [LOG] [AuthProvider] Mounting, starting hydration @ webpack-internal:///(app-pages-browser)/./components/providers/AuthProvider.tsx:35
[ 2480155ms] [LOG] [auth-store] isFreshLogin: false URL: http://localhost:3000/services/gst-registration @ webpack-internal:///(app-pages-browser)/./lib/stores/auth-store.ts:205
[ 2480155ms] [LOG] [auth-store] refreshSession starting @ webpack-internal:///(app-pages-browser)/./lib/stores/auth-store.ts:209
[ 2480244ms] [LOG] [auth-store] getSession result: no session @ webpack-internal:///(app-pages-browser)/./lib/stores/auth-store.ts:213
[ 2480250ms] [LOG] [AuthProvider] Initial hydration complete @ webpack-internal:///(app-pages-browser)/./components/providers/AuthProvider.tsx:40
[ 2480250ms] [LOG] [AuthProvider] Auth event: INITIAL_SESSION @ webpack-internal:///(app-pages-browser)/./components/providers/AuthProvider.tsx:46
[ 2480263ms] [LOG] [PostHog.js] set_config {config: Object, oldConfig: Object, newConfig: Object} @ webpack-internal:///(app-pages-browser)/../../node_modules/.pnpm/posthog-js@1.364.7/node_modules/posthog-js/dist/module.js:22
[ 2480263ms] [LOG] [PostHog.js] Persistence loaded localStorage+cookie {$device_id: 019d5401-510f-7d21-a410-204e78f58700, distinct_id: 019d5401-510f-7d21-a410-204e78f58700, $sesid: Array(3), $initial_person_info: Object, $user_state: anonymous} @ webpack-internal:///(app-pages-browser)/../../node_modules/.pnpm/posthog-js@1.364.7/node_modules/posthog-js/dist/module.js:22
[ 2480264ms] [LOG] [PostHog.js] Persistence loaded sessionStorage {$sdk_debug_extensions_init_method: synchronous, $sdk_debug_extensions_init_time_ms: 1, $sdk_debug_replay_remote_trigger_matching_config: null, $sdk_debug_replay_event_trigger_status: trigger_disabled, $sdk_debug_replay_url_trigger_status: trigger_disabled} @ webpack-internal:///(app-pages-browser)/../../node_modules/.pnpm/posthog-js@1.364.7/node_modules/posthog-js/dist/module.js:22
[ 2480264ms] [LOG] [PostHog.js] Initializing extensions synchronously @ webpack-internal:///(app-pages-browser)/../../node_modules/.pnpm/posthog-js@1.364.7/node_modules/posthog-js/dist/module.js:22
[ 2480264ms] [LOG] [PostHog.js] [Web Vitals] enabled, starting... @ webpack-internal:///(app-pages-browser)/../../node_modules/.pnpm/posthog-js@1.364.7/node_modules/posthog-js/dist/module.js:22
[ 2480265ms] [LOG] [PostHog.js] [SessionRecording] starting @ webpack-internal:///(app-pages-browser)/../../node_modules/.pnpm/posthog-js@1.364.7/node_modules/posthog-js/dist/module.js:22
[ 2480265ms] [LOG] [PostHog.js] [Heatmaps] starting... @ webpack-internal:///(app-pages-browser)/../../node_modules/.pnpm/posthog-js@1.364.7/node_modules/posthog-js/dist/module.js:22
[ 2480265ms] [LOG] [PostHog.js] Starting in debug mode {this: _n, config: Object, thisC: Object, p: Object, s: Object} @ webpack-internal:///(app-pages-browser)/../../node_modules/.pnpm/posthog-js@1.364.7/node_modules/posthog-js/dist/module.js:22
[ 2480266ms] [LOG] You're now in debug mode. All calls to PostHog will be logged in your console.
You can disable this with `posthog.debug(false)`. @ webpack-internal:///(app-pages-browser)/../../node_modules/.pnpm/posthog-js@1.364.7/node_modules/posthog-js/dist/module.js:22
[ 2480266ms] [LOG] [PostHog.js] Persistence loaded sessionStorage {$sdk_debug_extensions_init_method: synchronous, $sdk_debug_extensions_init_time_ms: 1, $sdk_debug_replay_remote_trigger_matching_config: null, $sdk_debug_replay_event_trigger_status: trigger_disabled, $sdk_debug_replay_url_trigger_status: trigger_disabled} @ webpack-internal:///(app-pages-browser)/../../node_modules/.pnpm/posthog-js@1.364.7/node_modules/posthog-js/dist/module.js:22
[ 2480266ms] [LOG] [PostHog.js] set_config {config: Object, oldConfig: Object, newConfig: Object} @ webpack-internal:///(app-pages-browser)/../../node_modules/.pnpm/posthog-js@1.364.7/node_modules/posthog-js/dist/module.js:22
[ 2480266ms] [LOG] [PostHog.js] [SessionRecording] starting @ webpack-internal:///(app-pages-browser)/../../node_modules/.pnpm/posthog-js@1.364.7/node_modules/posthog-js/dist/module.js:22
[ 2480289ms] [LOG] [PostHog.js] [Dead Clicks] starting... @ webpack-internal:///(app-pages-browser)/../../node_modules/.pnpm/posthog-js@1.364.7/node_modules/posthog-js/dist/module.js:22
[ 2480289ms] [LOG] [PostHog.js] Persistence loaded sessionStorage {$sdk_debug_extensions_init_method: synchronous, $sdk_debug_extensions_init_time_ms: 1, $sdk_debug_replay_remote_trigger_matching_config: null, $sdk_debug_replay_event_trigger_status: trigger_disabled, $sdk_debug_replay_url_trigger_status: trigger_disabled} @ webpack-internal:///(app-pages-browser)/../../node_modules/.pnpm/posthog-js@1.364.7/node_modules/posthog-js/dist/module.js:22
[ 2480289ms] [LOG] [PostHog.js] set_config {config: Object, oldConfig: Object, newConfig: Object} @ webpack-internal:///(app-pages-browser)/../../node_modules/.pnpm/posthog-js@1.364.7/node_modules/posthog-js/dist/module.js:22
[ 2480289ms] [LOG] [PostHog.js] [Surveys] flags response received, isSurveysEnabled: false @ webpack-internal:///(app-pages-browser)/../../node_modules/.pnpm/posthog-js@1.364.7/node_modules/posthog-js/dist/module.js:22
[ 2480291ms] [LOG] [PostHog.js] [Surveys] Surveys loaded successfully @ webpack-internal:///(app-pages-browser)/../../node_modules/.pnpm/posthog-js@1.364.7/node_modules/posthog-js/dist/module.js:22
[ 2480593ms] [LOG] [PostHog.js] send "$autocapture" {uuid: 019d895b-f649-73d2-bc8a-cfd3544ca166, event: $autocapture, properties: Object, timestamp: Tue Apr 14 2026 05:49:58 GMT+0530 (India Standard Time)} @ webpack-internal:///(app-pages-browser)/../../node_modules/.pnpm/posthog-js@1.364.7/node_modules/posthog-js/dist/module.js:22
[ 2482320ms] [LOG] [PostHog.js] send "$snapshot" {uuid: 019d895b-fd08-7583-beab-174ec7d027e1, event: $snapshot, properties: Object, timestamp: Tue Apr 14 2026 05:50:00 GMT+0530 (India Standard Time)} @ webpack-internal:///(app-pages-browser)/../../node_modules/.pnpm/posthog-js@1.364.7/node_modules/posthog-js/dist/module.js:22
[ 2482456ms] [LOG] [PostHog.js] send "$autocapture" {uuid: 019d895b-fd90-7950-971b-1e8f646edb98, event: $autocapture, properties: Object, timestamp: Tue Apr 14 2026 05:50:00 GMT+0530 (India Standard Time)} @ webpack-internal:///(app-pages-browser)/../../node_modules/.pnpm/posthog-js@1.364.7/node_modules/posthog-js/dist/module.js:22
[ 2483297ms] [LOG] [PostHog.js] send "$autocapture" {uuid: 019d895c-00d9-7313-916a-06be872af82c, event: $autocapture, properties: Object, timestamp: Tue Apr 14 2026 05:50:01 GMT+0530 (India Standard Time)} @ webpack-internal:///(app-pages-browser)/../../node_modules/.pnpm/posthog-js@1.364.7/node_modules/posthog-js/dist/module.js:22
[ 2484322ms] [LOG] [PostHog.js] send "$snapshot" {uuid: 019d895c-04da-7430-9a3f-853501060374, event: $snapshot, properties: Object, timestamp: Tue Apr 14 2026 05:50:02 GMT+0530 (India Standard Time)} @ webpack-internal:///(app-pages-browser)/../../node_modules/.pnpm/posthog-js@1.364.7/node_modules/posthog-js/dist/module.js:22
[ 2485268ms] [LOG] [PostHog.js] send "$$heatmap" {uuid: 019d895c-088c-75f6-85e8-feb0c0fa1eb3, event: $$heatmap, properties: Object, timestamp: Tue Apr 14 2026 05:50:03 GMT+0530 (India Standard Time)} @ webpack-internal:///(app-pages-browser)/../../node_modules/.pnpm/posthog-js@1.364.7/node_modules/posthog-js/dist/module.js:22
[ 2485293ms] [LOG] [PostHog.js] send "$web_vitals" {uuid: 019d895c-08a5-7d94-a323-177c50a7af8a, event: $web_vitals, properties: Object, timestamp: Tue Apr 14 2026 05:50:03 GMT+0530 (India Standard Time)} @ webpack-internal:///(app-pages-browser)/../../node_modules/.pnpm/posthog-js@1.364.7/node_modules/posthog-js/dist/module.js:22
[ 2486328ms] [LOG] [PostHog.js] send "$snapshot" {uuid: 019d895c-0cb1-7cea-9db9-4e41ac6d3264, event: $snapshot, properties: Object, timestamp: Tue Apr 14 2026 05:50:04 GMT+0530 (India Standard Time)} @ webpack-internal:///(app-pages-browser)/../../node_modules/.pnpm/posthog-js@1.364.7/node_modules/posthog-js/dist/module.js:22
[ 2487881ms] [LOG] [PostHog.js] send "$autocapture" {uuid: 019d895c-12c1-7e18-b26d-f9c548dc462f, event: $autocapture, properties: Object, timestamp: Tue Apr 14 2026 05:50:05 GMT+0530 (India Standard Time)} @ webpack-internal:///(app-pages-browser)/../../node_modules/.pnpm/posthog-js@1.364.7/node_modules/posthog-js/dist/module.js:22
[ 2489642ms] [LOG] [PostHog.js] send "$snapshot" {uuid: 019d895c-19a2-7221-aa60-12538a6c1676, event: $snapshot, properties: Object, timestamp: Tue Apr 14 2026 05:50:07 GMT+0530 (India Standard Time)} @ webpack-internal:///(app-pages-browser)/../../node_modules/.pnpm/posthog-js@1.364.7/node_modules/posthog-js/dist/module.js:22
[ 2490269ms] [LOG] [PostHog.js] send "$$heatmap" {uuid: 019d895c-1c14-7154-a7a6-30a7f86846d1, event: $$heatmap, properties: Object, timestamp: Tue Apr 14 2026 05:50:08 GMT+0530 (India Standard Time)} @ webpack-internal:///(app-pages-browser)/../../node_modules/.pnpm/posthog-js@1.364.7/node_modules/posthog-js/dist/module.js:22
[ 2492391ms] [LOG] [PostHog.js] send "$snapshot" {uuid: 019d895c-2460-759b-910c-e657e4288041, event: $snapshot, properties: Object, timestamp: Tue Apr 14 2026 05:50:10 GMT+0530 (India Standard Time)} @ webpack-internal:///(app-pages-browser)/../../node_modules/.pnpm/posthog-js@1.364.7/node_modules/posthog-js/dist/module.js:22
[ 2494476ms] [LOG] [PostHog.js] send "$snapshot" {uuid: 019d895c-2c84-7c10-9aa9-ac281350f8ab, event: $snapshot, properties: Object, timestamp: Tue Apr 14 2026 05:50:12 GMT+0530 (India Standard Time)} @ webpack-internal:///(app-pages-browser)/../../node_modules/.pnpm/posthog-js@1.364.7/node_modules/posthog-js/dist/module.js:22
[ 2495267ms] [LOG] [PostHog.js] send "$$heatmap" {uuid: 019d895c-2f9b-7b66-85a1-ac035586dd8c, event: $$heatmap, properties: Object, timestamp: Tue Apr 14 2026 05:50:13 GMT+0530 (India Standard Time)} @ webpack-internal:///(app-pages-browser)/../../node_modules/.pnpm/posthog-js@1.364.7/node_modules/posthog-js/dist/module.js:22
[ 2498007ms] [LOG] [PostHog.js] send "$snapshot" {uuid: 019d895c-3a4f-7e55-93a6-9d4849f7d10e, event: $snapshot, properties: Object, timestamp: Tue Apr 14 2026 05:50:16 GMT+0530 (India Standard Time)} @ webpack-internal:///(app-pages-browser)/../../node_modules/.pnpm/posthog-js@1.364.7/node_modules/posthog-js/dist/module.js:22
[ 2500073ms] [LOG] [PostHog.js] send "$autocapture" {uuid: 019d895c-4261-75d3-9975-57cecd1d5a8f, event: $autocapture, properties: Object, timestamp: Tue Apr 14 2026 05:50:18 GMT+0530 (India Standard Time)} @ webpack-internal:///(app-pages-browser)/../../node_modules/.pnpm/posthog-js@1.364.7/node_modules/posthog-js/dist/module.js:22
[ 2500268ms] [LOG] [PostHog.js] send "$$heatmap" {uuid: 019d895c-4324-7e36-b6e5-eac3c8143c34, event: $$heatmap, properties: Object, timestamp: Tue Apr 14 2026 05:50:18 GMT+0530 (India Standard Time)} @ webpack-internal:///(app-pages-browser)/../../node_modules/.pnpm/posthog-js@1.364.7/node_modules/posthog-js/dist/module.js:22
[ 2500966ms] [LOG] [PostHog.js] send "$autocapture" {uuid: 019d895c-45de-7cdf-9d2d-c57fbae3a450, event: $autocapture, properties: Object, timestamp: Tue Apr 14 2026 05:50:19 GMT+0530 (India Standard Time)} @ webpack-internal:///(app-pages-browser)/../../node_modules/.pnpm/posthog-js@1.364.7/node_modules/posthog-js/dist/module.js:22
[ 2501581ms] [LOG] [PostHog.js] send "$rageclick" {uuid: 019d895c-4845-7d52-aade-09996ffad24a, event: $rageclick, properties: Object, timestamp: Tue Apr 14 2026 05:50:19 GMT+0530 (India Standard Time)} @ webpack-internal:///(app-pages-browser)/../../node_modules/.pnpm/posthog-js@1.364.7/node_modules/posthog-js/dist/module.js:22
[ 2501582ms] [LOG] [PostHog.js] send "$autocapture" {uuid: 019d895c-4846-7135-bacb-3804c5f18051, event: $autocapture, properties: Object, timestamp: Tue Apr 14 2026 05:50:19 GMT+0530 (India Standard Time)} @ webpack-internal:///(app-pages-browser)/../../node_modules/.pnpm/posthog-js@1.364.7/node_modules/posthog-js/dist/module.js:22
[ 2501982ms] [LOG] [PostHog.js] send "$snapshot" {uuid: 019d895c-49d6-78f5-a443-596d41b4555e, event: $snapshot, properties: Object, timestamp: Tue Apr 14 2026 05:50:20 GMT+0530 (India Standard Time)} @ webpack-internal:///(app-pages-browser)/../../node_modules/.pnpm/posthog-js@1.364.7/node_modules/posthog-js/dist/module.js:22
[ 2502631ms] [LOG] [PostHog.js] send "$autocapture" {uuid: 019d895c-4c5f-774f-a25f-f6cdbaf01bfb, event: $autocapture, properties: Object, timestamp: Tue Apr 14 2026 05:50:20 GMT+0530 (India Standard Time)} @ webpack-internal:///(app-pages-browser)/../../node_modules/.pnpm/posthog-js@1.364.7/node_modules/posthog-js/dist/module.js:22
[ 2504541ms] [LOG] [PostHog.js] send "$snapshot" {uuid: 019d895c-53d6-7851-ae87-37d0ca4b404f, event: $snapshot, properties: Object, timestamp: Tue Apr 14 2026 05:50:22 GMT+0530 (India Standard Time)} @ webpack-internal:///(app-pages-browser)/../../node_modules/.pnpm/posthog-js@1.364.7/node_modules/posthog-js/dist/module.js:22
[ 2505268ms] [LOG] [PostHog.js] send "$$heatmap" {uuid: 019d895c-56ac-728a-9822-0f94222714ae, event: $$heatmap, properties: Object, timestamp: Tue Apr 14 2026 05:50:23 GMT+0530 (India Standard Time)} @ webpack-internal:///(app-pages-browser)/../../node_modules/.pnpm/posthog-js@1.364.7/node_modules/posthog-js/dist/module.js:22
[ 2509513ms] [LOG] [PostHog.js] send "$snapshot" {uuid: 019d895c-6742-77fe-b4c3-add2e1db2630, event: $snapshot, properties: Object, timestamp: Tue Apr 14 2026 05:50:27 GMT+0530 (India Standard Time)} @ webpack-internal:///(app-pages-browser)/../../node_modules/.pnpm/posthog-js@1.364.7/node_modules/posthog-js/dist/module.js:22
[ 2510267ms] [LOG] [PostHog.js] send "$$heatmap" {uuid: 019d895c-6a33-7503-a13c-409738ddc681, event: $$heatmap, properties: Object, timestamp: Tue Apr 14 2026 05:50:28 GMT+0530 (India Standard Time)} @ webpack-internal:///(app-pages-browser)/../../node_modules/.pnpm/posthog-js@1.364.7/node_modules/posthog-js/dist/module.js:22
[ 2510589ms] [LOG] [PostHog.js] send "$autocapture" {uuid: 019d895c-6b75-7217-a945-7593c9bc4043, event: $autocapture, properties: Object, timestamp: Tue Apr 14 2026 05:50:28 GMT+0530 (India Standard Time)} @ webpack-internal:///(app-pages-browser)/../../node_modules/.pnpm/posthog-js@1.364.7/node_modules/posthog-js/dist/module.js:22
[ 2511596ms] [LOG] [PostHog.js] send "$snapshot" {uuid: 019d895c-6f65-784e-bfdf-d909841f9b25, event: $snapshot, properties: Object, timestamp: Tue Apr 14 2026 05:50:29 GMT+0530 (India Standard Time)} @ webpack-internal:///(app-pages-browser)/../../node_modules/.pnpm/posthog-js@1.364.7/node_modules/posthog-js/dist/module.js:22
[ 2513599ms] [LOG] [PostHog.js] send "$snapshot" {uuid: 019d895c-7737-7003-bb42-8a9c67568ec7, event: $snapshot, properties: Object, timestamp: Tue Apr 14 2026 05:50:31 GMT+0530 (India Standard Time)} @ webpack-internal:///(app-pages-browser)/../../node_modules/.pnpm/posthog-js@1.364.7/node_modules/posthog-js/dist/module.js:22
[ 2515268ms] [LOG] [PostHog.js] send "$$heatmap" {uuid: 019d895c-7dbc-775b-8d1e-5b60f5a3335c, event: $$heatmap, properties: Object, timestamp: Tue Apr 14 2026 05:50:33 GMT+0530 (India Standard Time)} @ webpack-internal:///(app-pages-browser)/../../node_modules/.pnpm/posthog-js@1.364.7/node_modules/posthog-js/dist/module.js:22
[ 2517214ms] [LOG] [PostHog.js] send "$autocapture" {uuid: 019d895c-8556-762c-ae0f-ec6390e774a2, event: $autocapture, properties: Object, timestamp: Tue Apr 14 2026 05:50:35 GMT+0530 (India Standard Time)} @ webpack-internal:///(app-pages-browser)/../../node_modules/.pnpm/posthog-js@1.364.7/node_modules/posthog-js/dist/module.js:22
[ 2517988ms] [LOG] [PostHog.js] send "$snapshot" {uuid: 019d895c-885c-799c-8269-a83bcbc2324c, event: $snapshot, properties: Object, timestamp: Tue Apr 14 2026 05:50:36 GMT+0530 (India Standard Time)} @ webpack-internal:///(app-pages-browser)/../../node_modules/.pnpm/posthog-js@1.364.7/node_modules/posthog-js/dist/module.js:22
[ 2520108ms] [LOG] [PostHog.js] send "$snapshot" {uuid: 019d895c-90a4-7129-82f6-94562f884418, event: $snapshot, properties: Object, timestamp: Tue Apr 14 2026 05:50:38 GMT+0530 (India Standard Time)} @ webpack-internal:///(app-pages-browser)/../../node_modules/.pnpm/posthog-js@1.364.7/node_modules/posthog-js/dist/module.js:22
[ 2520267ms] [LOG] [PostHog.js] send "$$heatmap" {uuid: 019d895c-9143-7176-9c91-4071135d1cdd, event: $$heatmap, properties: Object, timestamp: Tue Apr 14 2026 05:50:38 GMT+0530 (India Standard Time)} @ webpack-internal:///(app-pages-browser)/../../node_modules/.pnpm/posthog-js@1.364.7/node_modules/posthog-js/dist/module.js:22
[ 2524537ms] [LOG] [PostHog.js] send "$snapshot" {uuid: 019d895c-a1f1-7abe-a66a-aa0e1c1aaeb2, event: $snapshot, properties: Object, timestamp: Tue Apr 14 2026 05:50:42 GMT+0530 (India Standard Time)} @ webpack-internal:///(app-pages-browser)/../../node_modules/.pnpm/posthog-js@1.364.7/node_modules/posthog-js/dist/module.js:22
[ 2525267ms] [LOG] [PostHog.js] send "$$heatmap" {uuid: 019d895c-a4cb-7265-8980-c0e186da6302, event: $$heatmap, properties: Object, timestamp: Tue Apr 14 2026 05:50:43 GMT+0530 (India Standard Time)} @ webpack-internal:///(app-pages-browser)/../../node_modules/.pnpm/posthog-js@1.364.7/node_modules/posthog-js/dist/module.js:22
[ 2534605ms] [LOG] [PostHog.js] send "$snapshot" {uuid: 019d895c-c946-7512-bbdb-67d925005d36, event: $snapshot, properties: Object, timestamp: Tue Apr 14 2026 05:50:52 GMT+0530 (India Standard Time)} @ webpack-internal:///(app-pages-browser)/../../node_modules/.pnpm/posthog-js@1.364.7/node_modules/posthog-js/dist/module.js:22
[ 2535268ms] [LOG] [PostHog.js] send "$$heatmap" {uuid: 019d895c-cbdb-7673-9357-47ef0a0c8423, event: $$heatmap, properties: Object, timestamp: Tue Apr 14 2026 05:50:53 GMT+0530 (India Standard Time)} @ webpack-internal:///(app-pages-browser)/../../node_modules/.pnpm/posthog-js@1.364.7/node_modules/posthog-js/dist/module.js:22
[ 2536610ms] [LOG] [PostHog.js] send "$snapshot" {uuid: 019d895c-d11b-7590-bd48-76eff706d8bd, event: $snapshot, properties: Object, timestamp: Tue Apr 14 2026 05:50:54 GMT+0530 (India Standard Time)} @ webpack-internal:///(app-pages-browser)/../../node_modules/.pnpm/posthog-js@1.364.7/node_modules/posthog-js/dist/module.js:22
[ 2538646ms] [LOG] [PostHog.js] send "$snapshot" {uuid: 019d895c-d90e-7e42-8241-67f8fd210b1b, event: $snapshot, properties: Object, timestamp: Tue Apr 14 2026 05:50:56 GMT+0530 (India Standard Time)} @ webpack-internal:///(app-pages-browser)/../../node_modules/.pnpm/posthog-js@1.364.7/node_modules/posthog-js/dist/module.js:22
[ 2540711ms] [LOG] [PostHog.js] send "$snapshot" {uuid: 019d895c-e11f-74d0-b8c1-51f964ac02ba, event: $snapshot, properties: Object, timestamp: Tue Apr 14 2026 05:50:58 GMT+0530 (India Standard Time)} @ webpack-internal:///(app-pages-browser)/../../node_modules/.pnpm/posthog-js@1.364.7/node_modules/posthog-js/dist/module.js:22
[ 2542944ms] [LOG] [PostHog.js] send "$snapshot" {uuid: 019d895c-e9d8-7fc7-b6c7-67bb1a4045e0, event: $snapshot, properties: Object, timestamp: Tue Apr 14 2026 05:51:01 GMT+0530 (India Standard Time)} @ webpack-internal:///(app-pages-browser)/../../node_modules/.pnpm/posthog-js@1.364.7/node_modules/posthog-js/dist/module.js:22
[ 2544975ms] [LOG] [PostHog.js] send "$snapshot" {uuid: 019d895c-f1c8-778d-9d53-d28cc80b778e, event: $snapshot, properties: Object, timestamp: Tue Apr 14 2026 05:51:03 GMT+0530 (India Standard Time)} @ webpack-internal:///(app-pages-browser)/../../node_modules/.pnpm/posthog-js@1.364.7/node_modules/posthog-js/dist/module.js:22
[ 2546996ms] [LOG] [PostHog.js] send "$snapshot" {uuid: 019d895c-f9ad-7005-9bd6-5d601dfa13b7, event: $snapshot, properties: Object, timestamp: Tue Apr 14 2026 05:51:05 GMT+0530 (India Standard Time)} @ webpack-internal:///(app-pages-browser)/../../node_modules/.pnpm/posthog-js@1.364.7/node_modules/posthog-js/dist/module.js:22
[ 2572855ms] [LOG] [PostHog.js] send "$snapshot" {uuid: 019d895d-5eb0-7a05-b566-95e7ecc1a9bf, event: $snapshot, properties: Object, timestamp: Tue Apr 14 2026 05:51:30 GMT+0530 (India Standard Time)} @ webpack-internal:///(app-pages-browser)/../../node_modules/.pnpm/posthog-js@1.364.7/node_modules/posthog-js/dist/module.js:22
[ 2574947ms] [LOG] [PostHog.js] send "$snapshot" {uuid: 019d895d-66dc-7d78-af59-27734838c224, event: $snapshot, properties: Object, timestamp: Tue Apr 14 2026 05:51:33 GMT+0530 (India Standard Time)} @ webpack-internal:///(app-pages-browser)/../../node_modules/.pnpm/posthog-js@1.364.7/node_modules/posthog-js/dist/module.js:22
[ 2575268ms] [LOG] [PostHog.js] send "$$heatmap" {uuid: 019d895d-681b-76cc-b2e0-66be33c70086, event: $$heatmap, properties: Object, timestamp: Tue Apr 14 2026 05:51:33 GMT+0530 (India Standard Time)} @ webpack-internal:///(app-pages-browser)/../../node_modules/.pnpm/posthog-js@1.364.7/node_modules/posthog-js/dist/module.js:22
[ 2576955ms] [LOG] [PostHog.js] send "$snapshot" {uuid: 019d895d-6eb3-71a3-8145-e0ea89cddd99, event: $snapshot, properties: Object, timestamp: Tue Apr 14 2026 05:51:35 GMT+0530 (India Standard Time)} @ webpack-internal:///(app-pages-browser)/../../node_modules/.pnpm/posthog-js@1.364.7/node_modules/posthog-js/dist/module.js:22
[ 2587852ms] [LOG] [PostHog.js] send "$snapshot" {uuid: 019d895d-9944-7ec0-bde4-3035bf270286, event: $snapshot, properties: Object, timestamp: Tue Apr 14 2026 05:51:45 GMT+0530 (India Standard Time)} @ webpack-internal:///(app-pages-browser)/../../node_modules/.pnpm/posthog-js@1.364.7/node_modules/posthog-js/dist/module.js:22
[ 2589875ms] [LOG] [PostHog.js] send "$snapshot" {uuid: 019d895d-a12c-73fd-b906-67b4e430f90d, event: $snapshot, properties: Object, timestamp: Tue Apr 14 2026 05:51:47 GMT+0530 (India Standard Time)} @ webpack-internal:///(app-pages-browser)/../../node_modules/.pnpm/posthog-js@1.364.7/node_modules/posthog-js/dist/module.js:22
[ 2590268ms] [LOG] [PostHog.js] send "$$heatmap" {uuid: 019d895d-a2b4-7374-927d-dd5a99cf8d9b, event: $$heatmap, properties: Object, timestamp: Tue Apr 14 2026 05:51:48 GMT+0530 (India Standard Time)} @ webpack-internal:///(app-pages-browser)/../../node_modules/.pnpm/posthog-js@1.364.7/node_modules/posthog-js/dist/module.js:22
[ 2592353ms] [LOG] [PostHog.js] send "$snapshot" {uuid: 019d895d-aada-7511-adb9-9cd82a69d8c8, event: $snapshot, properties: Object, timestamp: Tue Apr 14 2026 05:51:50 GMT+0530 (India Standard Time)} @ webpack-internal:///(app-pages-browser)/../../node_modules/.pnpm/posthog-js@1.364.7/node_modules/posthog-js/dist/module.js:22
[ 2595268ms] [LOG] [PostHog.js] send "$$heatmap" {uuid: 019d895d-b63c-742d-bc1f-7c0e65a8720f, event: $$heatmap, properties: Object, timestamp: Tue Apr 14 2026 05:51:53 GMT+0530 (India Standard Time)} @ webpack-internal:///(app-pages-browser)/../../node_modules/.pnpm/posthog-js@1.364.7/node_modules/posthog-js/dist/module.js:22
[ 2598594ms] [LOG] [PostHog.js] send "$snapshot" {uuid: 019d895d-c33a-7fe6-80db-6f6eb048487f, event: $snapshot, properties: Object, timestamp: Tue Apr 14 2026 05:51:56 GMT+0530 (India Standard Time)} @ webpack-internal:///(app-pages-browser)/../../node_modules/.pnpm/posthog-js@1.364.7/node_modules/posthog-js/dist/module.js:22
[ 2600266ms] [LOG] [PostHog.js] send "$$heatmap" {uuid: 019d895d-c9c2-7778-9b98-5c51f437f154, event: $$heatmap, properties: Object, timestamp: Tue Apr 14 2026 05:51:58 GMT+0530 (India Standard Time)} @ webpack-internal:///(app-pages-browser)/../../node_modules/.pnpm/posthog-js@1.364.7/node_modules/posthog-js/dist/module.js:22
[ 2600640ms] [LOG] [PostHog.js] send "$snapshot" {uuid: 019d895d-cb38-7c31-8b23-d7845faf2126, event: $snapshot, properties: Object, timestamp: Tue Apr 14 2026 05:51:58 GMT+0530 (India Standard Time)} @ webpack-internal:///(app-pages-browser)/../../node_modules/.pnpm/posthog-js@1.364.7/node_modules/posthog-js/dist/module.js:22
[ 2601534ms] [LOG] [PostHog.js] send "$autocapture" {uuid: 019d895d-ceb6-7a61-ab55-4d2fa383981d, event: $autocapture, properties: Object, timestamp: Tue Apr 14 2026 05:51:59 GMT+0530 (India Standard Time)} @ webpack-internal:///(app-pages-browser)/../../node_modules/.pnpm/posthog-js@1.364.7/node_modules/posthog-js/dist/module.js:22
[ 2603434ms] [LOG] [PostHog.js] send "$autocapture" {uuid: 019d895d-d622-71c7-94d9-eefc1eca0ab4, event: $autocapture, properties: Object, timestamp: Tue Apr 14 2026 05:52:01 GMT+0530 (India Standard Time)} @ webpack-internal:///(app-pages-browser)/../../node_modules/.pnpm/posthog-js@1.364.7/node_modules/posthog-js/dist/module.js:22
[ 2603438ms] [LOG] [PostHog.js] send "$snapshot" {uuid: 019d895d-d627-7c90-87ee-553ab4e4179e, event: $snapshot, properties: Object, timestamp: Tue Apr 14 2026 05:52:01 GMT+0530 (India Standard Time)} @ webpack-internal:///(app-pages-browser)/../../node_modules/.pnpm/posthog-js@1.364.7/node_modules/posthog-js/dist/module.js:22
[ 2604025ms] [LOG] [PostHog.js] send "$autocapture" {uuid: 019d895d-d871-7887-b4fb-1451458501c5, event: $autocapture, properties: Object, timestamp: Tue Apr 14 2026 05:52:02 GMT+0530 (India Standard Time)} @ webpack-internal:///(app-pages-browser)/../../node_modules/.pnpm/posthog-js@1.364.7/node_modules/posthog-js/dist/module.js:22
[ 2604092ms] [LOG] [Fast Refresh] rebuilding @ https://us-assets.i.posthog.com/static/posthog-recorder.js?v=1.364.7:0
[ 2604403ms] [WARNING] [Fast Refresh] performing full reload

Fast Refresh will perform a full reload when you edit a file that's imported by modules outside of the React rendering tree.
You might have a file which exports a React component but also exports a value that is imported by a non-React component file.
Consider migrating the non-React component export to a separate file and importing it into both files.

It is also possible the parent component of the component you edited is a class component, which disables Fast Refresh.
Fast Refresh requires at least one parent function component in your React tree. @ https://us-assets.i.posthog.com/static/posthog-recorder.js?v=1.364.7:0
[ 2604403ms] [LOG] [PostHog.js] send "$$heatmap" {uuid: 019d895d-d9ec-7663-a3ff-e17bcf561bfc, event: $$heatmap, properties: Object, timestamp: Tue Apr 14 2026 05:52:02 GMT+0530 (India Standard Time)} @ webpack-internal:///(app-pages-browser)/../../node_modules/.pnpm/posthog-js@1.364.7/node_modules/posthog-js/dist/module.js:22
[ 2604404ms] [LOG] [PostHog.js] send "$snapshot" {uuid: 019d895d-d9ec-7663-a3ff-e17c8639784f, event: $snapshot, properties: Object, timestamp: Tue Apr 14 2026 05:52:02 GMT+0530 (India Standard Time)} @ webpack-internal:///(app-pages-browser)/../../node_modules/.pnpm/posthog-js@1.364.7/node_modules/posthog-js/dist/module.js:22
[ 2604625ms] [LOG] [PostHog.js] send "$rageclick" {uuid: 019d895d-daca-73a7-96b7-3ac177cfde3c, event: $rageclick, properties: Object, timestamp: Tue Apr 14 2026 05:52:02 GMT+0530 (India Standard Time)} @ webpack-internal:///(app-pages-browser)/../../node_modules/.pnpm/posthog-js@1.364.7/node_modules/posthog-js/dist/module.js:22
[ 2604626ms] [LOG] [PostHog.js] send "$autocapture" {uuid: 019d895d-daca-73a7-96b7-3ac2fcf8f716, event: $autocapture, properties: Object, timestamp: Tue Apr 14 2026 05:52:02 GMT+0530 (India Standard Time)} @ webpack-internal:///(app-pages-browser)/../../node_modules/.pnpm/posthog-js@1.364.7/node_modules/posthog-js/dist/module.js:22
[ 2605266ms] [LOG] [PostHog.js] send "$$heatmap" {uuid: 019d895d-dd4a-7db1-8c1e-0afe57d771b9, event: $$heatmap, properties: Object, timestamp: Tue Apr 14 2026 05:52:03 GMT+0530 (India Standard Time)} @ webpack-internal:///(app-pages-browser)/../../node_modules/.pnpm/posthog-js@1.364.7/node_modules/posthog-js/dist/module.js:22
[ 2606405ms] [LOG] [PostHog.js] send "$snapshot" {uuid: 019d895d-e1bd-77e3-9c50-67e4d9aaacf7, event: $snapshot, properties: Object, timestamp: Tue Apr 14 2026 05:52:04 GMT+0530 (India Standard Time)} @ webpack-internal:///(app-pages-browser)/../../node_modules/.pnpm/posthog-js@1.364.7/node_modules/posthog-js/dist/module.js:22
[ 2607456ms] [LOG] [PostHog.js] send "$pageleave" {uuid: 019d895d-e5d8-7b35-9c03-ffbdad1f3d9f, event: $pageleave, properties: Object, timestamp: Tue Apr 14 2026 05:52:05 GMT+0530 (India Standard Time)} @ webpack-internal:///(app-pages-browser)/../../node_modules/.pnpm/posthog-js@1.364.7/node_modules/posthog-js/dist/module.js:22
[ 2607458ms] [ERROR] [PostHog.js] TypeError: Failed to fetch
    at method (webpack-internal:///(app-pages-browser)/../../node_modules/.pnpm/posthog-js@1.364.7/node_modules/posthog-js/dist/module.js:23:53844)
    at eval (webpack-internal:///(app-pages-browser)/../../node_modules/.pnpm/posthog-js@1.364.7/node_modules/posthog-js/dist/module.js:23:81998) @ webpack-internal:///(app-pages-browser)/../../node_modules/.pnpm/next@15.5.14_@opentelemetry+api@1.9.1_react-dom@18.3.1_react@18.2.0__react@18.2.0/node_modules/next/dist/next-devtools/userspace/app/errors/intercept-console-error.js:56
[ 2607458ms] [WARNING] [PostHog.js] Enqueued failed request for retry in 2766 @ webpack-internal:///(app-pages-browser)/../../node_modules/.pnpm/posthog-js@1.364.7/node_modules/posthog-js/dist/module.js:22
[ 2607458ms] [ERROR] [PostHog.js] TypeError: Failed to fetch
    at method (webpack-internal:///(app-pages-browser)/../../node_modules/.pnpm/posthog-js@1.364.7/node_modules/posthog-js/dist/module.js:23:53844)
    at eval (webpack-internal:///(app-pages-browser)/../../node_modules/.pnpm/posthog-js@1.364.7/node_modules/posthog-js/dist/module.js:23:81998) @ webpack-internal:///(app-pages-browser)/../../node_modules/.pnpm/next@15.5.14_@opentelemetry+api@1.9.1_react-dom@18.3.1_react@18.2.0__react@18.2.0/node_modules/next/dist/next-devtools/userspace/app/errors/intercept-console-error.js:56
[ 2607458ms] [WARNING] [PostHog.js] Enqueued failed request for retry in 2262 @ webpack-internal:///(app-pages-browser)/../../node_modules/.pnpm/posthog-js@1.364.7/node_modules/posthog-js/dist/module.js:22
[ 2607458ms] [ERROR] [PostHog.js] TypeError: Failed to fetch
    at method (webpack-internal:///(app-pages-browser)/../../node_modules/.pnpm/posthog-js@1.364.7/node_modules/posthog-js/dist/module.js:23:53844)
    at eval (webpack-internal:///(app-pages-browser)/../../node_modules/.pnpm/posthog-js@1.364.7/node_modules/posthog-js/dist/module.js:23:81998) @ webpack-internal:///(app-pages-browser)/../../node_modules/.pnpm/next@15.5.14_@opentelemetry+api@1.9.1_react-dom@18.3.1_react@18.2.0__react@18.2.0/node_modules/next/dist/next-devtools/userspace/app/errors/intercept-console-error.js:56
[ 2607458ms] [WARNING] [PostHog.js] Enqueued failed request for retry in 3131 @ webpack-internal:///(app-pages-browser)/../../node_modules/.pnpm/posthog-js@1.364.7/node_modules/posthog-js/dist/module.js:22
[ 2607458ms] [ERROR] [PostHog.js] TypeError: Failed to fetch
    at method (webpack-internal:///(app-pages-browser)/../../node_modules/.pnpm/posthog-js@1.364.7/node_modules/posthog-js/dist/module.js:23:53844)
    at eval (webpack-internal:///(app-pages-browser)/../../node_modules/.pnpm/posthog-js@1.364.7/node_modules/posthog-js/dist/module.js:23:81998) @ webpack-internal:///(app-pages-browser)/../../node_modules/.pnpm/next@15.5.14_@opentelemetry+api@1.9.1_react-dom@18.3.1_react@18.2.0__react@18.2.0/node_modules/next/dist/next-devtools/userspace/app/errors/intercept-console-error.js:56
[ 2607458ms] [WARNING] [PostHog.js] Enqueued failed request for retry in 3726 @ webpack-internal:///(app-pages-browser)/../../node_modules/.pnpm/posthog-js@1.364.7/node_modules/posthog-js/dist/module.js:22
[ 2607655ms] Invalid or unexpected token
[ 2607946ms] [INFO] %cDownload the React DevTools for a better development experience: https://react.dev/link/react-devtools font-weight:bold @ webpack-internal:///(app-pages-browser)/../../node_modules/.pnpm/next@15.5.14_@opentelemetry+api@1.9.1_react-dom@18.3.1_react@18.2.0__react@18.2.0/node_modules/next/dist/compiled/react-dom/cjs/react-dom-client.development.js:25630
[ 2728007ms] [ERROR] %o

%s ChunkLoadError: Loading chunk app/(main)/services/[slug]/page failed.
(timeout: http://localhost:3000/_next/static/chunks/app/(main)/services/%5Bslug%5D/page.js)
    at __webpack_require__.f.j (http://localhost:3000/_next/static/chunks/webpack.js?v=1776126122859:850:29)
    at http://localhost:3000/_next/static/chunks/webpack.js?v=1776126122859:145:40
    at Array.reduce (<anonymous>)
    at __webpack_require__.e (http://localhost:3000/_next/static/chunks/webpack.js?v=1776126122859:144:67)
    at fn.e (http://localhost:3000/_next/static/chunks/webpack.js?v=1776126122859:381:50)
    at loadChunk (webpack-internal:///(app-pages-browser)/../../node_modules/.pnpm/next@15.5.14_@opentelemetry+api@1.9.1_react-dom@18.3.1_react@18.2.0__react@18.2.0/node_modules/next/dist/compiled/react-server-dom-webpack/cjs/react-server-dom-webpack-client.browser.development.js:113:34)
    at preloadModule (webpack-internal:///(app-pages-browser)/../../node_modules/.pnpm/next@15.5.14_@opentelemetry+api@1.9.1_react-dom@18.3.1_react@18.2.0__react@18.2.0/node_modules/next/dist/compiled/react-server-dom-webpack/cjs/react-server-dom-webpack-client.browser.development.js:82:31)
    at resolveModule (webpack-internal:///(app-pages-browser)/../../node_modules/.pnpm/next@15.5.14_@opentelemetry+api@1.9.1_react-dom@18.3.1_react@18.2.0__react@18.2.0/node_modules/next/dist/compiled/react-server-dom-webpack/cjs/react-server-dom-webpack-client.browser.development.js:2130:20)
    at processFullStringRow (webpack-internal:///(app-pages-browser)/../../node_modules/.pnpm/next@15.5.14_@opentelemetry+api@1.9.1_react-dom@18.3.1_react@18.2.0__react@18.2.0/node_modules/next/dist/compiled/react-server-dom-webpack/cjs/react-server-dom-webpack-client.browser.development.js:2830:11)
    at processFullBinaryRow (webpack-internal:///(app-pages-browser)/../../node_modules/.pnpm/next@15.5.14_@opentelemetry+api@1.9.1_react-dom@18.3.1_react@18.2.0__react@18.2.0/node_modules/next/dist/compiled/react-server-dom-webpack/cjs/react-server-dom-webpack-client.browser.development.js:2825:7)
    at processBinaryChunk (webpack-internal:///(app-pages-browser)/../../node_modules/.pnpm/next@15.5.14_@opentelemetry+api@1.9.1_react-dom@18.3.1_react@18.2.0__react@18.2.0/node_modules/next/dist/compiled/react-server-dom-webpack/cjs/react-server-dom-webpack-client.browser.development.js:3028:15)
    at progress (webpack-internal:///(app-pages-browser)/../../node_modules/.pnpm/next@15.5.14_@opentelemetry+api@1.9.1_react-dom@18.3.1_react@18.2.0__react@18.2.0/node_modules/next/dist/compiled/react-server-dom-webpack/cjs/react-server-dom-webpack-client.browser.development.js:3294:13) The above error occurred in the <Lazy> component. It was handled by the <ErrorBoundaryHandler> error boundary. @ webpack-internal:///(app-pages-browser)/../../node_modules/.pnpm/next@15.5.14_@opentelemetry+api@1.9.1_react-dom@18.3.1_react@18.2.0__react@18.2.0/node_modules/next/dist/client/react-client-callbacks/error-boundary-callbacks.js:67
[ 2728009ms] [ERROR] Application error: ChunkLoadError: Loading chunk app/(main)/services/[slug]/page failed.
(timeout: http://localhost:3000/_next/static/chunks/app/(main)/services/%5Bslug%5D/page.js)
    at __webpack_require__.f.j (http://localhost:3000/_next/static/chunks/webpack.js?v=1776126122859:850:29)
    at http://localhost:3000/_next/static/chunks/webpack.js?v=1776126122859:145:40
    at Array.reduce (<anonymous>)
    at __webpack_require__.e (http://localhost:3000/_next/static/chunks/webpack.js?v=1776126122859:144:67)
    at fn.e (http://localhost:3000/_next/static/chunks/webpack.js?v=1776126122859:381:50)
    at loadChunk (webpack-internal:///(app-pages-browser)/../../node_modules/.pnpm/next@15.5.14_@opentelemetry+api@1.9.1_react-dom@18.3.1_react@18.2.0__react@18.2.0/node_modules/next/dist/compiled/react-server-dom-webpack/cjs/react-server-dom-webpack-client.browser.development.js:113:34)
    at preloadModule (webpack-internal:///(app-pages-browser)/../../node_modules/.pnpm/next@15.5.14_@opentelemetry+api@1.9.1_react-dom@18.3.1_react@18.2.0__react@18.2.0/node_modules/next/dist/compiled/react-server-dom-webpack/cjs/react-server-dom-webpack-client.browser.development.js:82:31)
    at resolveModule (webpack-internal:///(app-pages-browser)/../../node_modules/.pnpm/next@15.5.14_@opentelemetry+api@1.9.1_react-dom@18.3.1_react@18.2.0__react@18.2.0/node_modules/next/dist/compiled/react-server-dom-webpack/cjs/react-server-dom-webpack-client.browser.development.js:2130:20)
    at processFullStringRow (webpack-internal:///(app-pages-browser)/../../node_modules/.pnpm/next@15.5.14_@opentelemetry+api@1.9.1_react-dom@18.3.1_react@18.2.0__react@18.2.0/node_modules/next/dist/compiled/react-server-dom-webpack/cjs/react-server-dom-webpack-client.browser.development.js:2830:11)
    at processFullBinaryRow (webpack-internal:///(app-pages-browser)/../../node_modules/.pnpm/next@15.5.14_@opentelemetry+api@1.9.1_react-dom@18.3.1_react@18.2.0__react@18.2.0/node_modules/next/dist/compiled/react-server-dom-webpack/cjs/react-server-dom-webpack-client.browser.development.js:2825:7)
    at processBinaryChunk (webpack-internal:///(app-pages-browser)/../../node_modules/.pnpm/next@15.5.14_@opentelemetry+api@1.9.1_react-dom@18.3.1_react@18.2.0__react@18.2.0/node_modules/next/dist/compiled/react-server-dom-webpack/cjs/react-server-dom-webpack-client.browser.development.js:3028:15)
    at progress (webpack-internal:///(app-pages-browser)/../../node_modules/.pnpm/next@15.5.14_@opentelemetry+api@1.9.1_react-dom@18.3.1_react@18.2.0__react@18.2.0/node_modules/next/dist/compiled/react-server-dom-webpack/cjs/react-server-dom-webpack-client.browser.development.js:3294:13) @ webpack-internal:///(app-pages-browser)/../../node_modules/.pnpm/next@15.5.14_@opentelemetry+api@1.9.1_react-dom@18.3.1_react@18.2.0__react@18.2.0/node_modules/next/dist/next-devtools/userspace/app/errors/intercept-console-error.js:56
[ 2728011ms] [LOG] [AuthProvider] Mounting, starting hydration @ webpack-internal:///(app-pages-browser)/./components/providers/AuthProvider.tsx:35
[ 2728011ms] [LOG] [auth-store] isFreshLogin: false URL: http://localhost:3000/services/gst-registration @ webpack-internal:///(app-pages-browser)/./lib/stores/auth-store.ts:205
[ 2728011ms] [LOG] [auth-store] refreshSession starting @ webpack-internal:///(app-pages-browser)/./lib/stores/auth-store.ts:209
[ 2728012ms] [ERROR] Application error: ChunkLoadError: Loading chunk app/(main)/services/[slug]/page failed.
(timeout: http://localhost:3000/_next/static/chunks/app/(main)/services/%5Bslug%5D/page.js)
    at __webpack_require__.f.j (http://localhost:3000/_next/static/chunks/webpack.js?v=1776126122859:850:29)
    at http://localhost:3000/_next/static/chunks/webpack.js?v=1776126122859:145:40
    at Array.reduce (<anonymous>)
    at __webpack_require__.e (http://localhost:3000/_next/static/chunks/webpack.js?v=1776126122859:144:67)
    at fn.e (http://localhost:3000/_next/static/chunks/webpack.js?v=1776126122859:381:50)
    at loadChunk (webpack-internal:///(app-pages-browser)/../../node_modules/.pnpm/next@15.5.14_@opentelemetry+api@1.9.1_react-dom@18.3.1_react@18.2.0__react@18.2.0/node_modules/next/dist/compiled/react-server-dom-webpack/cjs/react-server-dom-webpack-client.browser.development.js:113:34)
    at preloadModule (webpack-internal:///(app-pages-browser)/../../node_modules/.pnpm/next@15.5.14_@opentelemetry+api@1.9.1_react-dom@18.3.1_react@18.2.0__react@18.2.0/node_modules/next/dist/compiled/react-server-dom-webpack/cjs/react-server-dom-webpack-client.browser.development.js:82:31)
    at resolveModule (webpack-internal:///(app-pages-browser)/../../node_modules/.pnpm/next@15.5.14_@opentelemetry+api@1.9.1_react-dom@18.3.1_react@18.2.0__react@18.2.0/node_modules/next/dist/compiled/react-server-dom-webpack/cjs/react-server-dom-webpack-client.browser.development.js:2130:20)
    at processFullStringRow (webpack-internal:///(app-pages-browser)/../../node_modules/.pnpm/next@15.5.14_@opentelemetry+api@1.9.1_react-dom@18.3.1_react@18.2.0__react@18.2.0/node_modules/next/dist/compiled/react-server-dom-webpack/cjs/react-server-dom-webpack-client.browser.development.js:2830:11)
    at processFullBinaryRow (webpack-internal:///(app-pages-browser)/../../node_modules/.pnpm/next@15.5.14_@opentelemetry+api@1.9.1_react-dom@18.3.1_react@18.2.0__react@18.2.0/node_modules/next/dist/compiled/react-server-dom-webpack/cjs/react-server-dom-webpack-client.browser.development.js:2825:7)
    at processBinaryChunk (webpack-internal:///(app-pages-browser)/../../node_modules/.pnpm/next@15.5.14_@opentelemetry+api@1.9.1_react-dom@18.3.1_react@18.2.0__react@18.2.0/node_modules/next/dist/compiled/react-server-dom-webpack/cjs/react-server-dom-webpack-client.browser.development.js:3028:15)
    at progress (webpack-internal:///(app-pages-browser)/../../node_modules/.pnpm/next@15.5.14_@opentelemetry+api@1.9.1_react-dom@18.3.1_react@18.2.0__react@18.2.0/node_modules/next/dist/compiled/react-server-dom-webpack/cjs/react-server-dom-webpack-client.browser.development.js:3294:13) @ webpack-internal:///(app-pages-browser)/../../node_modules/.pnpm/next@15.5.14_@opentelemetry+api@1.9.1_react-dom@18.3.1_react@18.2.0__react@18.2.0/node_modules/next/dist/next-devtools/userspace/app/errors/intercept-console-error.js:56
[ 2728062ms] [LOG] [auth-store] getSession result: no session @ webpack-internal:///(app-pages-browser)/./lib/stores/auth-store.ts:213
[ 2728063ms] [LOG] [AuthProvider] Initial hydration complete @ webpack-internal:///(app-pages-browser)/./components/providers/AuthProvider.tsx:40
[ 2728069ms] [LOG] [PostHog.js] set_config {config: Object, oldConfig: Object, newConfig: Object} @ webpack-internal:///(app-pages-browser)/../../node_modules/.pnpm/posthog-js@1.364.7/node_modules/posthog-js/dist/module.js:22
[ 2728070ms] [LOG] [PostHog.js] Persistence loaded localStorage+cookie {$device_id: 019d5401-510f-7d21-a410-204e78f58700, distinct_id: 019d5401-510f-7d21-a410-204e78f58700, $sesid: Array(3), $initial_person_info: Object, $user_state: anonymous} @ webpack-internal:///(app-pages-browser)/../../node_modules/.pnpm/posthog-js@1.364.7/node_modules/posthog-js/dist/module.js:22
[ 2728070ms] [LOG] [PostHog.js] Persistence loaded sessionStorage {$sdk_debug_extensions_init_method: synchronous, $sdk_debug_extensions_init_time_ms: 1, $sdk_debug_replay_remote_trigger_matching_config: null, $sdk_debug_replay_event_trigger_status: trigger_disabled, $sdk_debug_replay_url_trigger_status: trigger_disabled} @ webpack-internal:///(app-pages-browser)/../../node_modules/.pnpm/posthog-js@1.364.7/node_modules/posthog-js/dist/module.js:22
[ 2728071ms] [LOG] [PostHog.js] Initializing extensions synchronously @ webpack-internal:///(app-pages-browser)/../../node_modules/.pnpm/posthog-js@1.364.7/node_modules/posthog-js/dist/module.js:22
[ 2728071ms] [LOG] [PostHog.js] [Web Vitals] enabled, starting... @ webpack-internal:///(app-pages-browser)/../../node_modules/.pnpm/posthog-js@1.364.7/node_modules/posthog-js/dist/module.js:22
[ 2728072ms] [LOG] [PostHog.js] [SessionRecording] starting @ webpack-internal:///(app-pages-browser)/../../node_modules/.pnpm/posthog-js@1.364.7/node_modules/posthog-js/dist/module.js:22
[ 2728072ms] [LOG] [PostHog.js] [Heatmaps] starting... @ webpack-internal:///(app-pages-browser)/../../node_modules/.pnpm/posthog-js@1.364.7/node_modules/posthog-js/dist/module.js:22
[ 2728072ms] [LOG] [PostHog.js] Starting in debug mode {this: _n, config: Object, thisC: Object, p: Object, s: Object} @ webpack-internal:///(app-pages-browser)/../../node_modules/.pnpm/posthog-js@1.364.7/node_modules/posthog-js/dist/module.js:22
[ 2728072ms] [LOG] You're now in debug mode. All calls to PostHog will be logged in your console.
You can disable this with `posthog.debug(false)`. @ webpack-internal:///(app-pages-browser)/../../node_modules/.pnpm/posthog-js@1.364.7/node_modules/posthog-js/dist/module.js:22
[ 2728072ms] [LOG] [PostHog.js] Persistence loaded sessionStorage {$sdk_debug_extensions_init_method: synchronous, $sdk_debug_extensions_init_time_ms: 1, $sdk_debug_replay_remote_trigger_matching_config: null, $sdk_debug_replay_event_trigger_status: trigger_disabled, $sdk_debug_replay_url_trigger_status: trigger_disabled} @ webpack-internal:///(app-pages-browser)/../../node_modules/.pnpm/posthog-js@1.364.7/node_modules/posthog-js/dist/module.js:22
[ 2728072ms] [LOG] [PostHog.js] set_config {config: Object, oldConfig: Object, newConfig: Object} @ webpack-internal:///(app-pages-browser)/../../node_modules/.pnpm/posthog-js@1.364.7/node_modules/posthog-js/dist/module.js:22
[ 2728072ms] [LOG] [PostHog.js] [SessionRecording] starting @ webpack-internal:///(app-pages-browser)/../../node_modules/.pnpm/posthog-js@1.364.7/node_modules/posthog-js/dist/module.js:22
[ 2728073ms] [LOG] [PostHog.js] [Dead Clicks] starting... @ webpack-internal:///(app-pages-browser)/../../node_modules/.pnpm/posthog-js@1.364.7/node_modules/posthog-js/dist/module.js:22
[ 2729385ms] [LOG] [PostHog.js] Persistence loaded sessionStorage {$sdk_debug_extensions_init_method: synchronous, $sdk_debug_extensions_init_time_ms: 1, $sdk_debug_replay_remote_trigger_matching_config: null, $sdk_debug_replay_event_trigger_status: trigger_disabled, $sdk_debug_replay_url_trigger_status: trigger_disabled} @ webpack-internal:///(app-pages-browser)/../../node_modules/.pnpm/posthog-js@1.364.7/node_modules/posthog-js/dist/module.js:22
[ 2729385ms] [LOG] [PostHog.js] set_config {config: Object, oldConfig: Object, newConfig: Object} @ webpack-internal:///(app-pages-browser)/../../node_modules/.pnpm/posthog-js@1.364.7/node_modules/posthog-js/dist/module.js:22
[ 2729386ms] [LOG] [PostHog.js] [Surveys] flags response received, isSurveysEnabled: false @ webpack-internal:///(app-pages-browser)/../../node_modules/.pnpm/posthog-js@1.364.7/node_modules/posthog-js/dist/module.js:22
[ 2729404ms] [LOG] [PostHog.js] [Surveys] Surveys loaded successfully @ webpack-internal:///(app-pages-browser)/../../node_modules/.pnpm/posthog-js@1.364.7/node_modules/posthog-js/dist/module.js:22
[ 2732404ms] [LOG] [PostHog.js] send "$autocapture" {uuid: 019d895f-cdeb-7770-93ba-4dc7a2cfa7ca, event: $autocapture, properties: Object, timestamp: Tue Apr 14 2026 05:54:10 GMT+0530 (India Standard Time)} @ webpack-internal:///(app-pages-browser)/../../node_modules/.pnpm/posthog-js@1.364.7/node_modules/posthog-js/dist/module.js:22
[ 2732423ms] [ERROR] %o

%s ChunkLoadError: Loading chunk app/(main)/services/[slug]/page failed.
(timeout: http://localhost:3000/_next/static/chunks/app/(main)/services/%5Bslug%5D/page.js)
    at __webpack_require__.f.j (http://localhost:3000/_next/static/chunks/webpack.js?v=1776126122859:850:29)
    at http://localhost:3000/_next/static/chunks/webpack.js?v=1776126122859:145:40
    at Array.reduce (<anonymous>)
    at __webpack_require__.e (http://localhost:3000/_next/static/chunks/webpack.js?v=1776126122859:144:67)
    at fn.e (http://localhost:3000/_next/static/chunks/webpack.js?v=1776126122859:381:50)
    at loadChunk (webpack-internal:///(app-pages-browser)/../../node_modules/.pnpm/next@15.5.14_@opentelemetry+api@1.9.1_react-dom@18.3.1_react@18.2.0__react@18.2.0/node_modules/next/dist/compiled/react-server-dom-webpack/cjs/react-server-dom-webpack-client.browser.development.js:113:34)
    at preloadModule (webpack-internal:///(app-pages-browser)/../../node_modules/.pnpm/next@15.5.14_@opentelemetry+api@1.9.1_react-dom@18.3.1_react@18.2.0__react@18.2.0/node_modules/next/dist/compiled/react-server-dom-webpack/cjs/react-server-dom-webpack-client.browser.development.js:82:31)
    at resolveModule (webpack-internal:///(app-pages-browser)/../../node_modules/.pnpm/next@15.5.14_@opentelemetry+api@1.9.1_react-dom@18.3.1_react@18.2.0__react@18.2.0/node_modules/next/dist/compiled/react-server-dom-webpack/cjs/react-server-dom-webpack-client.browser.development.js:2130:20)
    at processFullStringRow (webpack-internal:///(app-pages-browser)/../../node_modules/.pnpm/next@15.5.14_@opentelemetry+api@1.9.1_react-dom@18.3.1_react@18.2.0__react@18.2.0/node_modules/next/dist/compiled/react-server-dom-webpack/cjs/react-server-dom-webpack-client.browser.development.js:2830:11)
    at processFullBinaryRow (webpack-internal:///(app-pages-browser)/../../node_modules/.pnpm/next@15.5.14_@opentelemetry+api@1.9.1_react-dom@18.3.1_react@18.2.0__react@18.2.0/node_modules/next/dist/compiled/react-server-dom-webpack/cjs/react-server-dom-webpack-client.browser.development.js:2825:7)
    at processBinaryChunk (webpack-internal:///(app-pages-browser)/../../node_modules/.pnpm/next@15.5.14_@opentelemetry+api@1.9.1_react-dom@18.3.1_react@18.2.0__react@18.2.0/node_modules/next/dist/compiled/react-server-dom-webpack/cjs/react-server-dom-webpack-client.browser.development.js:3028:15)
    at progress (webpack-internal:///(app-pages-browser)/../../node_modules/.pnpm/next@15.5.14_@opentelemetry+api@1.9.1_react-dom@18.3.1_react@18.2.0__react@18.2.0/node_modules/next/dist/compiled/react-server-dom-webpack/cjs/react-server-dom-webpack-client.browser.development.js:3294:13) The above error occurred in the <Lazy> component. It was handled by the <ErrorBoundaryHandler> error boundary. @ webpack-internal:///(app-pages-browser)/../../node_modules/.pnpm/next@15.5.14_@opentelemetry+api@1.9.1_react-dom@18.3.1_react@18.2.0__react@18.2.0/node_modules/next/dist/client/react-client-callbacks/error-boundary-callbacks.js:67
[ 2732424ms] [ERROR] Application error: ChunkLoadError: Loading chunk app/(main)/services/[slug]/page failed.
(timeout: http://localhost:3000/_next/static/chunks/app/(main)/services/%5Bslug%5D/page.js)
    at __webpack_require__.f.j (http://localhost:3000/_next/static/chunks/webpack.js?v=1776126122859:850:29)
    at http://localhost:3000/_next/static/chunks/webpack.js?v=1776126122859:145:40
    at Array.reduce (<anonymous>)
    at __webpack_require__.e (http://localhost:3000/_next/static/chunks/webpack.js?v=1776126122859:144:67)
    at fn.e (http://localhost:3000/_next/static/chunks/webpack.js?v=1776126122859:381:50)
    at loadChunk (webpack-internal:///(app-pages-browser)/../../node_modules/.pnpm/next@15.5.14_@opentelemetry+api@1.9.1_react-dom@18.3.1_react@18.2.0__react@18.2.0/node_modules/next/dist/compiled/react-server-dom-webpack/cjs/react-server-dom-webpack-client.browser.development.js:113:34)
    at preloadModule (webpack-internal:///(app-pages-browser)/../../node_modules/.pnpm/next@15.5.14_@opentelemetry+api@1.9.1_react-dom@18.3.1_react@18.2.0__react@18.2.0/node_modules/next/dist/compiled/react-server-dom-webpack/cjs/react-server-dom-webpack-client.browser.development.js:82:31)
    at resolveModule (webpack-internal:///(app-pages-browser)/../../node_modules/.pnpm/next@15.5.14_@opentelemetry+api@1.9.1_react-dom@18.3.1_react@18.2.0__react@18.2.0/node_modules/next/dist/compiled/react-server-dom-webpack/cjs/react-server-dom-webpack-client.browser.development.js:2130:20)
    at processFullStringRow (webpack-internal:///(app-pages-browser)/../../node_modules/.pnpm/next@15.5.14_@opentelemetry+api@1.9.1_react-dom@18.3.1_react@18.2.0__react@18.2.0/node_modules/next/dist/compiled/react-server-dom-webpack/cjs/react-server-dom-webpack-client.browser.development.js:2830:11)
    at processFullBinaryRow (webpack-internal:///(app-pages-browser)/../../node_modules/.pnpm/next@15.5.14_@opentelemetry+api@1.9.1_react-dom@18.3.1_react@18.2.0__react@18.2.0/node_modules/next/dist/compiled/react-server-dom-webpack/cjs/react-server-dom-webpack-client.browser.development.js:2825:7)
    at processBinaryChunk (webpack-internal:///(app-pages-browser)/../../node_modules/.pnpm/next@15.5.14_@opentelemetry+api@1.9.1_react-dom@18.3.1_react@18.2.0__react@18.2.0/node_modules/next/dist/compiled/react-server-dom-webpack/cjs/react-server-dom-webpack-client.browser.development.js:3028:15)
    at progress (webpack-internal:///(app-pages-browser)/../../node_modules/.pnpm/next@15.5.14_@opentelemetry+api@1.9.1_react-dom@18.3.1_react@18.2.0__react@18.2.0/node_modules/next/dist/compiled/react-server-dom-webpack/cjs/react-server-dom-webpack-client.browser.development.js:3294:13) @ webpack-internal:///(app-pages-browser)/../../node_modules/.pnpm/next@15.5.14_@opentelemetry+api@1.9.1_react-dom@18.3.1_react@18.2.0__react@18.2.0/node_modules/next/dist/next-devtools/userspace/app/errors/intercept-console-error.js:56
[ 2732425ms] [ERROR] Application error: ChunkLoadError: Loading chunk app/(main)/services/[slug]/page failed.
(timeout: http://localhost:3000/_next/static/chunks/app/(main)/services/%5Bslug%5D/page.js)
    at __webpack_require__.f.j (http://localhost:3000/_next/static/chunks/webpack.js?v=1776126122859:850:29)
    at http://localhost:3000/_next/static/chunks/webpack.js?v=1776126122859:145:40
    at Array.reduce (<anonymous>)
    at __webpack_require__.e (http://localhost:3000/_next/static/chunks/webpack.js?v=1776126122859:144:67)
    at fn.e (http://localhost:3000/_next/static/chunks/webpack.js?v=1776126122859:381:50)
    at loadChunk (webpack-internal:///(app-pages-browser)/../../node_modules/.pnpm/next@15.5.14_@opentelemetry+api@1.9.1_react-dom@18.3.1_react@18.2.0__react@18.2.0/node_modules/next/dist/compiled/react-server-dom-webpack/cjs/react-server-dom-webpack-client.browser.development.js:113:34)
    at preloadModule (webpack-internal:///(app-pages-browser)/../../node_modules/.pnpm/next@15.5.14_@opentelemetry+api@1.9.1_react-dom@18.3.1_react@18.2.0__react@18.2.0/node_modules/next/dist/compiled/react-server-dom-webpack/cjs/react-server-dom-webpack-client.browser.development.js:82:31)
    at resolveModule (webpack-internal:///(app-pages-browser)/../../node_modules/.pnpm/next@15.5.14_@opentelemetry+api@1.9.1_react-dom@18.3.1_react@18.2.0__react@18.2.0/node_modules/next/dist/compiled/react-server-dom-webpack/cjs/react-server-dom-webpack-client.browser.development.js:2130:20)
    at processFullStringRow (webpack-internal:///(app-pages-browser)/../../node_modules/.pnpm/next@15.5.14_@opentelemetry+api@1.9.1_react-dom@18.3.1_react@18.2.0__react@18.2.0/node_modules/next/dist/compiled/react-server-dom-webpack/cjs/react-server-dom-webpack-client.browser.development.js:2830:11)
    at processFullBinaryRow (webpack-internal:///(app-pages-browser)/../../node_modules/.pnpm/next@15.5.14_@opentelemetry+api@1.9.1_react-dom@18.3.1_react@18.2.0__react@18.2.0/node_modules/next/dist/compiled/react-server-dom-webpack/cjs/react-server-dom-webpack-client.browser.development.js:2825:7)
    at processBinaryChunk (webpack-internal:///(app-pages-browser)/../../node_modules/.pnpm/next@15.5.14_@opentelemetry+api@1.9.1_react-dom@18.3.1_react@18.2.0__react@18.2.0/node_modules/next/dist/compiled/react-server-dom-webpack/cjs/react-server-dom-webpack-client.browser.development.js:3028:15)
    at progress (webpack-internal:///(app-pages-browser)/../../node_modules/.pnpm/next@15.5.14_@opentelemetry+api@1.9.1_react-dom@18.3.1_react@18.2.0__react@18.2.0/node_modules/next/dist/compiled/react-server-dom-webpack/cjs/react-server-dom-webpack-client.browser.development.js:3294:13) @ webpack-internal:///(app-pages-browser)/../../node_modules/.pnpm/next@15.5.14_@opentelemetry+api@1.9.1_react-dom@18.3.1_react@18.2.0__react@18.2.0/node_modules/next/dist/next-devtools/userspace/app/errors/intercept-console-error.js:56
[ 2732538ms] [LOG] [PostHog.js] send "$snapshot" {uuid: 019d895f-ce72-7b00-bedd-383ad4f1e6de, event: $snapshot, properties: Object, timestamp: Tue Apr 14 2026 05:54:10 GMT+0530 (India Standard Time)} @ webpack-internal:///(app-pages-browser)/../../node_modules/.pnpm/posthog-js@1.364.7/node_modules/posthog-js/dist/module.js:22
[ 2732950ms] [LOG] [PostHog.js] send "$autocapture" {uuid: 019d895f-d00e-75ae-9f7f-c6200b01d2ab, event: $autocapture, properties: Object, timestamp: Tue Apr 14 2026 05:54:11 GMT+0530 (India Standard Time)} @ webpack-internal:///(app-pages-browser)/../../node_modules/.pnpm/posthog-js@1.364.7/node_modules/posthog-js/dist/module.js:22
[ 2732966ms] [ERROR] %o

%s ChunkLoadError: Loading chunk app/(main)/services/[slug]/page failed.
(timeout: http://localhost:3000/_next/static/chunks/app/(main)/services/%5Bslug%5D/page.js)
    at __webpack_require__.f.j (http://localhost:3000/_next/static/chunks/webpack.js?v=1776126122859:850:29)
    at http://localhost:3000/_next/static/chunks/webpack.js?v=1776126122859:145:40
    at Array.reduce (<anonymous>)
    at __webpack_require__.e (http://localhost:3000/_next/static/chunks/webpack.js?v=1776126122859:144:67)
    at fn.e (http://localhost:3000/_next/static/chunks/webpack.js?v=1776126122859:381:50)
    at loadChunk (webpack-internal:///(app-pages-browser)/../../node_modules/.pnpm/next@15.5.14_@opentelemetry+api@1.9.1_react-dom@18.3.1_react@18.2.0__react@18.2.0/node_modules/next/dist/compiled/react-server-dom-webpack/cjs/react-server-dom-webpack-client.browser.development.js:113:34)
    at preloadModule (webpack-internal:///(app-pages-browser)/../../node_modules/.pnpm/next@15.5.14_@opentelemetry+api@1.9.1_react-dom@18.3.1_react@18.2.0__react@18.2.0/node_modules/next/dist/compiled/react-server-dom-webpack/cjs/react-server-dom-webpack-client.browser.development.js:82:31)
    at resolveModule (webpack-internal:///(app-pages-browser)/../../node_modules/.pnpm/next@15.5.14_@opentelemetry+api@1.9.1_react-dom@18.3.1_react@18.2.0__react@18.2.0/node_modules/next/dist/compiled/react-server-dom-webpack/cjs/react-server-dom-webpack-client.browser.development.js:2130:20)
    at processFullStringRow (webpack-internal:///(app-pages-browser)/../../node_modules/.pnpm/next@15.5.14_@opentelemetry+api@1.9.1_react-dom@18.3.1_react@18.2.0__react@18.2.0/node_modules/next/dist/compiled/react-server-dom-webpack/cjs/react-server-dom-webpack-client.browser.development.js:2830:11)
    at processFullBinaryRow (webpack-internal:///(app-pages-browser)/../../node_modules/.pnpm/next@15.5.14_@opentelemetry+api@1.9.1_react-dom@18.3.1_react@18.2.0__react@18.2.0/node_modules/next/dist/compiled/react-server-dom-webpack/cjs/react-server-dom-webpack-client.browser.development.js:2825:7)
    at processBinaryChunk (webpack-internal:///(app-pages-browser)/../../node_modules/.pnpm/next@15.5.14_@opentelemetry+api@1.9.1_react-dom@18.3.1_react@18.2.0__react@18.2.0/node_modules/next/dist/compiled/react-server-dom-webpack/cjs/react-server-dom-webpack-client.browser.development.js:3028:15)
    at progress (webpack-internal:///(app-pages-browser)/../../node_modules/.pnpm/next@15.5.14_@opentelemetry+api@1.9.1_react-dom@18.3.1_react@18.2.0__react@18.2.0/node_modules/next/dist/compiled/react-server-dom-webpack/cjs/react-server-dom-webpack-client.browser.development.js:3294:13) The above error occurred in the <Lazy> component. It was handled by the <ErrorBoundaryHandler> error boundary. @ webpack-internal:///(app-pages-browser)/../../node_modules/.pnpm/next@15.5.14_@opentelemetry+api@1.9.1_react-dom@18.3.1_react@18.2.0__react@18.2.0/node_modules/next/dist/client/react-client-callbacks/error-boundary-callbacks.js:67
[ 2732966ms] [ERROR] Application error: ChunkLoadError: Loading chunk app/(main)/services/[slug]/page failed.
(timeout: http://localhost:3000/_next/static/chunks/app/(main)/services/%5Bslug%5D/page.js)
    at __webpack_require__.f.j (http://localhost:3000/_next/static/chunks/webpack.js?v=1776126122859:850:29)
    at http://localhost:3000/_next/static/chunks/webpack.js?v=1776126122859:145:40
    at Array.reduce (<anonymous>)
    at __webpack_require__.e (http://localhost:3000/_next/static/chunks/webpack.js?v=1776126122859:144:67)
    at fn.e (http://localhost:3000/_next/static/chunks/webpack.js?v=1776126122859:381:50)
    at loadChunk (webpack-internal:///(app-pages-browser)/../../node_modules/.pnpm/next@15.5.14_@opentelemetry+api@1.9.1_react-dom@18.3.1_react@18.2.0__react@18.2.0/node_modules/next/dist/compiled/react-server-dom-webpack/cjs/react-server-dom-webpack-client.browser.development.js:113:34)
    at preloadModule (webpack-internal:///(app-pages-browser)/../../node_modules/.pnpm/next@15.5.14_@opentelemetry+api@1.9.1_react-dom@18.3.1_react@18.2.0__react@18.2.0/node_modules/next/dist/compiled/react-server-dom-webpack/cjs/react-server-dom-webpack-client.browser.development.js:82:31)
    at resolveModule (webpack-internal:///(app-pages-browser)/../../node_modules/.pnpm/next@15.5.14_@opentelemetry+api@1.9.1_react-dom@18.3.1_react@18.2.0__react@18.2.0/node_modules/next/dist/compiled/react-server-dom-webpack/cjs/react-server-dom-webpack-client.browser.development.js:2130:20)
    at processFullStringRow (webpack-internal:///(app-pages-browser)/../../node_modules/.pnpm/next@15.5.14_@opentelemetry+api@1.9.1_react-dom@18.3.1_react@18.2.0__react@18.2.0/node_modules/next/dist/compiled/react-server-dom-webpack/cjs/react-server-dom-webpack-client.browser.development.js:2830:11)
    at processFullBinaryRow (webpack-internal:///(app-pages-browser)/../../node_modules/.pnpm/next@15.5.14_@opentelemetry+api@1.9.1_react-dom@18.3.1_react@18.2.0__react@18.2.0/node_modules/next/dist/compiled/react-server-dom-webpack/cjs/react-server-dom-webpack-client.browser.development.js:2825:7)
    at processBinaryChunk (webpack-internal:///(app-pages-browser)/../../node_modules/.pnpm/next@15.5.14_@opentelemetry+api@1.9.1_react-dom@18.3.1_react@18.2.0__react@18.2.0/node_modules/next/dist/compiled/react-server-dom-webpack/cjs/react-server-dom-webpack-client.browser.development.js:3028:15)
    at progress (webpack-internal:///(app-pages-browser)/../../node_modules/.pnpm/next@15.5.14_@opentelemetry+api@1.9.1_react-dom@18.3.1_react@18.2.0__react@18.2.0/node_modules/next/dist/compiled/react-server-dom-webpack/cjs/react-server-dom-webpack-client.browser.development.js:3294:13) @ webpack-internal:///(app-pages-browser)/../../node_modules/.pnpm/next@15.5.14_@opentelemetry+api@1.9.1_react-dom@18.3.1_react@18.2.0__react@18.2.0/node_modules/next/dist/next-devtools/userspace/app/errors/intercept-console-error.js:56
[ 2732967ms] [ERROR] Application error: ChunkLoadError: Loading chunk app/(main)/services/[slug]/page failed.
(timeout: http://localhost:3000/_next/static/chunks/app/(main)/services/%5Bslug%5D/page.js)
    at __webpack_require__.f.j (http://localhost:3000/_next/static/chunks/webpack.js?v=1776126122859:850:29)
    at http://localhost:3000/_next/static/chunks/webpack.js?v=1776126122859:145:40
    at Array.reduce (<anonymous>)
    at __webpack_require__.e (http://localhost:3000/_next/static/chunks/webpack.js?v=1776126122859:144:67)
    at fn.e (http://localhost:3000/_next/static/chunks/webpack.js?v=1776126122859:381:50)
    at loadChunk (webpack-internal:///(app-pages-browser)/../../node_modules/.pnpm/next@15.5.14_@opentelemetry+api@1.9.1_react-dom@18.3.1_react@18.2.0__react@18.2.0/node_modules/next/dist/compiled/react-server-dom-webpack/cjs/react-server-dom-webpack-client.browser.development.js:113:34)
    at preloadModule (webpack-internal:///(app-pages-browser)/../../node_modules/.pnpm/next@15.5.14_@opentelemetry+api@1.9.1_react-dom@18.3.1_react@18.2.0__react@18.2.0/node_modules/next/dist/compiled/react-server-dom-webpack/cjs/react-server-dom-webpack-client.browser.development.js:82:31)
    at resolveModule (webpack-internal:///(app-pages-browser)/../../node_modules/.pnpm/next@15.5.14_@opentelemetry+api@1.9.1_react-dom@18.3.1_react@18.2.0__react@18.2.0/node_modules/next/dist/compiled/react-server-dom-webpack/cjs/react-server-dom-webpack-client.browser.development.js:2130:20)
    at processFullStringRow (webpack-internal:///(app-pages-browser)/../../node_modules/.pnpm/next@15.5.14_@opentelemetry+api@1.9.1_react-dom@18.3.1_react@18.2.0__react@18.2.0/node_modules/next/dist/compiled/react-server-dom-webpack/cjs/react-server-dom-webpack-client.browser.development.js:2830:11)
    at processFullBinaryRow (webpack-internal:///(app-pages-browser)/../../node_modules/.pnpm/next@15.5.14_@opentelemetry+api@1.9.1_react-dom@18.3.1_react@18.2.0__react@18.2.0/node_modules/next/dist/compiled/react-server-dom-webpack/cjs/react-server-dom-webpack-client.browser.development.js:2825:7)
    at processBinaryChunk (webpack-internal:///(app-pages-browser)/../../node_modules/.pnpm/next@15.5.14_@opentelemetry+api@1.9.1_react-dom@18.3.1_react@18.2.0__react@18.2.0/node_modules/next/dist/compiled/react-server-dom-webpack/cjs/react-server-dom-webpack-client.browser.development.js:3028:15)
    at progress (webpack-internal:///(app-pages-browser)/../../node_modules/.pnpm/next@15.5.14_@opentelemetry+api@1.9.1_react-dom@18.3.1_react@18.2.0__react@18.2.0/node_modules/next/dist/compiled/react-server-dom-webpack/cjs/react-server-dom-webpack-client.browser.development.js:3294:13) @ webpack-internal:///(app-pages-browser)/../../node_modules/.pnpm/next@15.5.14_@opentelemetry+api@1.9.1_react-dom@18.3.1_react@18.2.0__react@18.2.0/node_modules/next/dist/next-devtools/userspace/app/errors/intercept-console-error.js:56
[ 2733073ms] [LOG] [PostHog.js] send "$$heatmap" {uuid: 019d895f-d089-7ac6-9cfd-8526ecf36db4, event: $$heatmap, properties: Object, timestamp: Tue Apr 14 2026 05:54:11 GMT+0530 (India Standard Time)} @ webpack-internal:///(app-pages-browser)/../../node_modules/.pnpm/posthog-js@1.364.7/node_modules/posthog-js/dist/module.js:22
[ 2733498ms] [LOG] [PostHog.js] send "$web_vitals" {uuid: 019d895f-d232-7e28-94e3-183745d541be, event: $web_vitals, properties: Object, timestamp: Tue Apr 14 2026 05:54:11 GMT+0530 (India Standard Time)} @ webpack-internal:///(app-pages-browser)/../../node_modules/.pnpm/posthog-js@1.364.7/node_modules/posthog-js/dist/module.js:22
[ 2734793ms] [LOG] [PostHog.js] send "$snapshot" {uuid: 019d895f-d741-716e-9947-f06efc89fdb3, event: $snapshot, properties: Object, timestamp: Tue Apr 14 2026 05:54:12 GMT+0530 (India Standard Time)} @ webpack-internal:///(app-pages-browser)/../../node_modules/.pnpm/posthog-js@1.364.7/node_modules/posthog-js/dist/module.js:22
[ 2738075ms] [LOG] [PostHog.js] send "$$heatmap" {uuid: 019d895f-e412-7379-b476-8a266bcd583c, event: $$heatmap, properties: Object, timestamp: Tue Apr 14 2026 05:54:16 GMT+0530 (India Standard Time)} @ webpack-internal:///(app-pages-browser)/../../node_modules/.pnpm/posthog-js@1.364.7/node_modules/posthog-js/dist/module.js:22
[ 2738444ms] [LOG] [PostHog.js] send "$snapshot" {uuid: 019d895f-e584-7326-a1f6-2bdf81d6580a, event: $snapshot, properties: Object, timestamp: Tue Apr 14 2026 05:54:16 GMT+0530 (India Standard Time)} @ webpack-internal:///(app-pages-browser)/../../node_modules/.pnpm/posthog-js@1.364.7/node_modules/posthog-js/dist/module.js:22
[ 2804610ms] [LOG] [PostHog.js] send "$autocapture" {uuid: 019d8960-e7fa-7f1b-ab4b-2e3c3ef94d82, event: $autocapture, properties: Object, timestamp: Tue Apr 14 2026 05:55:22 GMT+0530 (India Standard Time)} @ webpack-internal:///(app-pages-browser)/../../node_modules/.pnpm/posthog-js@1.364.7/node_modules/posthog-js/dist/module.js:22
[ 2804636ms] [ERROR] %o

%s ChunkLoadError: Loading chunk app/(main)/services/[slug]/page failed.
(timeout: http://localhost:3000/_next/static/chunks/app/(main)/services/%5Bslug%5D/page.js)
    at __webpack_require__.f.j (http://localhost:3000/_next/static/chunks/webpack.js?v=1776126122859:850:29)
    at http://localhost:3000/_next/static/chunks/webpack.js?v=1776126122859:145:40
    at Array.reduce (<anonymous>)
    at __webpack_require__.e (http://localhost:3000/_next/static/chunks/webpack.js?v=1776126122859:144:67)
    at fn.e (http://localhost:3000/_next/static/chunks/webpack.js?v=1776126122859:381:50)
    at loadChunk (webpack-internal:///(app-pages-browser)/../../node_modules/.pnpm/next@15.5.14_@opentelemetry+api@1.9.1_react-dom@18.3.1_react@18.2.0__react@18.2.0/node_modules/next/dist/compiled/react-server-dom-webpack/cjs/react-server-dom-webpack-client.browser.development.js:113:34)
    at preloadModule (webpack-internal:///(app-pages-browser)/../../node_modules/.pnpm/next@15.5.14_@opentelemetry+api@1.9.1_react-dom@18.3.1_react@18.2.0__react@18.2.0/node_modules/next/dist/compiled/react-server-dom-webpack/cjs/react-server-dom-webpack-client.browser.development.js:82:31)
    at resolveModule (webpack-internal:///(app-pages-browser)/../../node_modules/.pnpm/next@15.5.14_@opentelemetry+api@1.9.1_react-dom@18.3.1_react@18.2.0__react@18.2.0/node_modules/next/dist/compiled/react-server-dom-webpack/cjs/react-server-dom-webpack-client.browser.development.js:2130:20)
    at processFullStringRow (webpack-internal:///(app-pages-browser)/../../node_modules/.pnpm/next@15.5.14_@opentelemetry+api@1.9.1_react-dom@18.3.1_react@18.2.0__react@18.2.0/node_modules/next/dist/compiled/react-server-dom-webpack/cjs/react-server-dom-webpack-client.browser.development.js:2830:11)
    at processFullBinaryRow (webpack-internal:///(app-pages-browser)/../../node_modules/.pnpm/next@15.5.14_@opentelemetry+api@1.9.1_react-dom@18.3.1_react@18.2.0__react@18.2.0/node_modules/next/dist/compiled/react-server-dom-webpack/cjs/react-server-dom-webpack-client.browser.development.js:2825:7)
    at processBinaryChunk (webpack-internal:///(app-pages-browser)/../../node_modules/.pnpm/next@15.5.14_@opentelemetry+api@1.9.1_react-dom@18.3.1_react@18.2.0__react@18.2.0/node_modules/next/dist/compiled/react-server-dom-webpack/cjs/react-server-dom-webpack-client.browser.development.js:3028:15)
    at progress (webpack-internal:///(app-pages-browser)/../../node_modules/.pnpm/next@15.5.14_@opentelemetry+api@1.9.1_react-dom@18.3.1_react@18.2.0__react@18.2.0/node_modules/next/dist/compiled/react-server-dom-webpack/cjs/react-server-dom-webpack-client.browser.development.js:3294:13) The above error occurred in the <Lazy> component. It was handled by the <ErrorBoundaryHandler> error boundary. @ webpack-internal:///(app-pages-browser)/../../node_modules/.pnpm/next@15.5.14_@opentelemetry+api@1.9.1_react-dom@18.3.1_react@18.2.0__react@18.2.0/node_modules/next/dist/client/react-client-callbacks/error-boundary-callbacks.js:67
[ 2804636ms] [ERROR] Application error: ChunkLoadError: Loading chunk app/(main)/services/[slug]/page failed.
(timeout: http://localhost:3000/_next/static/chunks/app/(main)/services/%5Bslug%5D/page.js)
    at __webpack_require__.f.j (http://localhost:3000/_next/static/chunks/webpack.js?v=1776126122859:850:29)
    at http://localhost:3000/_next/static/chunks/webpack.js?v=1776126122859:145:40
    at Array.reduce (<anonymous>)
    at __webpack_require__.e (http://localhost:3000/_next/static/chunks/webpack.js?v=1776126122859:144:67)
    at fn.e (http://localhost:3000/_next/static/chunks/webpack.js?v=1776126122859:381:50)
    at loadChunk (webpack-internal:///(app-pages-browser)/../../node_modules/.pnpm/next@15.5.14_@opentelemetry+api@1.9.1_react-dom@18.3.1_react@18.2.0__react@18.2.0/node_modules/next/dist/compiled/react-server-dom-webpack/cjs/react-server-dom-webpack-client.browser.development.js:113:34)
    at preloadModule (webpack-internal:///(app-pages-browser)/../../node_modules/.pnpm/next@15.5.14_@opentelemetry+api@1.9.1_react-dom@18.3.1_react@18.2.0__react@18.2.0/node_modules/next/dist/compiled/react-server-dom-webpack/cjs/react-server-dom-webpack-client.browser.development.js:82:31)
    at resolveModule (webpack-internal:///(app-pages-browser)/../../node_modules/.pnpm/next@15.5.14_@opentelemetry+api@1.9.1_react-dom@18.3.1_react@18.2.0__react@18.2.0/node_modules/next/dist/compiled/react-server-dom-webpack/cjs/react-server-dom-webpack-client.browser.development.js:2130:20)
    at processFullStringRow (webpack-internal:///(app-pages-browser)/../../node_modules/.pnpm/next@15.5.14_@opentelemetry+api@1.9.1_react-dom@18.3.1_react@18.2.0__react@18.2.0/node_modules/next/dist/compiled/react-server-dom-webpack/cjs/react-server-dom-webpack-client.browser.development.js:2830:11)
    at processFullBinaryRow (webpack-internal:///(app-pages-browser)/../../node_modules/.pnpm/next@15.5.14_@opentelemetry+api@1.9.1_react-dom@18.3.1_react@18.2.0__react@18.2.0/node_modules/next/dist/compiled/react-server-dom-webpack/cjs/react-server-dom-webpack-client.browser.development.js:2825:7)
    at processBinaryChunk (webpack-internal:///(app-pages-browser)/../../node_modules/.pnpm/next@15.5.14_@opentelemetry+api@1.9.1_react-dom@18.3.1_react@18.2.0__react@18.2.0/node_modules/next/dist/compiled/react-server-dom-webpack/cjs/react-server-dom-webpack-client.browser.development.js:3028:15)
    at progress (webpack-internal:///(app-pages-browser)/../../node_modules/.pnpm/next@15.5.14_@opentelemetry+api@1.9.1_react-dom@18.3.1_react@18.2.0__react@18.2.0/node_modules/next/dist/compiled/react-server-dom-webpack/cjs/react-server-dom-webpack-client.browser.development.js:3294:13) @ webpack-internal:///(app-pages-browser)/../../node_modules/.pnpm/next@15.5.14_@opentelemetry+api@1.9.1_react-dom@18.3.1_react@18.2.0__react@18.2.0/node_modules/next/dist/next-devtools/userspace/app/errors/intercept-console-error.js:56
[ 2804637ms] [ERROR] Application error: ChunkLoadError: Loading chunk app/(main)/services/[slug]/page failed.
(timeout: http://localhost:3000/_next/static/chunks/app/(main)/services/%5Bslug%5D/page.js)
    at __webpack_require__.f.j (http://localhost:3000/_next/static/chunks/webpack.js?v=1776126122859:850:29)
    at http://localhost:3000/_next/static/chunks/webpack.js?v=1776126122859:145:40
    at Array.reduce (<anonymous>)
    at __webpack_require__.e (http://localhost:3000/_next/static/chunks/webpack.js?v=1776126122859:144:67)
    at fn.e (http://localhost:3000/_next/static/chunks/webpack.js?v=1776126122859:381:50)
    at loadChunk (webpack-internal:///(app-pages-browser)/../../node_modules/.pnpm/next@15.5.14_@opentelemetry+api@1.9.1_react-dom@18.3.1_react@18.2.0__react@18.2.0/node_modules/next/dist/compiled/react-server-dom-webpack/cjs/react-server-dom-webpack-client.browser.development.js:113:34)
    at preloadModule (webpack-internal:///(app-pages-browser)/../../node_modules/.pnpm/next@15.5.14_@opentelemetry+api@1.9.1_react-dom@18.3.1_react@18.2.0__react@18.2.0/node_modules/next/dist/compiled/react-server-dom-webpack/cjs/react-server-dom-webpack-client.browser.development.js:82:31)
    at resolveModule (webpack-internal:///(app-pages-browser)/../../node_modules/.pnpm/next@15.5.14_@opentelemetry+api@1.9.1_react-dom@18.3.1_react@18.2.0__react@18.2.0/node_modules/next/dist/compiled/react-server-dom-webpack/cjs/react-server-dom-webpack-client.browser.development.js:2130:20)
    at processFullStringRow (webpack-internal:///(app-pages-browser)/../../node_modules/.pnpm/next@15.5.14_@opentelemetry+api@1.9.1_react-dom@18.3.1_react@18.2.0__react@18.2.0/node_modules/next/dist/compiled/react-server-dom-webpack/cjs/react-server-dom-webpack-client.browser.development.js:2830:11)
    at processFullBinaryRow (webpack-internal:///(app-pages-browser)/../../node_modules/.pnpm/next@15.5.14_@opentelemetry+api@1.9.1_react-dom@18.3.1_react@18.2.0__react@18.2.0/node_modules/next/dist/compiled/react-server-dom-webpack/cjs/react-server-dom-webpack-client.browser.development.js:2825:7)
    at processBinaryChunk (webpack-internal:///(app-pages-browser)/../../node_modules/.pnpm/next@15.5.14_@opentelemetry+api@1.9.1_react-dom@18.3.1_react@18.2.0__react@18.2.0/node_modules/next/dist/compiled/react-server-dom-webpack/cjs/react-server-dom-webpack-client.browser.development.js:3028:15)
    at progress (webpack-internal:///(app-pages-browser)/../../node_modules/.pnpm/next@15.5.14_@opentelemetry+api@1.9.1_react-dom@18.3.1_react@18.2.0__react@18.2.0/node_modules/next/dist/compiled/react-server-dom-webpack/cjs/react-server-dom-webpack-client.browser.development.js:3294:13) @ webpack-internal:///(app-pages-browser)/../../node_modules/.pnpm/next@15.5.14_@opentelemetry+api@1.9.1_react-dom@18.3.1_react@18.2.0__react@18.2.0/node_modules/next/dist/next-devtools/userspace/app/errors/intercept-console-error.js:56
[ 2805779ms] [LOG] [PostHog.js] send "$snapshot" {uuid: 019d8960-ec8c-7af5-8e3d-160332f88497, event: $snapshot, properties: Object, timestamp: Tue Apr 14 2026 05:55:23 GMT+0530 (India Standard Time)} @ webpack-internal:///(app-pages-browser)/../../node_modules/.pnpm/posthog-js@1.364.7/node_modules/posthog-js/dist/module.js:22
[ 2807783ms] [LOG] [PostHog.js] send "$snapshot" {uuid: 019d8960-f45f-799e-bd27-f2325dc7bb1a, event: $snapshot, properties: Object, timestamp: Tue Apr 14 2026 05:55:25 GMT+0530 (India Standard Time)} @ webpack-internal:///(app-pages-browser)/../../node_modules/.pnpm/posthog-js@1.364.7/node_modules/posthog-js/dist/module.js:22
[ 2808076ms] [LOG] [PostHog.js] send "$$heatmap" {uuid: 019d8960-f583-7859-8302-68994520109f, event: $$heatmap, properties: Object, timestamp: Tue Apr 14 2026 05:55:26 GMT+0530 (India Standard Time)} @ webpack-internal:///(app-pages-browser)/../../node_modules/.pnpm/posthog-js@1.364.7/node_modules/posthog-js/dist/module.js:22
[ 2814935ms] [LOG] [PostHog.js] send "$snapshot" {uuid: 019d8961-104f-792a-aebc-eb37cd8edbff, event: $snapshot, properties: Object, timestamp: Tue Apr 14 2026 05:55:33 GMT+0530 (India Standard Time)} @ webpack-internal:///(app-pages-browser)/../../node_modules/.pnpm/posthog-js@1.364.7/node_modules/posthog-js/dist/module.js:22
[ 2817585ms] [LOG] [PostHog.js] send "$snapshot" {uuid: 019d8961-1aaa-768c-9a8b-3e9a9f1f0e6c, event: $snapshot, properties: Object, timestamp: Tue Apr 14 2026 05:55:35 GMT+0530 (India Standard Time)} @ webpack-internal:///(app-pages-browser)/../../node_modules/.pnpm/posthog-js@1.364.7/node_modules/posthog-js/dist/module.js:22
[ 2818074ms] [LOG] [PostHog.js] send "$$heatmap" {uuid: 019d8961-1c92-79f1-b595-856da0c11967, event: $$heatmap, properties: Object, timestamp: Tue Apr 14 2026 05:55:36 GMT+0530 (India Standard Time)} @ webpack-internal:///(app-pages-browser)/../../node_modules/.pnpm/posthog-js@1.364.7/node_modules/posthog-js/dist/module.js:22
[ 2835599ms] [LOG] [Fast Refresh] rebuilding @ https://us-assets.i.posthog.com/static/posthog-recorder.js?v=1.364.7:0
[ 2835933ms] [LOG] [Fast Refresh] done in 333ms @ https://us-assets.i.posthog.com/static/posthog-recorder.js?v=1.364.7:0
[ 2837601ms] [LOG] [PostHog.js] send "$snapshot" {uuid: 019d8961-68da-7c2a-8747-e3018591393a, event: $snapshot, properties: Object, timestamp: Tue Apr 14 2026 05:55:55 GMT+0530 (India Standard Time)} @ webpack-internal:///(app-pages-browser)/../../node_modules/.pnpm/posthog-js@1.364.7/node_modules/posthog-js/dist/module.js:22
[ 2843287ms] [LOG] [PostHog.js] send "$snapshot" {uuid: 019d8961-7f10-72c6-becf-9bbbe59bb9ef, event: $snapshot, properties: Object, timestamp: Tue Apr 14 2026 05:56:01 GMT+0530 (India Standard Time)} @ webpack-internal:///(app-pages-browser)/../../node_modules/.pnpm/posthog-js@1.364.7/node_modules/posthog-js/dist/module.js:22
[ 2886172ms] [ERROR] WebSocket connection to 'ws://localhost:3000/_next/webpack-hmr' failed:  @ webpack-internal:///(app-pages-browser)/../../node_modules/.pnpm/next@15.5.14_@opentelemetry+api@1.9.1_react-dom@18.3.1_react@18.2.0__react@18.2.0/node_modules/next/dist/client/dev/hot-reloader/app/use-websocket.js:41
[ 2933074ms] [LOG] [PostHog.js] send "$$heatmap" {uuid: 019d8962-ddca-7956-a246-00fd0ee89478, event: $$heatmap, properties: Object, timestamp: Tue Apr 14 2026 05:57:31 GMT+0530 (India Standard Time)} @ webpack-internal:///(app-pages-browser)/../../node_modules/.pnpm/posthog-js@1.364.7/node_modules/posthog-js/dist/module.js:22
[ 2933254ms] [LOG] [PostHog.js] send "$autocapture" {uuid: 019d8962-de7e-7a91-a551-fb415a5b7a9c, event: $autocapture, properties: Object, timestamp: Tue Apr 14 2026 05:57:31 GMT+0530 (India Standard Time)} @ webpack-internal:///(app-pages-browser)/../../node_modules/.pnpm/posthog-js@1.364.7/node_modules/posthog-js/dist/module.js:22
[ 2933272ms] [ERROR] %o

%s ChunkLoadError: Loading chunk app/(main)/services/[slug]/page failed.
(timeout: http://localhost:3000/_next/static/chunks/app/(main)/services/%5Bslug%5D/page.js)
    at __webpack_require__.f.j (http://localhost:3000/_next/static/chunks/webpack.js?v=1776126122859:850:29)
    at http://localhost:3000/_next/static/chunks/webpack.js?v=1776126122859:145:40
    at Array.reduce (<anonymous>)
    at __webpack_require__.e (http://localhost:3000/_next/static/chunks/webpack.js?v=1776126122859:144:67)
    at fn.e (http://localhost:3000/_next/static/chunks/webpack.js?v=1776126122859:381:50)
    at loadChunk (webpack-internal:///(app-pages-browser)/../../node_modules/.pnpm/next@15.5.14_@opentelemetry+api@1.9.1_react-dom@18.3.1_react@18.2.0__react@18.2.0/node_modules/next/dist/compiled/react-server-dom-webpack/cjs/react-server-dom-webpack-client.browser.development.js:113:34)
    at preloadModule (webpack-internal:///(app-pages-browser)/../../node_modules/.pnpm/next@15.5.14_@opentelemetry+api@1.9.1_react-dom@18.3.1_react@18.2.0__react@18.2.0/node_modules/next/dist/compiled/react-server-dom-webpack/cjs/react-server-dom-webpack-client.browser.development.js:82:31)
    at resolveModule (webpack-internal:///(app-pages-browser)/../../node_modules/.pnpm/next@15.5.14_@opentelemetry+api@1.9.1_react-dom@18.3.1_react@18.2.0__react@18.2.0/node_modules/next/dist/compiled/react-server-dom-webpack/cjs/react-server-dom-webpack-client.browser.development.js:2130:20)
    at processFullStringRow (webpack-internal:///(app-pages-browser)/../../node_modules/.pnpm/next@15.5.14_@opentelemetry+api@1.9.1_react-dom@18.3.1_react@18.2.0__react@18.2.0/node_modules/next/dist/compiled/react-server-dom-webpack/cjs/react-server-dom-webpack-client.browser.development.js:2830:11)
    at processFullBinaryRow (webpack-internal:///(app-pages-browser)/../../node_modules/.pnpm/next@15.5.14_@opentelemetry+api@1.9.1_react-dom@18.3.1_react@18.2.0__react@18.2.0/node_modules/next/dist/compiled/react-server-dom-webpack/cjs/react-server-dom-webpack-client.browser.development.js:2825:7)
    at processBinaryChunk (webpack-internal:///(app-pages-browser)/../../node_modules/.pnpm/next@15.5.14_@opentelemetry+api@1.9.1_react-dom@18.3.1_react@18.2.0__react@18.2.0/node_modules/next/dist/compiled/react-server-dom-webpack/cjs/react-server-dom-webpack-client.browser.development.js:3028:15)
    at progress (webpack-internal:///(app-pages-browser)/../../node_modules/.pnpm/next@15.5.14_@opentelemetry+api@1.9.1_react-dom@18.3.1_react@18.2.0__react@18.2.0/node_modules/next/dist/compiled/react-server-dom-webpack/cjs/react-server-dom-webpack-client.browser.development.js:3294:13) The above error occurred in the <Lazy> component. It was handled by the <ErrorBoundaryHandler> error boundary. @ webpack-internal:///(app-pages-browser)/../../node_modules/.pnpm/next@15.5.14_@opentelemetry+api@1.9.1_react-dom@18.3.1_react@18.2.0__react@18.2.0/node_modules/next/dist/client/react-client-callbacks/error-boundary-callbacks.js:67
[ 2933272ms] [ERROR] Application error: ChunkLoadError: Loading chunk app/(main)/services/[slug]/page failed.
(timeout: http://localhost:3000/_next/static/chunks/app/(main)/services/%5Bslug%5D/page.js)
    at __webpack_require__.f.j (http://localhost:3000/_next/static/chunks/webpack.js?v=1776126122859:850:29)
    at http://localhost:3000/_next/static/chunks/webpack.js?v=1776126122859:145:40
    at Array.reduce (<anonymous>)
    at __webpack_require__.e (http://localhost:3000/_next/static/chunks/webpack.js?v=1776126122859:144:67)
    at fn.e (http://localhost:3000/_next/static/chunks/webpack.js?v=1776126122859:381:50)
    at loadChunk (webpack-internal:///(app-pages-browser)/../../node_modules/.pnpm/next@15.5.14_@opentelemetry+api@1.9.1_react-dom@18.3.1_react@18.2.0__react@18.2.0/node_modules/next/dist/compiled/react-server-dom-webpack/cjs/react-server-dom-webpack-client.browser.development.js:113:34)
    at preloadModule (webpack-internal:///(app-pages-browser)/../../node_modules/.pnpm/next@15.5.14_@opentelemetry+api@1.9.1_react-dom@18.3.1_react@18.2.0__react@18.2.0/node_modules/next/dist/compiled/react-server-dom-webpack/cjs/react-server-dom-webpack-client.browser.development.js:82:31)
    at resolveModule (webpack-internal:///(app-pages-browser)/../../node_modules/.pnpm/next@15.5.14_@opentelemetry+api@1.9.1_react-dom@18.3.1_react@18.2.0__react@18.2.0/node_modules/next/dist/compiled/react-server-dom-webpack/cjs/react-server-dom-webpack-client.browser.development.js:2130:20)
    at processFullStringRow (webpack-internal:///(app-pages-browser)/../../node_modules/.pnpm/next@15.5.14_@opentelemetry+api@1.9.1_react-dom@18.3.1_react@18.2.0__react@18.2.0/node_modules/next/dist/compiled/react-server-dom-webpack/cjs/react-server-dom-webpack-client.browser.development.js:2830:11)
    at processFullBinaryRow (webpack-internal:///(app-pages-browser)/../../node_modules/.pnpm/next@15.5.14_@opentelemetry+api@1.9.1_react-dom@18.3.1_react@18.2.0__react@18.2.0/node_modules/next/dist/compiled/react-server-dom-webpack/cjs/react-server-dom-webpack-client.browser.development.js:2825:7)
    at processBinaryChunk (webpack-internal:///(app-pages-browser)/../../node_modules/.pnpm/next@15.5.14_@opentelemetry+api@1.9.1_react-dom@18.3.1_react@18.2.0__react@18.2.0/node_modules/next/dist/compiled/react-server-dom-webpack/cjs/react-server-dom-webpack-client.browser.development.js:3028:15)
    at progress (webpack-internal:///(app-pages-browser)/../../node_modules/.pnpm/next@15.5.14_@opentelemetry+api@1.9.1_react-dom@18.3.1_react@18.2.0__react@18.2.0/node_modules/next/dist/compiled/react-server-dom-webpack/cjs/react-server-dom-webpack-client.browser.development.js:3294:13) @ webpack-internal:///(app-pages-browser)/../../node_modules/.pnpm/next@15.5.14_@opentelemetry+api@1.9.1_react-dom@18.3.1_react@18.2.0__react@18.2.0/node_modules/next/dist/next-devtools/userspace/app/errors/intercept-console-error.js:56
[ 2933272ms] [ERROR] Application error: ChunkLoadError: Loading chunk app/(main)/services/[slug]/page failed.
(timeout: http://localhost:3000/_next/static/chunks/app/(main)/services/%5Bslug%5D/page.js)
    at __webpack_require__.f.j (http://localhost:3000/_next/static/chunks/webpack.js?v=1776126122859:850:29)
    at http://localhost:3000/_next/static/chunks/webpack.js?v=1776126122859:145:40
    at Array.reduce (<anonymous>)
    at __webpack_require__.e (http://localhost:3000/_next/static/chunks/webpack.js?v=1776126122859:144:67)
    at fn.e (http://localhost:3000/_next/static/chunks/webpack.js?v=1776126122859:381:50)
    at loadChunk (webpack-internal:///(app-pages-browser)/../../node_modules/.pnpm/next@15.5.14_@opentelemetry+api@1.9.1_react-dom@18.3.1_react@18.2.0__react@18.2.0/node_modules/next/dist/compiled/react-server-dom-webpack/cjs/react-server-dom-webpack-client.browser.development.js:113:34)
    at preloadModule (webpack-internal:///(app-pages-browser)/../../node_modules/.pnpm/next@15.5.14_@opentelemetry+api@1.9.1_react-dom@18.3.1_react@18.2.0__react@18.2.0/node_modules/next/dist/compiled/react-server-dom-webpack/cjs/react-server-dom-webpack-client.browser.development.js:82:31)
    at resolveModule (webpack-internal:///(app-pages-browser)/../../node_modules/.pnpm/next@15.5.14_@opentelemetry+api@1.9.1_react-dom@18.3.1_react@18.2.0__react@18.2.0/node_modules/next/dist/compiled/react-server-dom-webpack/cjs/react-server-dom-webpack-client.browser.development.js:2130:20)
    at processFullStringRow (webpack-internal:///(app-pages-browser)/../../node_modules/.pnpm/next@15.5.14_@opentelemetry+api@1.9.1_react-dom@18.3.1_react@18.2.0__react@18.2.0/node_modules/next/dist/compiled/react-server-dom-webpack/cjs/react-server-dom-webpack-client.browser.development.js:2830:11)
    at processFullBinaryRow (webpack-internal:///(app-pages-browser)/../../node_modules/.pnpm/next@15.5.14_@opentelemetry+api@1.9.1_react-dom@18.3.1_react@18.2.0__react@18.2.0/node_modules/next/dist/compiled/react-server-dom-webpack/cjs/react-server-dom-webpack-client.browser.development.js:2825:7)
    at processBinaryChunk (webpack-internal:///(app-pages-browser)/../../node_modules/.pnpm/next@15.5.14_@opentelemetry+api@1.9.1_react-dom@18.3.1_react@18.2.0__react@18.2.0/node_modules/next/dist/compiled/react-server-dom-webpack/cjs/react-server-dom-webpack-client.browser.development.js:3028:15)
    at progress (webpack-internal:///(app-pages-browser)/../../node_modules/.pnpm/next@15.5.14_@opentelemetry+api@1.9.1_react-dom@18.3.1_react@18.2.0__react@18.2.0/node_modules/next/dist/compiled/react-server-dom-webpack/cjs/react-server-dom-webpack-client.browser.development.js:3294:13) @ webpack-internal:///(app-pages-browser)/../../node_modules/.pnpm/next@15.5.14_@opentelemetry+api@1.9.1_react-dom@18.3.1_react@18.2.0__react@18.2.0/node_modules/next/dist/next-devtools/userspace/app/errors/intercept-console-error.js:56
[ 2934088ms] [LOG] [PostHog.js] send "$snapshot" {uuid: 019d8962-e1c1-715a-92e3-8e0284d269e7, event: $snapshot, properties: Object, timestamp: Tue Apr 14 2026 05:57:32 GMT+0530 (India Standard Time)} @ webpack-internal:///(app-pages-browser)/../../node_modules/.pnpm/posthog-js@1.364.7/node_modules/posthog-js/dist/module.js:22
[ 2936862ms] [LOG] [PostHog.js] send "$autocapture" {uuid: 019d8962-ec97-77ce-b0c0-6248ec73b820, event: $autocapture, properties: Object, timestamp: Tue Apr 14 2026 05:57:34 GMT+0530 (India Standard Time)} @ webpack-internal:///(app-pages-browser)/../../node_modules/.pnpm/posthog-js@1.364.7/node_modules/posthog-js/dist/module.js:22
[ 2936896ms] [LOG] [PostHog.js] send "$snapshot" {uuid: 019d8962-ecb8-7b26-85c1-321180056889, event: $snapshot, properties: Object, timestamp: Tue Apr 14 2026 05:57:34 GMT+0530 (India Standard Time)} @ webpack-internal:///(app-pages-browser)/../../node_modules/.pnpm/posthog-js@1.364.7/node_modules/posthog-js/dist/module.js:22
[ 2938074ms] [LOG] [PostHog.js] send "$$heatmap" {uuid: 019d8962-f152-7933-8883-4247b3365c10, event: $$heatmap, properties: Object, timestamp: Tue Apr 14 2026 05:57:36 GMT+0530 (India Standard Time)} @ webpack-internal:///(app-pages-browser)/../../node_modules/.pnpm/posthog-js@1.364.7/node_modules/posthog-js/dist/module.js:22
[ 2938897ms] [LOG] [PostHog.js] send "$snapshot" {uuid: 019d8962-f489-7e62-9494-32de77b43acb, event: $snapshot, properties: Object, timestamp: Tue Apr 14 2026 05:57:36 GMT+0530 (India Standard Time)} @ webpack-internal:///(app-pages-browser)/../../node_modules/.pnpm/posthog-js@1.364.7/node_modules/posthog-js/dist/module.js:22
[ 2940983ms] [LOG] [PostHog.js] send "$snapshot" {uuid: 019d8962-fcaf-7dae-9387-06af420b3ad6, event: $snapshot, properties: Object, timestamp: Tue Apr 14 2026 05:57:39 GMT+0530 (India Standard Time)} @ webpack-internal:///(app-pages-browser)/../../node_modules/.pnpm/posthog-js@1.364.7/node_modules/posthog-js/dist/module.js:22
[ 2942551ms] [LOG] [PostHog.js] send "$pageview" {uuid: 019d8963-02cf-7e4e-8c8a-b00590477a18, event: $pageview, properties: Object, timestamp: Tue Apr 14 2026 05:57:40 GMT+0530 (India Standard Time)} @ webpack-internal:///(app-pages-browser)/../../node_modules/.pnpm/posthog-js@1.364.7/node_modules/posthog-js/dist/module.js:22
[ 2943075ms] [LOG] [PostHog.js] send "$$heatmap" {uuid: 019d8963-04db-7449-b694-e456ab9576f0, event: $$heatmap, properties: Object, timestamp: Tue Apr 14 2026 05:57:41 GMT+0530 (India Standard Time)} @ webpack-internal:///(app-pages-browser)/../../node_modules/.pnpm/posthog-js@1.364.7/node_modules/posthog-js/dist/module.js:22
[ 2944553ms] [LOG] [PostHog.js] send "$snapshot" {uuid: 019d8963-0aa1-77e8-829f-3ffa5eaee652, event: $snapshot, properties: Object, timestamp: Tue Apr 14 2026 05:57:42 GMT+0530 (India Standard Time)} @ webpack-internal:///(app-pages-browser)/../../node_modules/.pnpm/posthog-js@1.364.7/node_modules/posthog-js/dist/module.js:22
[ 2945704ms] [LOG] [PostHog.js] send "$autocapture" {uuid: 019d8963-0f20-7b25-9e3f-1be89b255ea6, event: $autocapture, properties: Object, timestamp: Tue Apr 14 2026 05:57:43 GMT+0530 (India Standard Time)} @ webpack-internal:///(app-pages-browser)/../../node_modules/.pnpm/posthog-js@1.364.7/node_modules/posthog-js/dist/module.js:22
[ 2946791ms] [LOG] [PostHog.js] send "$snapshot" {uuid: 019d8963-135f-7f63-b701-c2b14d12f131, event: $snapshot, properties: Object, timestamp: Tue Apr 14 2026 05:57:44 GMT+0530 (India Standard Time)} @ webpack-internal:///(app-pages-browser)/../../node_modules/.pnpm/posthog-js@1.364.7/node_modules/posthog-js/dist/module.js:22
[ 2948075ms] [LOG] [PostHog.js] send "$$heatmap" {uuid: 019d8963-1863-7295-9f38-411c98007833, event: $$heatmap, properties: Object, timestamp: Tue Apr 14 2026 05:57:46 GMT+0530 (India Standard Time)} @ webpack-internal:///(app-pages-browser)/../../node_modules/.pnpm/posthog-js@1.364.7/node_modules/posthog-js/dist/module.js:22
[ 2948370ms] [ERROR] %o

%s ChunkLoadError: Loading chunk app/(main)/services/[slug]/page failed.
(timeout: http://localhost:3000/_next/static/chunks/app/(main)/services/%5Bslug%5D/page.js)
    at __webpack_require__.f.j (http://localhost:3000/_next/static/chunks/webpack.js?v=1776126122859:850:29)
    at http://localhost:3000/_next/static/chunks/webpack.js?v=1776126122859:145:40
    at Array.reduce (<anonymous>)
    at __webpack_require__.e (http://localhost:3000/_next/static/chunks/webpack.js?v=1776126122859:144:67)
    at fn.e (http://localhost:3000/_next/static/chunks/webpack.js?v=1776126122859:381:50)
    at loadChunk (webpack-internal:///(app-pages-browser)/../../node_modules/.pnpm/next@15.5.14_@opentelemetry+api@1.9.1_react-dom@18.3.1_react@18.2.0__react@18.2.0/node_modules/next/dist/compiled/react-server-dom-webpack/cjs/react-server-dom-webpack-client.browser.development.js:113:34)
    at preloadModule (webpack-internal:///(app-pages-browser)/../../node_modules/.pnpm/next@15.5.14_@opentelemetry+api@1.9.1_react-dom@18.3.1_react@18.2.0__react@18.2.0/node_modules/next/dist/compiled/react-server-dom-webpack/cjs/react-server-dom-webpack-client.browser.development.js:82:31)
    at resolveModule (webpack-internal:///(app-pages-browser)/../../node_modules/.pnpm/next@15.5.14_@opentelemetry+api@1.9.1_react-dom@18.3.1_react@18.2.0__react@18.2.0/node_modules/next/dist/compiled/react-server-dom-webpack/cjs/react-server-dom-webpack-client.browser.development.js:2130:20)
    at processFullStringRow (webpack-internal:///(app-pages-browser)/../../node_modules/.pnpm/next@15.5.14_@opentelemetry+api@1.9.1_react-dom@18.3.1_react@18.2.0__react@18.2.0/node_modules/next/dist/compiled/react-server-dom-webpack/cjs/react-server-dom-webpack-client.browser.development.js:2830:11)
    at processFullBinaryRow (webpack-internal:///(app-pages-browser)/../../node_modules/.pnpm/next@15.5.14_@opentelemetry+api@1.9.1_react-dom@18.3.1_react@18.2.0__react@18.2.0/node_modules/next/dist/compiled/react-server-dom-webpack/cjs/react-server-dom-webpack-client.browser.development.js:2825:7)
    at processBinaryChunk (webpack-internal:///(app-pages-browser)/../../node_modules/.pnpm/next@15.5.14_@opentelemetry+api@1.9.1_react-dom@18.3.1_react@18.2.0__react@18.2.0/node_modules/next/dist/compiled/react-server-dom-webpack/cjs/react-server-dom-webpack-client.browser.development.js:3028:15)
    at progress (webpack-internal:///(app-pages-browser)/../../node_modules/.pnpm/next@15.5.14_@opentelemetry+api@1.9.1_react-dom@18.3.1_react@18.2.0__react@18.2.0/node_modules/next/dist/compiled/react-server-dom-webpack/cjs/react-server-dom-webpack-client.browser.development.js:3294:13) The above error occurred in the <Lazy> component. It was handled by the <ErrorBoundaryHandler> error boundary. @ webpack-internal:///(app-pages-browser)/../../node_modules/.pnpm/next@15.5.14_@opentelemetry+api@1.9.1_react-dom@18.3.1_react@18.2.0__react@18.2.0/node_modules/next/dist/client/react-client-callbacks/error-boundary-callbacks.js:67
[ 2948372ms] [LOG] [PostHog.js] send "$pageview" {uuid: 019d8963-198c-702a-afbd-34ce444a2f9a, event: $pageview, properties: Object, timestamp: Tue Apr 14 2026 05:57:46 GMT+0530 (India Standard Time)} @ webpack-internal:///(app-pages-browser)/../../node_modules/.pnpm/posthog-js@1.364.7/node_modules/posthog-js/dist/module.js:22
[ 2948372ms] [ERROR] Application error: ChunkLoadError: Loading chunk app/(main)/services/[slug]/page failed.
(timeout: http://localhost:3000/_next/static/chunks/app/(main)/services/%5Bslug%5D/page.js)
    at __webpack_require__.f.j (http://localhost:3000/_next/static/chunks/webpack.js?v=1776126122859:850:29)
    at http://localhost:3000/_next/static/chunks/webpack.js?v=1776126122859:145:40
    at Array.reduce (<anonymous>)
    at __webpack_require__.e (http://localhost:3000/_next/static/chunks/webpack.js?v=1776126122859:144:67)
    at fn.e (http://localhost:3000/_next/static/chunks/webpack.js?v=1776126122859:381:50)
    at loadChunk (webpack-internal:///(app-pages-browser)/../../node_modules/.pnpm/next@15.5.14_@opentelemetry+api@1.9.1_react-dom@18.3.1_react@18.2.0__react@18.2.0/node_modules/next/dist/compiled/react-server-dom-webpack/cjs/react-server-dom-webpack-client.browser.development.js:113:34)
    at preloadModule (webpack-internal:///(app-pages-browser)/../../node_modules/.pnpm/next@15.5.14_@opentelemetry+api@1.9.1_react-dom@18.3.1_react@18.2.0__react@18.2.0/node_modules/next/dist/compiled/react-server-dom-webpack/cjs/react-server-dom-webpack-client.browser.development.js:82:31)
    at resolveModule (webpack-internal:///(app-pages-browser)/../../node_modules/.pnpm/next@15.5.14_@opentelemetry+api@1.9.1_react-dom@18.3.1_react@18.2.0__react@18.2.0/node_modules/next/dist/compiled/react-server-dom-webpack/cjs/react-server-dom-webpack-client.browser.development.js:2130:20)
    at processFullStringRow (webpack-internal:///(app-pages-browser)/../../node_modules/.pnpm/next@15.5.14_@opentelemetry+api@1.9.1_react-dom@18.3.1_react@18.2.0__react@18.2.0/node_modules/next/dist/compiled/react-server-dom-webpack/cjs/react-server-dom-webpack-client.browser.development.js:2830:11)
    at processFullBinaryRow (webpack-internal:///(app-pages-browser)/../../node_modules/.pnpm/next@15.5.14_@opentelemetry+api@1.9.1_react-dom@18.3.1_react@18.2.0__react@18.2.0/node_modules/next/dist/compiled/react-server-dom-webpack/cjs/react-server-dom-webpack-client.browser.development.js:2825:7)
    at processBinaryChunk (webpack-internal:///(app-pages-browser)/../../node_modules/.pnpm/next@15.5.14_@opentelemetry+api@1.9.1_react-dom@18.3.1_react@18.2.0__react@18.2.0/node_modules/next/dist/compiled/react-server-dom-webpack/cjs/react-server-dom-webpack-client.browser.development.js:3028:15)
    at progress (webpack-internal:///(app-pages-browser)/../../node_modules/.pnpm/next@15.5.14_@opentelemetry+api@1.9.1_react-dom@18.3.1_react@18.2.0__react@18.2.0/node_modules/next/dist/compiled/react-server-dom-webpack/cjs/react-server-dom-webpack-client.browser.development.js:3294:13) @ webpack-internal:///(app-pages-browser)/../../node_modules/.pnpm/next@15.5.14_@opentelemetry+api@1.9.1_react-dom@18.3.1_react@18.2.0__react@18.2.0/node_modules/next/dist/next-devtools/userspace/app/errors/intercept-console-error.js:56
[ 2948374ms] [ERROR] Application error: ChunkLoadError: Loading chunk app/(main)/services/[slug]/page failed.
(timeout: http://localhost:3000/_next/static/chunks/app/(main)/services/%5Bslug%5D/page.js)
    at __webpack_require__.f.j (http://localhost:3000/_next/static/chunks/webpack.js?v=1776126122859:850:29)
    at http://localhost:3000/_next/static/chunks/webpack.js?v=1776126122859:145:40
    at Array.reduce (<anonymous>)
    at __webpack_require__.e (http://localhost:3000/_next/static/chunks/webpack.js?v=1776126122859:144:67)
    at fn.e (http://localhost:3000/_next/static/chunks/webpack.js?v=1776126122859:381:50)
    at loadChunk (webpack-internal:///(app-pages-browser)/../../node_modules/.pnpm/next@15.5.14_@opentelemetry+api@1.9.1_react-dom@18.3.1_react@18.2.0__react@18.2.0/node_modules/next/dist/compiled/react-server-dom-webpack/cjs/react-server-dom-webpack-client.browser.development.js:113:34)
    at preloadModule (webpack-internal:///(app-pages-browser)/../../node_modules/.pnpm/next@15.5.14_@opentelemetry+api@1.9.1_react-dom@18.3.1_react@18.2.0__react@18.2.0/node_modules/next/dist/compiled/react-server-dom-webpack/cjs/react-server-dom-webpack-client.browser.development.js:82:31)
    at resolveModule (webpack-internal:///(app-pages-browser)/../../node_modules/.pnpm/next@15.5.14_@opentelemetry+api@1.9.1_react-dom@18.3.1_react@18.2.0__react@18.2.0/node_modules/next/dist/compiled/react-server-dom-webpack/cjs/react-server-dom-webpack-client.browser.development.js:2130:20)
    at processFullStringRow (webpack-internal:///(app-pages-browser)/../../node_modules/.pnpm/next@15.5.14_@opentelemetry+api@1.9.1_react-dom@18.3.1_react@18.2.0__react@18.2.0/node_modules/next/dist/compiled/react-server-dom-webpack/cjs/react-server-dom-webpack-client.browser.development.js:2830:11)
    at processFullBinaryRow (webpack-internal:///(app-pages-browser)/../../node_modules/.pnpm/next@15.5.14_@opentelemetry+api@1.9.1_react-dom@18.3.1_react@18.2.0__react@18.2.0/node_modules/next/dist/compiled/react-server-dom-webpack/cjs/react-server-dom-webpack-client.browser.development.js:2825:7)
    at processBinaryChunk (webpack-internal:///(app-pages-browser)/../../node_modules/.pnpm/next@15.5.14_@opentelemetry+api@1.9.1_react-dom@18.3.1_react@18.2.0__react@18.2.0/node_modules/next/dist/compiled/react-server-dom-webpack/cjs/react-server-dom-webpack-client.browser.development.js:3028:15)
    at progress (webpack-internal:///(app-pages-browser)/../../node_modules/.pnpm/next@15.5.14_@opentelemetry+api@1.9.1_react-dom@18.3.1_react@18.2.0__react@18.2.0/node_modules/next/dist/compiled/react-server-dom-webpack/cjs/react-server-dom-webpack-client.browser.development.js:3294:13) @ webpack-internal:///(app-pages-browser)/../../node_modules/.pnpm/next@15.5.14_@opentelemetry+api@1.9.1_react-dom@18.3.1_react@18.2.0__react@18.2.0/node_modules/next/dist/next-devtools/userspace/app/errors/intercept-console-error.js:56
[ 2949475ms] [LOG] [PostHog.js] send "$snapshot" {uuid: 019d8963-1ddc-7ae2-b170-c4c6ee49b5aa, event: $snapshot, properties: Object, timestamp: Tue Apr 14 2026 05:57:47 GMT+0530 (India Standard Time)} @ webpack-internal:///(app-pages-browser)/../../node_modules/.pnpm/posthog-js@1.364.7/node_modules/posthog-js/dist/module.js:22
[ 2950679ms] [LOG] [PostHog.js] send "$pageview" {uuid: 019d8963-228f-70b4-82f5-6eda47e5a3e0, event: $pageview, properties: Object, timestamp: Tue Apr 14 2026 05:57:48 GMT+0530 (India Standard Time)} @ webpack-internal:///(app-pages-browser)/../../node_modules/.pnpm/posthog-js@1.364.7/node_modules/posthog-js/dist/module.js:22
[ 2951880ms] [LOG] [PostHog.js] send "$snapshot" {uuid: 019d8963-2741-7d55-879a-63eaadebc3c3, event: $snapshot, properties: Object, timestamp: Tue Apr 14 2026 05:57:49 GMT+0530 (India Standard Time)} @ webpack-internal:///(app-pages-browser)/../../node_modules/.pnpm/posthog-js@1.364.7/node_modules/posthog-js/dist/module.js:22
[ 2953074ms] [LOG] [PostHog.js] send "$$heatmap" {uuid: 019d8963-2beb-7302-94f2-186d84a31bff, event: $$heatmap, properties: Object, timestamp: Tue Apr 14 2026 05:57:51 GMT+0530 (India Standard Time)} @ webpack-internal:///(app-pages-browser)/../../node_modules/.pnpm/posthog-js@1.364.7/node_modules/posthog-js/dist/module.js:22
[ 2994802ms] [LOG] [PostHog.js] send "$snapshot" {uuid: 019d8963-ceeb-70d8-9f49-c276bc3a7e1b, event: $snapshot, properties: Object, timestamp: Tue Apr 14 2026 05:58:32 GMT+0530 (India Standard Time)} @ webpack-internal:///(app-pages-browser)/../../node_modules/.pnpm/posthog-js@1.364.7/node_modules/posthog-js/dist/module.js:22
[ 2998076ms] [LOG] [PostHog.js] send "$$heatmap" {uuid: 019d8963-dbb4-7a69-a03f-842e6a344e5a, event: $$heatmap, properties: Object, timestamp: Tue Apr 14 2026 05:58:36 GMT+0530 (India Standard Time)} @ webpack-internal:///(app-pages-browser)/../../node_modules/.pnpm/posthog-js@1.364.7/node_modules/posthog-js/dist/module.js:22
[ 3001126ms] [LOG] [PostHog.js] send "$snapshot" {uuid: 019d8963-e79f-7049-93b7-a1a47f79aab3, event: $snapshot, properties: Object, timestamp: Tue Apr 14 2026 05:58:39 GMT+0530 (India Standard Time)} @ webpack-internal:///(app-pages-browser)/../../node_modules/.pnpm/posthog-js@1.364.7/node_modules/posthog-js/dist/module.js:22
[ 3003076ms] [LOG] [PostHog.js] send "$$heatmap" {uuid: 019d8963-ef3c-7d3d-936d-5d342df0b2fc, event: $$heatmap, properties: Object, timestamp: Tue Apr 14 2026 05:58:41 GMT+0530 (India Standard Time)} @ webpack-internal:///(app-pages-browser)/../../node_modules/.pnpm/posthog-js@1.364.7/node_modules/posthog-js/dist/module.js:22
[ 3020429ms] [LOG] [PostHog.js] send "$autocapture" {uuid: 019d8964-3305-7350-8a8f-2cf006d29d21, event: $autocapture, properties: Object, timestamp: Tue Apr 14 2026 05:58:58 GMT+0530 (India Standard Time)} @ webpack-internal:///(app-pages-browser)/../../node_modules/.pnpm/posthog-js@1.364.7/node_modules/posthog-js/dist/module.js:22
[ 3021818ms] [ERROR] %o

%s ChunkLoadError: Loading chunk app/(main)/services/[slug]/page failed.
(timeout: http://localhost:3000/_next/static/chunks/app/(main)/services/%5Bslug%5D/page.js)
    at __webpack_require__.f.j (http://localhost:3000/_next/static/chunks/webpack.js?v=1776126122859:850:29)
    at http://localhost:3000/_next/static/chunks/webpack.js?v=1776126122859:145:40
    at Array.reduce (<anonymous>)
    at __webpack_require__.e (http://localhost:3000/_next/static/chunks/webpack.js?v=1776126122859:144:67)
    at fn.e (http://localhost:3000/_next/static/chunks/webpack.js?v=1776126122859:381:50)
    at loadChunk (webpack-internal:///(app-pages-browser)/../../node_modules/.pnpm/next@15.5.14_@opentelemetry+api@1.9.1_react-dom@18.3.1_react@18.2.0__react@18.2.0/node_modules/next/dist/compiled/react-server-dom-webpack/cjs/react-server-dom-webpack-client.browser.development.js:113:34)
    at preloadModule (webpack-internal:///(app-pages-browser)/../../node_modules/.pnpm/next@15.5.14_@opentelemetry+api@1.9.1_react-dom@18.3.1_react@18.2.0__react@18.2.0/node_modules/next/dist/compiled/react-server-dom-webpack/cjs/react-server-dom-webpack-client.browser.development.js:82:31)
    at resolveModule (webpack-internal:///(app-pages-browser)/../../node_modules/.pnpm/next@15.5.14_@opentelemetry+api@1.9.1_react-dom@18.3.1_react@18.2.0__react@18.2.0/node_modules/next/dist/compiled/react-server-dom-webpack/cjs/react-server-dom-webpack-client.browser.development.js:2130:20)
    at processFullStringRow (webpack-internal:///(app-pages-browser)/../../node_modules/.pnpm/next@15.5.14_@opentelemetry+api@1.9.1_react-dom@18.3.1_react@18.2.0__react@18.2.0/node_modules/next/dist/compiled/react-server-dom-webpack/cjs/react-server-dom-webpack-client.browser.development.js:2830:11)
    at processFullBinaryRow (webpack-internal:///(app-pages-browser)/../../node_modules/.pnpm/next@15.5.14_@opentelemetry+api@1.9.1_react-dom@18.3.1_react@18.2.0__react@18.2.0/node_modules/next/dist/compiled/react-server-dom-webpack/cjs/react-server-dom-webpack-client.browser.development.js:2825:7)
    at processBinaryChunk (webpack-internal:///(app-pages-browser)/../../node_modules/.pnpm/next@15.5.14_@opentelemetry+api@1.9.1_react-dom@18.3.1_react@18.2.0__react@18.2.0/node_modules/next/dist/compiled/react-server-dom-webpack/cjs/react-server-dom-webpack-client.browser.development.js:3028:15)
    at progress (webpack-internal:///(app-pages-browser)/../../node_modules/.pnpm/next@15.5.14_@opentelemetry+api@1.9.1_react-dom@18.3.1_react@18.2.0__react@18.2.0/node_modules/next/dist/compiled/react-server-dom-webpack/cjs/react-server-dom-webpack-client.browser.development.js:3294:13) The above error occurred in the <Lazy> component. It was handled by the <ErrorBoundaryHandler> error boundary. @ webpack-internal:///(app-pages-browser)/../../node_modules/.pnpm/next@15.5.14_@opentelemetry+api@1.9.1_react-dom@18.3.1_react@18.2.0__react@18.2.0/node_modules/next/dist/client/react-client-callbacks/error-boundary-callbacks.js:67
[ 3021819ms] [LOG] [PostHog.js] send "$pageview" {uuid: 019d8964-3873-7944-9b2d-e7089abf7278, event: $pageview, properties: Object, timestamp: Tue Apr 14 2026 05:58:59 GMT+0530 (India Standard Time)} @ webpack-internal:///(app-pages-browser)/../../node_modules/.pnpm/posthog-js@1.364.7/node_modules/posthog-js/dist/module.js:22
[ 3021820ms] [ERROR] Application error: ChunkLoadError: Loading chunk app/(main)/services/[slug]/page failed.
(timeout: http://localhost:3000/_next/static/chunks/app/(main)/services/%5Bslug%5D/page.js)
    at __webpack_require__.f.j (http://localhost:3000/_next/static/chunks/webpack.js?v=1776126122859:850:29)
    at http://localhost:3000/_next/static/chunks/webpack.js?v=1776126122859:145:40
    at Array.reduce (<anonymous>)
    at __webpack_require__.e (http://localhost:3000/_next/static/chunks/webpack.js?v=1776126122859:144:67)
    at fn.e (http://localhost:3000/_next/static/chunks/webpack.js?v=1776126122859:381:50)
    at loadChunk (webpack-internal:///(app-pages-browser)/../../node_modules/.pnpm/next@15.5.14_@opentelemetry+api@1.9.1_react-dom@18.3.1_react@18.2.0__react@18.2.0/node_modules/next/dist/compiled/react-server-dom-webpack/cjs/react-server-dom-webpack-client.browser.development.js:113:34)
    at preloadModule (webpack-internal:///(app-pages-browser)/../../node_modules/.pnpm/next@15.5.14_@opentelemetry+api@1.9.1_react-dom@18.3.1_react@18.2.0__react@18.2.0/node_modules/next/dist/compiled/react-server-dom-webpack/cjs/react-server-dom-webpack-client.browser.development.js:82:31)
    at resolveModule (webpack-internal:///(app-pages-browser)/../../node_modules/.pnpm/next@15.5.14_@opentelemetry+api@1.9.1_react-dom@18.3.1_react@18.2.0__react@18.2.0/node_modules/next/dist/compiled/react-server-dom-webpack/cjs/react-server-dom-webpack-client.browser.development.js:2130:20)
    at processFullStringRow (webpack-internal:///(app-pages-browser)/../../node_modules/.pnpm/next@15.5.14_@opentelemetry+api@1.9.1_react-dom@18.3.1_react@18.2.0__react@18.2.0/node_modules/next/dist/compiled/react-server-dom-webpack/cjs/react-server-dom-webpack-client.browser.development.js:2830:11)
    at processFullBinaryRow (webpack-internal:///(app-pages-browser)/../../node_modules/.pnpm/next@15.5.14_@opentelemetry+api@1.9.1_react-dom@18.3.1_react@18.2.0__react@18.2.0/node_modules/next/dist/compiled/react-server-dom-webpack/cjs/react-server-dom-webpack-client.browser.development.js:2825:7)
    at processBinaryChunk (webpack-internal:///(app-pages-browser)/../../node_modules/.pnpm/next@15.5.14_@opentelemetry+api@1.9.1_react-dom@18.3.1_react@18.2.0__react@18.2.0/node_modules/next/dist/compiled/react-server-dom-webpack/cjs/react-server-dom-webpack-client.browser.development.js:3028:15)
    at progress (webpack-internal:///(app-pages-browser)/../../node_modules/.pnpm/next@15.5.14_@opentelemetry+api@1.9.1_react-dom@18.3.1_react@18.2.0__react@18.2.0/node_modules/next/dist/compiled/react-server-dom-webpack/cjs/react-server-dom-webpack-client.browser.development.js:3294:13) @ webpack-internal:///(app-pages-browser)/../../node_modules/.pnpm/next@15.5.14_@opentelemetry+api@1.9.1_react-dom@18.3.1_react@18.2.0__react@18.2.0/node_modules/next/dist/next-devtools/userspace/app/errors/intercept-console-error.js:56
[ 3021820ms] [ERROR] Application error: ChunkLoadError: Loading chunk app/(main)/services/[slug]/page failed.
(timeout: http://localhost:3000/_next/static/chunks/app/(main)/services/%5Bslug%5D/page.js)
    at __webpack_require__.f.j (http://localhost:3000/_next/static/chunks/webpack.js?v=1776126122859:850:29)
    at http://localhost:3000/_next/static/chunks/webpack.js?v=1776126122859:145:40
    at Array.reduce (<anonymous>)
    at __webpack_require__.e (http://localhost:3000/_next/static/chunks/webpack.js?v=1776126122859:144:67)
    at fn.e (http://localhost:3000/_next/static/chunks/webpack.js?v=1776126122859:381:50)
    at loadChunk (webpack-internal:///(app-pages-browser)/../../node_modules/.pnpm/next@15.5.14_@opentelemetry+api@1.9.1_react-dom@18.3.1_react@18.2.0__react@18.2.0/node_modules/next/dist/compiled/react-server-dom-webpack/cjs/react-server-dom-webpack-client.browser.development.js:113:34)
    at preloadModule (webpack-internal:///(app-pages-browser)/../../node_modules/.pnpm/next@15.5.14_@opentelemetry+api@1.9.1_react-dom@18.3.1_react@18.2.0__react@18.2.0/node_modules/next/dist/compiled/react-server-dom-webpack/cjs/react-server-dom-webpack-client.browser.development.js:82:31)
    at resolveModule (webpack-internal:///(app-pages-browser)/../../node_modules/.pnpm/next@15.5.14_@opentelemetry+api@1.9.1_react-dom@18.3.1_react@18.2.0__react@18.2.0/node_modules/next/dist/compiled/react-server-dom-webpack/cjs/react-server-dom-webpack-client.browser.development.js:2130:20)
    at processFullStringRow (webpack-internal:///(app-pages-browser)/../../node_modules/.pnpm/next@15.5.14_@opentelemetry+api@1.9.1_react-dom@18.3.1_react@18.2.0__react@18.2.0/node_modules/next/dist/compiled/react-server-dom-webpack/cjs/react-server-dom-webpack-client.browser.development.js:2830:11)
    at processFullBinaryRow (webpack-internal:///(app-pages-browser)/../../node_modules/.pnpm/next@15.5.14_@opentelemetry+api@1.9.1_react-dom@18.3.1_react@18.2.0__react@18.2.0/node_modules/next/dist/compiled/react-server-dom-webpack/cjs/react-server-dom-webpack-client.browser.development.js:2825:7)
    at processBinaryChunk (webpack-internal:///(app-pages-browser)/../../node_modules/.pnpm/next@15.5.14_@opentelemetry+api@1.9.1_react-dom@18.3.1_react@18.2.0__react@18.2.0/node_modules/next/dist/compiled/react-server-dom-webpack/cjs/react-server-dom-webpack-client.browser.development.js:3028:15)
    at progress (webpack-internal:///(app-pages-browser)/../../node_modules/.pnpm/next@15.5.14_@opentelemetry+api@1.9.1_react-dom@18.3.1_react@18.2.0__react@18.2.0/node_modules/next/dist/compiled/react-server-dom-webpack/cjs/react-server-dom-webpack-client.browser.development.js:3294:13) @ webpack-internal:///(app-pages-browser)/../../node_modules/.pnpm/next@15.5.14_@opentelemetry+api@1.9.1_react-dom@18.3.1_react@18.2.0__react@18.2.0/node_modules/next/dist/next-devtools/userspace/app/errors/intercept-console-error.js:56
[ 3021976ms] [LOG] [PostHog.js] send "$snapshot" {uuid: 019d8964-3910-7423-abbf-b1ba8a540dcc, event: $snapshot, properties: Object, timestamp: Tue Apr 14 2026 05:59:00 GMT+0530 (India Standard Time)} @ webpack-internal:///(app-pages-browser)/../../node_modules/.pnpm/posthog-js@1.364.7/node_modules/posthog-js/dist/module.js:22
[ 3023076ms] [LOG] [PostHog.js] send "$$heatmap" {uuid: 019d8964-3d5c-717f-befb-2fb0c2165802, event: $$heatmap, properties: Object, timestamp: Tue Apr 14 2026 05:59:01 GMT+0530 (India Standard Time)} @ webpack-internal:///(app-pages-browser)/../../node_modules/.pnpm/posthog-js@1.364.7/node_modules/posthog-js/dist/module.js:22
[ 3024829ms] [LOG] [PostHog.js] send "$snapshot" {uuid: 019d8964-4436-7b4c-b106-03f8472ead68, event: $snapshot, properties: Object, timestamp: Tue Apr 14 2026 05:59:02 GMT+0530 (India Standard Time)} @ webpack-internal:///(app-pages-browser)/../../node_modules/.pnpm/posthog-js@1.364.7/node_modules/posthog-js/dist/module.js:22
[ 3030086ms] [LOG] [PostHog.js] send "$snapshot" {uuid: 019d8964-58bf-7f70-b2fd-d2b39cc6c68b, event: $snapshot, properties: Object, timestamp: Tue Apr 14 2026 05:59:08 GMT+0530 (India Standard Time)} @ webpack-internal:///(app-pages-browser)/../../node_modules/.pnpm/posthog-js@1.364.7/node_modules/posthog-js/dist/module.js:22
[ 3328095ms] [LOG] [PostHog.js] send "$snapshot" {uuid: 019d8968-e4d7-73a9-895b-57ffb1149f16, event: $snapshot, properties: Object, timestamp: Tue Apr 14 2026 06:04:06 GMT+0530 (India Standard Time)} @ webpack-internal:///(app-pages-browser)/../../node_modules/.pnpm/posthog-js@1.364.7/node_modules/posthog-js/dist/module.js:22
[ 3632398ms] [ERROR] [PostHog.js] AbortError: signal is aborted without reason
    at eval (webpack-internal:///(app-pages-browser)/../../node_modules/.pnpm/posthog-js@1.364.7/node_modules/posthog-js/dist/module.js:23:53823) @ webpack-internal:///(app-pages-browser)/../../node_modules/.pnpm/next@15.5.14_@opentelemetry+api@1.9.1_react-dom@18.3.1_react@18.2.0__react@18.2.0/node_modules/next/dist/next-devtools/userspace/app/errors/intercept-console-error.js:56
[ 3632398ms] [WARNING] [PostHog.js] [FeatureFlags] Using an older version of the feature flags endpoint. Please upgrade your PostHog server to the latest version @ webpack-internal:///(app-pages-browser)/../../node_modules/.pnpm/posthog-js@1.364.7/node_modules/posthog-js/dist/module.js:22
[ 4232402ms] [ERROR] [PostHog.js] AbortError: signal is aborted without reason
    at eval (webpack-internal:///(app-pages-browser)/../../node_modules/.pnpm/posthog-js@1.364.7/node_modules/posthog-js/dist/module.js:23:53823) @ webpack-internal:///(app-pages-browser)/../../node_modules/.pnpm/next@15.5.14_@opentelemetry+api@1.9.1_react-dom@18.3.1_react@18.2.0__react@18.2.0/node_modules/next/dist/next-devtools/userspace/app/errors/intercept-console-error.js:56
[ 4232403ms] [WARNING] [PostHog.js] [FeatureFlags] Using an older version of the feature flags endpoint. Please upgrade your PostHog server to the latest version @ webpack-internal:///(app-pages-browser)/../../node_modules/.pnpm/posthog-js@1.364.7/node_modules/posthog-js/dist/module.js:22
[ 5132403ms] [ERROR] [PostHog.js] AbortError: signal is aborted without reason
    at eval (webpack-internal:///(app-pages-browser)/../../node_modules/.pnpm/posthog-js@1.364.7/node_modules/posthog-js/dist/module.js:23:53823) @ webpack-internal:///(app-pages-browser)/../../node_modules/.pnpm/next@15.5.14_@opentelemetry+api@1.9.1_react-dom@18.3.1_react@18.2.0__react@18.2.0/node_modules/next/dist/next-devtools/userspace/app/errors/intercept-console-error.js:56
[ 5132403ms] [WARNING] [PostHog.js] [FeatureFlags] Using an older version of the feature flags endpoint. Please upgrade your PostHog server to the latest version @ webpack-internal:///(app-pages-browser)/../../node_modules/.pnpm/posthog-js@1.364.7/node_modules/posthog-js/dist/module.js:22
[ 5732407ms] [ERROR] [PostHog.js] AbortError: signal is aborted without reason
    at eval (webpack-internal:///(app-pages-browser)/../../node_modules/.pnpm/posthog-js@1.364.7/node_modules/posthog-js/dist/module.js:23:53823) @ webpack-internal:///(app-pages-browser)/../../node_modules/.pnpm/next@15.5.14_@opentelemetry+api@1.9.1_react-dom@18.3.1_react@18.2.0__react@18.2.0/node_modules/next/dist/next-devtools/userspace/app/errors/intercept-console-error.js:56
[ 5732407ms] [WARNING] [PostHog.js] [FeatureFlags] Using an older version of the feature flags endpoint. Please upgrade your PostHog server to the latest version @ webpack-internal:///(app-pages-browser)/../../node_modules/.pnpm/posthog-js@1.364.7/node_modules/posthog-js/dist/module.js:22
[ 7623092ms] [LOG] [PostHog.js] [SessionId] new session ID generated {sessionId: 019d89aa-6e2c-76c1-aa51-babb5685c02b, windowId: 019d89aa-6e2c-76c1-aa51-babc60348c02, changeReason: Object} @ webpack-internal:///(app-pages-browser)/../../node_modules/.pnpm/posthog-js@1.364.7/node_modules/posthog-js/dist/module.js:22
[ 7623092ms] [LOG] [PostHog.js] send "$$heatmap" {uuid: 019d89aa-6e2c-76c1-aa51-baba7258f5bd, event: $$heatmap, properties: Object, timestamp: Tue Apr 14 2026 07:15:41 GMT+0530 (India Standard Time)} @ webpack-internal:///(app-pages-browser)/../../node_modules/.pnpm/posthog-js@1.364.7/node_modules/posthog-js/dist/module.js:22
[ 7813092ms] [LOG] [PostHog.js] send "$$heatmap" {uuid: 019d89ad-545c-7e91-8c8d-ceb1f128a405, event: $$heatmap, properties: Object, timestamp: Tue Apr 14 2026 07:18:51 GMT+0530 (India Standard Time)} @ webpack-internal:///(app-pages-browser)/../../node_modules/.pnpm/posthog-js@1.364.7/node_modules/posthog-js/dist/module.js:22
